date,open,high,low,close,adj_close,volume
2015-01-02,27.8475,27.8600,26.8375,27.3325,24.1926,212818400
2015-01-05,27.0725,27.1625,26.3525,26.5625,23.5111,257142000
2015-01-06,26.6350,26.8575,26.1575,26.5650,23.5133,263188400
2015-01-07,26.8000,27.0500,26.6750,26.9375,23.8430,160423600
2015-01-08,27.3075,28.0375,27.1750,27.9725,24.7591,237458000
2015-01-09,28.1675,28.3125,27.5525,28.0025,24.7856,214798000
2015-01-12,28.1500,28.1575,27.2000,27.3125,24.1749,198603200
2015-01-13,27.8575,28.2000,27.2275,27.5550,24.3895,268367600
2015-01-14,27.2600,27.6225,27.1250,27.4500,24.2966,195826400
2015-01-15,27.5000,27.5150,26.6650,26.7050,23.6372,240056000
2015-01-16,26.7575,26.8950,26.3000,26.4975,23.4535,314053200
2015-01-20,26.9600,27.2425,26.6250,27.1800,24.0576,199599600
2015-01-21,27.2375,27.7650,27.0675,27.3875,24.2413,194303600
2015-01-22,27.5650,28.1175,27.4300,28.1000,24.8719,215185600
2015-01-23,28.0750,28.4375,27.8825,28.2450,25.0003,185859200
2015-01-26,28.4350,28.5900,28.2000,28.2750,25.0268,222460000
2015-01-27,28.1050,28.1200,27.2575,27.2850,24.1506,382274800
2015-01-28,29.4075,29.5300,28.8275,28.8275,25.5159,585908400
2015-01-29,29.0800,29.7975,28.8900,29.7250,26.3103,337745600
2015-01-30,29.6000,30.0000,29.2125,29.2900,25.9252,334982000
2015-02-02,29.5125,29.7925,29.0200,29.6575,26.2505,250956400
2015-02-03,29.6250,29.7725,29.4025,29.6625,26.2549,207662800
2015-02-04,29.6250,30.1275,29.5775,29.8900,26.4563,280598800
2015-02-05,30.0050,30.0575,29.8125,29.9850,26.6451,168984800
2015-02-06,30.0050,30.0625,29.6125,29.7325,26.4208,174826400
2015-02-09,29.6375,29.9600,29.6075,29.9300,26.5963,155559200
2015-02-10,30.0425,30.5375,30.0400,30.5050,27.1072,248034000
2015-02-11,30.6925,31.2300,30.6250,31.2200,27.7426,294247200
2015-02-12,31.5150,31.8700,31.3925,31.6150,28.0936,297898000
2015-02-13,31.8200,31.8200,31.4125,31.7700,28.2313,217088800
2015-02-17,31.8725,32.2200,31.7300,31.9575,28.3979,252609600
2015-02-18,31.9075,32.1950,31.8625,32.1800,28.5956,179566800
2015-02-19,32.1200,32.2575,32.0825,32.1125,28.5357,149449600
2015-02-20,32.1550,32.3750,32.0125,32.3750,28.7689,195793600
2015-02-23,32.5050,33.2500,32.4150,33.2500,29.5465,283896400
2015-02-24,33.2350,33.4000,32.7925,33.0425,29.3621,276912400
2015-02-25,32.8900,32.9000,32.0375,32.1975,28.6112,298846800
2015-02-26,32.1975,32.7175,31.6525,32.6050,28.9733,365150000
2015-02-27,32.5000,32.6425,32.0600,32.1150,28.5379,248059200
2015-03-02,32.3125,32.5700,32.0750,32.2725,28.6778,192386800
2015-03-03,32.2400,32.3800,32.0225,32.3400,28.7378,151265200
2015-03-04,32.2750,32.3900,32.0800,32.1350,28.5557,126665200
2015-03-05,32.1450,32.1875,31.4400,31.6025,28.0825,226068400
2015-03-06,32.1000,32.3425,31.5650,31.6500,28.1247,291368400
2015-03-09,31.9900,32.3925,31.2650,31.7850,28.2446,354114000
2015-03-10,31.6025,31.8050,30.9500,31.1275,27.6604,275426400
2015-03-11,31.1875,31.1925,30.5275,30.5600,27.1561,275756000
2015-03-12,30.5775,31.2250,30.4075,31.1125,27.6471,193450800
2015-03-13,31.1000,31.3500,30.6450,30.8975,27.4560,207309200
2015-03-16,30.9700,31.2375,30.7175,31.2375,27.7581,143497200
2015-03-17,31.4750,31.8300,31.4125,31.7600,28.2224,204092400
2015-03-18,31.7500,32.2900,31.5925,32.1175,28.5401,261083600
2015-03-19,32.1875,32.3125,31.8500,31.8750,28.3246,183238000
2015-03-20,32.0625,32.1000,31.2900,31.4750,27.9692,274780400
2015-03-23,31.7800,31.9625,31.6300,31.8025,28.2602,150838800
2015-03-24,31.8075,32.0100,31.6400,31.6725,28.1447,131369200
2015-03-25,31.6350,31.7050,30.8450,30.8450,27.4093,206620800
2015-03-26,30.6900,31.2200,30.6500,31.0600,27.6004,190291600
2015-03-27,31.1425,31.1750,30.7275,30.8125,27.3805,158184800
2015-03-30,31.0125,31.6000,31.0000,31.5925,28.0736,188398800
2015-03-31,31.5225,31.6225,31.0900,31.1075,27.6426,168362400
2015-04-01,31.2050,31.2800,30.7750,31.0625,27.6026,162485600
2015-04-02,31.2575,31.3900,31.0475,31.3300,27.8403,128880400
2015-04-06,31.1175,31.8775,31.0825,31.8375,28.2913,148776000
2015-04-07,31.9100,32.0300,31.4950,31.5025,27.9936,140049200
2015-04-08,31.4625,31.6000,31.2425,31.4000,27.9025,149316800
2015-04-09,31.4625,31.6450,31.1650,31.6400,28.1158,129936000
2015-04-10,31.4875,31.8025,31.3150,31.7750,28.2358,160752000
2015-04-13,32.0925,32.1425,31.6525,31.7125,28.1802,145460400
2015-04-14,31.7500,31.8225,31.4775,31.5750,28.0580,102098400
2015-04-15,31.6025,31.7825,31.5025,31.6950,28.1647,115881600
2015-04-16,31.5700,31.7750,31.5275,31.5425,28.0292,113476000
2015-04-17,31.3875,31.5350,31.1150,31.1875,27.7137,207828000
2015-04-20,31.3925,32.0300,31.2925,31.9000,28.3468,188217200
2015-04-21,32.0250,32.0500,31.6675,31.7275,28.1935,129740400
2015-04-22,31.7475,32.2175,31.5800,32.1550,28.5734,150618000
2015-04-23,32.0750,32.6050,32.0350,32.4175,28.8067,183083600
2015-04-24,32.6225,32.6575,32.3075,32.5700,28.9422,178103600
2015-04-27,33.0775,33.2825,32.7875,33.1625,29.4687,387816800
2015-04-28,33.6150,33.6350,32.3925,32.6400,29.0044,475696000
2015-04-29,32.5400,32.8975,32.0750,32.1600,28.5779,253544400
2015-04-30,32.1600,32.1600,31.1450,31.2875,27.8026,332781600
2015-05-01,31.5250,32.5325,31.3250,32.2375,28.6467,234050400
2015-05-04,32.3750,32.6425,32.0650,32.1750,28.5912,203953200
2015-05-05,32.0375,32.1125,31.4450,31.4500,27.9470,197085600
2015-05-06,31.6400,31.6875,30.8400,31.2525,27.7715,288564000
2015-05-07,31.1925,31.5200,31.0050,31.3150,27.9432,175763600
2015-05-08,31.6700,31.9050,31.5275,31.9050,28.4697,222201600
2015-05-11,31.8475,31.8900,31.4075,31.5800,28.1797,168143200
2015-05-12,31.4000,31.7200,31.2050,31.4675,28.0793,192640000
2015-05-13,31.5375,31.7975,31.4675,31.5025,28.1105,138776800
2015-05-14,31.8525,32.2375,31.7900,32.2375,28.7664,180814000
2015-05-15,32.2675,32.3725,32.0525,32.1925,28.7262,152832000
2015-05-18,32.0950,32.6800,32.0900,32.5475,29.0430,203531600
2015-05-19,32.6725,32.7200,32.4100,32.5175,29.0163,178532800
2015-05-20,32.5000,32.7450,32.3350,32.5150,29.0140,145819600
2015-05-21,32.5175,32.9075,32.4575,32.8475,29.3107,158921600
2015-05-22,32.9000,33.2425,32.8500,33.1350,29.5673,182384000
2015-05-26,33.1500,33.2275,32.2800,32.4050,28.9159,282790400
2015-05-27,32.5850,33.0650,32.5125,33.0100,29.4557,183332800
2015-05-28,32.9650,32.9875,32.7750,32.9450,29.3977,122933200
2015-05-29,32.8075,32.8625,32.4750,32.5700,29.0631,203538000
2015-06-01,32.5700,32.8475,32.5125,32.6350,29.1211,128451200
2015-06-02,32.4650,32.6650,32.3300,32.4900,28.9917,134670400
2015-06-03,32.6650,32.7350,32.4750,32.5300,29.0274,123934000
2015-06-04,32.3950,32.6450,32.2275,32.3400,28.8579,153800400
2015-06-05,32.3750,32.4225,32.0900,32.1625,28.6995,142507200
2015-06-08,32.2250,32.3025,31.7075,31.9500,28.5099,210699200
2015-06-09,31.6750,32.0200,31.4050,31.8550,28.4251,224301600
2015-06-10,31.9800,32.3350,31.9625,32.2200,28.7508,156349200
2015-06-11,32.2950,32.5450,32.1200,32.1475,28.6861,141563600
2015-06-12,32.0475,32.0825,31.7775,31.7925,28.3693,147544800
2015-06-15,31.5250,31.8100,31.4275,31.7300,28.3135,175955600
2015-06-16,31.7575,31.9625,31.5925,31.9000,28.4652,125976400
2015-06-17,31.9300,31.9700,31.6850,31.8250,28.3983,131672400
2015-06-18,31.8075,32.0775,31.8050,31.9700,28.5277,141628800
2015-06-19,31.9275,31.9550,31.6000,31.6500,28.2422,218867600
2015-06-22,31.8725,32.0150,31.7700,31.9025,28.4675,136157200
2015-06-23,31.8700,31.9025,31.7200,31.7575,28.3381,121075600
2015-06-24,31.8025,32.4500,31.7800,32.0275,28.5790,221123600
2015-06-25,32.2150,32.3000,31.8750,31.8750,28.4429,127752400
2015-06-26,31.9175,31.9975,31.6275,31.6875,28.2756,176267200
2015-06-29,31.3650,31.6175,31.1200,31.1325,27.7804,196645600
2015-06-30,31.3925,31.5300,31.2150,31.3575,27.9812,177482800
2015-07-01,31.7250,31.7350,31.4975,31.6500,28.2422,120955200
2015-07-02,31.6075,31.6725,31.4425,31.6100,28.2065,108844000
2015-07-06,31.2350,31.5575,31.2125,31.5000,28.1083,112241600
2015-07-07,31.4725,31.5375,30.9425,31.4225,28.0392,187787200
2015-07-08,31.1200,31.1600,30.6350,30.6425,27.3431,243046400
2015-07-09,30.9625,31.0150,29.8050,30.0175,26.7854,314380000
2015-07-10,30.4850,30.9625,30.3025,30.8200,27.5015,245418000
2015-07-13,31.2575,31.4400,31.0800,31.4150,28.0325,165762000
2015-07-14,31.5100,31.5925,31.2600,31.4025,28.0213,127072400
2015-07-15,31.4300,31.7875,31.3950,31.7050,28.2912,134596800
2015-07-16,31.9350,32.1425,31.8375,32.1275,28.6682,144889600
2015-07-17,32.2700,32.4050,32.0775,32.4050,28.9159,184658800
2015-07-20,32.7425,33.2425,32.6750,33.0175,29.4624,235600800
2015-07-21,33.2125,33.2300,32.5800,32.6875,29.1680,307025600
2015-07-22,30.4975,31.3750,30.4975,31.3050,27.9343,461802400
2015-07-23,31.5500,31.7725,31.2650,31.2900,27.9209,203998000
2015-07-24,31.3300,31.4350,30.9750,31.1250,27.7737,168649200
2015-07-27,30.7725,30.9025,30.5300,30.6925,27.3878,177822000
2015-07-28,30.8450,30.9775,30.6375,30.8450,27.5238,134472400
2015-07-29,30.7875,30.8750,30.5675,30.7475,27.4368,148046800
2015-07-30,30.5800,30.6425,30.4275,30.5925,27.2985,134513200
2015-07-31,30.6500,30.6600,30.2275,30.3250,27.0598,171540000
2015-08-03,30.3750,30.6425,29.3800,29.6100,26.4218,279904000
2015-08-04,29.3550,29.4250,28.3125,28.6600,25.5741,496554400
2015-08-05,28.2375,29.3600,28.0250,28.8500,25.7436,397250400
2015-08-06,28.9925,29.1250,28.5300,28.7825,25.7997,211612000
2015-08-07,28.6450,29.0625,28.6250,28.8800,25.8871,154681600
2015-08-10,29.1325,29.9975,29.1325,29.9300,26.8282,219806400
2015-08-11,29.4525,29.5450,28.3325,28.3725,25.4322,388331200
2015-08-12,28.1325,28.8550,27.4075,28.8100,25.8243,404870000
2015-08-13,29.0100,29.1000,28.6350,28.7875,25.8041,194143200
2015-08-14,28.5800,29.0775,28.5025,28.9900,25.9857,171718000
2015-08-17,29.0100,29.4125,28.8750,29.2900,26.2546,163538800
2015-08-18,29.1075,29.3600,29.0025,29.1250,26.1067,138242800
2015-08-19,29.0250,29.1300,28.6700,28.7525,25.7728,193146000
2015-08-20,28.5200,28.5875,27.9075,28.1625,25.2439,274006400
2015-08-21,27.6075,27.9750,26.4125,26.4400,23.6999,513102000
2015-08-24,23.7175,27.2000,23.0000,25.7800,23.1083,648825200
2015-08-25,27.7775,27.7775,25.8750,25.9350,23.2473,414406400
2015-08-26,26.7725,27.4725,26.2625,27.4225,24.5806,387098400
2015-08-27,28.0575,28.3100,27.5050,28.2300,25.3044,338464400
2015-08-28,28.0425,28.3275,27.8850,28.3225,25.3873,212657600
2015-08-31,28.0075,28.6325,28.0000,28.1900,25.2686,224917200
2015-09-01,27.5375,27.9700,26.8400,26.9300,24.1391,307383600
2015-09-02,27.5575,28.0850,27.2825,28.0850,25.1745,247555200
2015-09-03,28.1225,28.1950,27.5100,27.5925,24.7330,212935600
2015-09-04,27.2425,27.6125,27.1275,27.3175,24.4865,199985200
2015-09-08,27.9375,28.1400,27.5800,28.0775,25.1677,219374400
2015-09-09,28.4400,28.5050,27.4425,27.5375,24.6837,340043200
2015-09-10,27.5675,28.3200,27.4750,28.1425,25.2260,251571200
2015-09-11,27.9475,28.5525,27.9400,28.5525,25.5935,199662000
2015-09-14,29.1450,29.2225,28.7150,28.8275,25.8400,233453600
2015-09-15,28.9825,29.1325,28.6050,29.0700,26.0574,173364800
2015-09-16,29.0625,29.1350,28.8600,29.1025,26.0865,148694000
2015-09-17,28.9150,29.1225,28.4300,28.4800,25.5285,256450400
2015-09-18,28.0525,28.5750,27.9675,28.3625,25.4232,297141200
2015-09-21,28.4175,28.8425,28.4150,28.8025,25.8176,200888000
2015-09-22,28.3450,28.5450,28.1300,28.3500,25.4120,201384800
2015-09-23,28.4075,28.6800,28.3250,28.5800,25.6181,143026800
2015-09-24,28.3125,28.8750,28.0925,28.7500,25.7705,200878000
2015-09-25,29.1100,29.1725,28.5050,28.6775,25.7055,224607600
2015-09-28,28.4625,28.6425,28.1100,28.1100,25.1969,208436000
2015-09-29,28.2075,28.3775,26.9650,27.2650,24.4394,293461600
2015-09-30,27.5425,27.8850,27.1825,27.5750,24.7173,265892000
2015-10-01,27.2675,27.4050,26.8275,27.3950,24.5560,255716400
2015-10-02,27.0025,27.7525,26.8875,27.5950,24.7352,232079200
2015-10-05,27.4700,27.8425,27.2675,27.6950,24.8249,208258800
2015-10-06,27.6575,27.9350,27.4425,27.8275,24.9436,192787200
2015-10-07,27.9350,27.9425,27.3525,27.6950,24.8249,187062400
2015-10-08,27.5475,27.5475,27.0525,27.3750,24.5380,247918400
2015-10-09,27.5000,28.0700,27.3725,28.0300,25.1251,211064400
2015-10-12,28.1825,28.1875,27.8600,27.9000,25.0086,121868800
2015-10-13,27.7050,28.1125,27.6700,27.9475,25.0512,132197200
2015-10-14,27.8225,27.8800,27.3900,27.5525,24.6971,177849600
2015-10-15,27.7325,28.0250,27.6225,27.9650,25.0669,150694000
2015-10-16,27.9450,28.0000,27.6325,27.7600,24.8831,156930400
2015-10-19,27.7000,27.9375,27.5275,27.9325,25.0378,119036800
2015-10-20,27.8350,28.5425,27.7050,28.4425,25.4949,195871200
2015-10-21,28.5000,28.8950,28.4250,28.4400,25.4927,167180800
2015-10-22,28.5825,28.8750,28.5250,28.8750,25.8826,166616400
2015-10-23,29.1750,29.8075,29.0825,29.7700,26.6848,237467600
2015-10-26,29.5200,29.5325,28.7300,28.8200,25.8333,265335200
2015-10-27,28.8500,29.1350,28.4975,28.6375,25.6697,279537600
2015-10-28,29.2325,29.8250,29.0150,29.8175,26.7274,342205600
2015-10-29,29.6750,30.1725,29.5675,30.1325,27.0098,204909200
2015-10-30,30.2475,30.3050,29.8625,29.8750,26.7789,197461200
2015-11-02,30.2000,30.3400,29.9025,30.2950,27.1554,128813200
2015-11-03,30.1975,30.8725,30.1750,30.6425,27.4669,182076000
2015-11-04,30.7825,30.9550,30.4050,30.5000,27.3392,179544400
2015-11-05,30.4625,30.6725,30.0450,30.2300,27.2131,158210800
2015-11-06,30.2775,30.4525,30.1550,30.2650,27.2447,132169200
2015-11-09,30.2400,30.4525,30.0125,30.1425,27.1344,135485600
2015-11-10,29.2250,29.5175,29.0150,29.1925,26.2792,236511600
2015-11-11,29.0925,29.3550,28.8025,29.0275,26.1306,180872000
2015-11-12,29.0650,29.2050,28.9125,28.9300,26.0429,130102400
2015-11-13,28.8000,28.8925,28.0675,28.0850,25.2822,183249600
2015-11-16,27.8450,28.5600,27.7500,28.5450,25.6963,152426800
2015-11-17,28.7300,28.7625,28.3300,28.4225,25.5860,110467600
2015-11-18,28.9400,29.3725,28.8750,29.3225,26.3962,186698800
2015-11-19,29.4100,29.9375,29.1900,29.6950,26.7315,173183200
2015-11-20,29.8000,29.9800,29.7125,29.8250,26.8486,137148400
2015-11-23,29.8175,29.9325,29.3350,29.4375,26.4997,129930000
2015-11-24,29.3325,29.8375,29.2800,29.7200,26.7540,171212800
2015-11-25,29.8025,29.8075,29.4800,29.5075,26.5627,85553200
2015-11-27,29.5725,29.6025,29.4000,29.4525,26.5132,52185600
2015-11-30,29.4975,29.8525,29.4375,29.5750,26.6235,156721200
2015-12-01,29.6875,29.7025,29.2150,29.3350,26.4075,139409600
2015-12-02,29.3350,29.5275,29.0200,29.0700,26.1689,133546400
2015-12-03,29.1375,29.1975,28.5550,28.8000,25.9259,166278000
2015-12-04,28.8225,29.8125,28.7775,29.7575,26.7878,231108000
2015-12-07,29.7450,29.9650,29.4525,29.5700,26.6190,128336800
2015-12-08,29.3800,29.6500,29.2150,29.5575,26.6078,137238000
2015-12-09,29.4100,29.4225,28.7700,28.9050,26.0204,185445600
2015-12-10,29.0100,29.2350,28.8775,29.0425,26.1441,116850800
2015-12-11,28.7975,28.8475,28.2125,28.2950,25.4713,187544800
2015-12-14,28.0450,28.1700,27.4475,28.1200,25.3137,257274800
2015-12-15,27.9850,28.2000,27.5875,27.6225,24.8659,213292400
2015-12-16,27.7675,27.9975,27.2000,27.8350,25.0572,224954000
2015-12-17,28.0050,28.0625,27.2450,27.2450,24.5260,179091200
2015-12-18,27.2275,27.3800,26.4525,26.5075,23.8621,385813200
2015-12-21,26.8200,26.8425,26.3925,26.8325,24.1547,190362400
2015-12-22,26.8500,26.9300,26.6125,26.8075,24.1322,131157600
2015-12-23,26.8175,27.2125,26.8000,27.1525,24.4428,130629600
2015-12-24,27.2500,27.2500,26.9875,27.0075,24.3122,54281600
2015-12-28,26.8975,26.9225,26.5450,26.7050,24.0399,106816800
2015-12-29,26.7400,27.3575,26.7150,27.1850,24.4720,123724800
2015-12-30,27.1450,27.1750,26.7950,26.8300,24.1525,100855200
2015-12-31,26.7525,26.7575,26.2050,26.3150,23.6888,163649200
2016-01-04,25.6525,26.3425,25.5000,26.3375,23.7091,270597600
2016-01-05,26.4375,26.4625,25.6025,25.6775,23.1150,223164000
2016-01-06,25.1400,25.5925,24.9675,25.1750,22.6626,273829600
2016-01-07,24.6700,25.0325,24.1075,24.1125,21.7062,324377600
2016-01-08,24.6375,24.7775,24.1900,24.2400,21.8209,283192000
2016-01-11,24.7425,24.7650,24.3350,24.6325,22.1743,198957600
2016-01-12,25.1375,25.1725,24.7100,24.9900,22.4961,196616800
2016-01-13,25.0800,25.2975,24.3250,24.3475,21.9177,249758400
2016-01-14,24.4900,25.1200,23.9350,24.8800,22.3971,252680400
2016-01-15,24.0500,24.4275,23.8400,24.2825,21.8592,319335600
2016-01-19,24.6025,24.6625,23.8750,24.1650,21.7534,212350800
2016-01-20,23.7750,24.5475,23.3550,24.1975,21.7827,289337600
2016-01-21,24.2650,24.4700,23.7350,24.0750,21.6724,208646000
2016-01-22,24.6575,25.3650,24.5925,25.3550,22.8247,263202000
2016-01-25,25.3800,25.3825,24.8025,24.8600,22.3791,207178000
2016-01-26,24.9825,25.2200,24.5175,24.9975,22.5028,300308000
2016-01-27,24.0100,24.1575,23.3350,23.3550,21.0243,533478800
2016-01-28,23.4475,23.6300,23.0975,23.5225,21.1750,222715200
2016-01-29,23.6975,24.3350,23.5875,24.3350,21.9064,257666000
2016-02-01,24.1175,24.1775,23.8500,24.1075,21.7016,163774000
2016-02-02,23.8550,24.0100,23.5700,23.6200,21.2628,149428800
2016-02-03,23.7500,24.2100,23.5200,24.0875,21.6836,183857200
2016-02-04,23.9650,24.3325,23.7975,24.1500,21.8579,185886800
2016-02-05,24.1300,24.2300,23.4225,23.5050,21.2741,185672400
2016-02-08,23.2825,23.9250,23.2600,23.7525,21.4981,216085600
2016-02-09,23.5725,23.9850,23.4825,23.7475,21.4936,177324800
2016-02-10,23.9800,24.0875,23.5250,23.5675,21.3307,169374400
2016-02-11,23.4475,23.6800,23.1475,23.4250,21.2017,200298800
2016-02-12,23.5475,23.6250,23.2525,23.4975,21.2673,161405600
2016-02-16,23.7550,24.2125,23.6525,24.1600,21.8669,196231600
2016-02-17,24.1675,24.5525,24.0375,24.5300,22.2018,179452800
2016-02-18,24.7100,24.7225,24.0225,24.0650,21.7809,156084000
2016-02-19,24.0000,24.1900,23.9500,24.0100,21.7312,141496800
2016-02-22,24.0775,24.2250,23.9800,24.2200,21.9212,137123200
2016-02-23,24.1000,24.1250,23.6375,23.6725,21.4257,127770400
2016-02-24,23.4950,24.0950,23.3300,24.0250,21.7447,145022800
2016-02-25,24.0125,24.1900,23.8125,24.1900,21.8941,110330800
2016-02-26,24.3000,24.5050,24.1450,24.2275,21.9280,115964400
2016-02-29,24.2150,24.5575,24.1625,24.1725,21.8782,140865200
2016-03-01,24.4125,25.1925,24.3550,25.1325,22.7471,201628400
2016-03-02,25.1275,25.2225,24.9100,25.1875,22.7969,132678400
2016-03-03,25.1450,25.4275,25.1125,25.3750,22.9666,147822800
2016-03-04,25.5925,25.9375,25.3425,25.7525,23.3083,184220400
2016-03-07,25.5975,25.7075,25.2400,25.4675,23.0503,143315600
2016-03-08,25.1950,25.4400,25.1000,25.2575,22.8603,126247600
2016-03-09,25.3275,25.3950,25.0675,25.2800,22.8806,108806800
2016-03-10,25.3525,25.5600,25.0375,25.2925,22.8919,134054400
2016-03-11,25.5600,25.5700,25.3750,25.5650,23.1386,109632800
2016-03-14,25.4775,25.7275,25.4450,25.6300,23.1974,100304400
2016-03-15,25.9900,26.2950,25.9625,26.1450,23.6635,160270800
2016-03-16,26.1525,26.5775,26.1475,26.4925,23.9780,153214000
2016-03-17,26.3800,26.6175,26.2400,26.4500,23.9396,137682800
2016-03-18,26.5850,26.6250,26.2975,26.4800,23.9667,176820800
2016-03-21,26.4825,26.9125,26.2850,26.4775,23.9645,142010800
2016-03-22,26.3125,26.8225,26.3025,26.6800,24.1477,129777600
2016-03-23,26.6200,26.7675,26.4750,26.5325,24.0142,102814000
2016-03-24,26.3675,26.5625,26.2225,26.4175,23.9102,104532000
2016-03-28,26.5000,26.5475,26.2650,26.2975,23.8015,77645600
2016-03-29,26.2225,26.9475,26.2200,26.9200,24.3650,124760400
2016-03-30,27.1625,27.6050,27.1500,27.3900,24.7904,182404400
2016-03-31,27.4300,27.4750,27.2200,27.2475,24.6614,103553600
2016-04-01,27.1950,27.5000,27.0500,27.4975,24.8877,103496000
2016-04-04,27.6050,28.0475,27.5675,27.7800,25.1433,149424800
2016-04-05,27.3775,27.6825,27.3550,27.4525,24.8469,106314800
2016-04-06,27.5575,27.7450,27.3000,27.7400,25.1071,105616400
2016-04-07,27.4875,27.6050,27.0300,27.1350,24.5596,127207600
2016-04-08,27.2275,27.4425,27.0425,27.1650,24.5867,94326800
2016-04-11,27.2425,27.6525,27.2075,27.2550,24.6682,117630000
2016-04-12,27.3350,27.6250,27.1650,27.6100,24.9895,108929200
2016-04-13,27.7000,28.0850,27.7000,28.0100,25.3515,133029200
2016-04-14,27.9050,28.0975,27.8325,28.0250,25.3651,101895600
2016-04-15,28.0275,28.0750,27.4325,27.4625,24.8560,187756000
2016-04-18,27.2225,27.2375,26.7350,26.8700,24.3197,243286000
2016-04-19,26.9700,27.0000,26.5575,26.7275,24.1907,129539600
2016-04-20,26.6600,27.0225,26.5150,26.7825,24.2405,122444000
2016-04-21,26.7325,26.7325,26.3800,26.4925,23.9780,126210000
2016-04-22,26.2525,26.6200,26.1550,26.4200,23.9124,134732400
2016-04-25,26.2500,26.4125,26.1275,26.2700,23.7767,112126400
2016-04-26,25.9775,26.3250,25.9775,26.0875,23.6115,224064800
2016-04-27,24.0000,24.6775,23.9200,24.4550,22.1339,458408400
2016-04-28,24.4025,24.4700,23.5625,23.7075,21.4574,328970800
2016-04-29,23.4975,23.6800,23.1275,23.4350,21.2107,274126000
2016-05-02,23.4925,23.5200,23.1000,23.4100,21.1881,192640400
2016-05-03,23.5500,23.9350,23.4200,23.7950,21.5366,227325200
2016-05-04,23.8000,23.9750,23.4550,23.5475,21.3126,164102000
2016-05-05,23.5000,23.5175,23.1700,23.3100,21.2260,143562000
2016-05-06,23.3425,23.3625,22.9625,23.1800,21.1077,174799600
2016-05-09,23.2500,23.4425,23.1475,23.1975,21.1236,131745600
2016-05-10,23.3325,23.3925,23.0275,23.3550,21.2670,134747200
2016-05-11,23.3700,23.3925,23.1150,23.1275,21.0599,114876400
2016-05-12,23.1800,23.1950,22.3675,22.5850,20.5659,305258800
2016-05-13,22.5000,22.9175,22.5000,22.6300,20.6068,177571200
2016-05-16,23.0975,23.5975,22.9125,23.4700,21.3717,245039200
2016-05-17,23.6375,23.6750,23.2525,23.3725,21.2830,187667600
2016-05-18,23.5400,23.8025,23.4725,23.6400,21.5266,168249600
2016-05-19,23.6600,23.6600,23.3925,23.5500,21.4446,121768400
2016-05-20,23.6600,23.8575,23.6300,23.8050,21.6768,128104000
2016-05-23,23.9675,24.2975,23.9175,24.1075,21.9523,152074400
2016-05-24,24.3050,24.5225,24.2100,24.4750,22.2869,140560800
2016-05-25,24.6675,24.9350,24.5275,24.9050,22.6785,152675200
2016-05-26,24.9200,25.1825,24.6600,25.1025,22.8583,225324800
2016-05-27,24.8600,25.1175,24.8125,25.0875,22.8446,145364800
2016-05-31,24.9000,25.1000,24.7050,24.9650,22.7331,169228800
2016-06-01,24.7550,24.8850,24.5825,24.6150,22.4144,116693200
2016-06-02,24.4000,24.4600,24.1575,24.4300,22.2459,160766400
2016-06-03,24.4475,24.5675,24.3625,24.4800,22.2914,114019600
2016-06-06,24.4975,25.4725,24.3875,24.6575,22.4531,93170000
2016-06-07,24.8125,24.9675,24.7400,24.7575,22.5441,89638000
2016-06-08,24.7550,24.8900,24.6700,24.7350,22.5237,83392400
2016-06-09,24.6250,24.9975,24.6150,24.9125,22.6853,106405600
2016-06-10,24.6325,24.8375,24.6200,24.7075,22.4986,126851600
2016-06-13,24.6725,24.7800,24.2750,24.3350,22.1594,152082000
2016-06-14,24.3300,24.6200,24.1875,24.3650,22.1867,127727600
2016-06-15,24.4550,24.6025,24.2575,24.2850,22.1139,117780800
2016-06-16,24.1125,24.4375,24.0175,24.3875,22.2072,125307200
2016-06-17,24.1550,24.1625,23.8250,23.8325,21.7018,244032800
2016-06-20,24.0000,24.1425,23.7575,23.7750,21.6495,137647600
2016-06-21,23.7350,24.0875,23.6700,23.9775,21.8339,142185600
2016-06-22,24.0625,24.2225,23.8375,23.8875,21.7519,116876400
2016-06-23,23.9850,24.0725,23.8125,24.0250,21.8771,128960800
2016-06-24,23.2275,23.6650,23.1625,23.3500,21.2625,301245600
2016-06-27,23.2500,23.2625,22.8750,23.0100,20.9529,181958400
2016-06-28,23.2250,23.4150,23.0350,23.3975,21.3057,161779600
2016-06-29,23.4925,23.6375,23.4075,23.6000,21.4901,146124000
2016-06-30,23.6100,23.9425,23.5750,23.9000,21.7633,143345600
2016-07-01,23.8725,24.1175,23.8325,23.9725,21.8293,104106000
2016-07-05,23.8475,23.8500,23.6150,23.7475,21.6244,110820800
2016-07-06,23.6500,23.9150,23.5925,23.8825,21.7474,123796400
2016-07-07,23.9250,24.1250,23.9050,23.9850,21.8407,100558400
2016-07-08,24.1225,24.2225,24.0125,24.1700,22.0092,115648400
2016-07-11,24.1875,24.4125,24.1825,24.2450,22.0775,95179600
2016-07-12,24.2925,24.4250,24.2800,24.3550,22.1776,96670000
2016-07-13,24.3525,24.4175,24.2100,24.2175,22.0524,103568800
2016-07-14,24.3475,24.7475,24.3300,24.6975,22.4895,155676000
2016-07-15,24.7300,24.8250,24.6250,24.6950,22.4872,120548000
2016-07-18,24.6750,25.0325,24.6500,24.9575,22.7263,145975600
2016-07-19,24.8900,25.0000,24.8350,24.9675,22.7354,95119600
2016-07-20,25.0000,25.1150,24.9350,24.9900,22.7559,105104000
2016-07-21,24.9575,25.2500,24.7825,24.8575,22.6352,130808000
2016-07-22,24.8150,24.8250,24.5775,24.6650,22.4599,113254800
2016-07-25,24.5625,24.7100,24.2300,24.3350,22.1594,161531600
2016-07-26,24.2050,24.4925,24.1050,24.1675,22.0069,224959200
2016-07-27,26.0675,26.0875,25.6875,25.7375,23.4365,369379200
2016-07-28,25.7075,26.1125,25.7050,26.0850,23.7530,159479200
2016-07-29,26.0475,26.1375,25.9200,26.0525,23.7234,110934800
2016-08-01,26.1025,26.5375,26.1025,26.5125,24.1422,152671600
2016-08-02,26.5125,26.5175,26.0000,26.1200,23.7848,135266400
2016-08-03,26.2025,26.4600,26.1925,26.4475,24.0831,120810400
2016-08-04,26.3950,26.5000,26.3200,26.4675,24.2318,109634800
2016-08-05,26.5675,26.9125,26.5450,26.8700,24.6003,162213600
2016-08-08,26.8800,27.0925,26.7900,27.0925,24.8040,112148800
2016-08-09,27.0575,27.2350,27.0025,27.2025,24.9047,105260800
2016-08-10,27.1775,27.2250,26.9400,27.0000,24.7193,96034000
2016-08-11,27.1300,27.2325,26.9625,26.9825,24.7033,109938000
2016-08-12,26.9450,27.1100,26.9450,27.0450,24.7605,74641600
2016-08-15,27.0350,27.3850,27.0200,27.3700,25.0581,103472800
2016-08-16,27.4075,27.5575,27.3025,27.3450,25.0352,135177600
2016-08-17,27.2750,27.3425,27.0850,27.3050,24.9986,101424000
2016-08-18,27.3075,27.4000,27.2550,27.2700,24.9665,87938800
2016-08-19,27.1925,27.4225,27.0900,27.3400,25.0306,101472400
2016-08-22,27.2150,27.2750,26.9625,27.1275,24.8361,103280800
2016-08-23,27.1475,27.3300,27.1325,27.2125,24.9139,85030800
2016-08-24,27.1425,27.1875,26.9200,27.0075,24.7262,94700400
2016-08-25,26.8475,26.9700,26.6700,26.8925,24.6209,100344800
2016-08-26,26.8525,26.9875,26.5775,26.7350,24.4767,111065200
2016-08-29,26.6550,26.8600,26.5725,26.7050,24.4493,99881200
2016-08-30,26.4500,26.6250,26.3750,26.5000,24.2616,99455600
2016-08-31,26.4150,26.6425,26.4100,26.5250,24.2845,118649600
2016-09-01,26.5350,26.7000,26.4050,26.6825,24.4287,106806000
2016-09-02,26.9250,27.0000,26.7050,26.9325,24.6576,107210000
2016-09-06,26.9750,27.0750,26.8775,26.9250,24.6507,107521600
2016-09-07,26.9575,27.1900,26.7675,27.0900,24.8017,169457200
2016-09-08,26.8125,26.8175,26.3100,26.3800,24.1517,212008000
2016-09-09,26.1600,26.4300,25.7825,25.7825,23.6047,186228000
2016-09-12,25.6625,26.4300,25.6325,26.3600,24.1334,181171200
2016-09-13,26.8775,27.1975,26.8100,26.9875,24.7079,248704800
2016-09-14,27.1825,28.2575,27.1500,27.9425,25.5822,443554800
2016-09-15,28.4650,28.9325,28.3725,28.8925,26.4520,359934400
2016-09-16,28.7800,29.0325,28.5100,28.7300,26.3032,319547600
2016-09-19,28.7975,29.0450,28.3125,28.3950,25.9965,188092000
2016-09-20,28.2625,28.5300,28.1275,28.3925,25.9942,138057200
2016-09-21,28.4625,28.4975,28.1100,28.3875,25.9896,144012800
2016-09-22,28.5875,28.7350,28.5000,28.6550,26.2346,124296000
2016-09-23,28.6050,28.6975,27.8875,28.1775,25.7974,209924800
2016-09-26,27.9100,28.3475,27.8875,28.2200,25.8363,119477600
2016-09-27,28.2500,28.2950,28.0850,28.2725,25.8844,98429600
2016-09-28,28.4225,28.6600,28.3575,28.4875,26.0812,118564400
2016-09-29,28.2900,28.4500,27.9500,28.0450,25.6761,143548000
2016-09-30,28.1150,28.3425,27.9500,28.2625,25.8752,145516400
2016-10-03,28.1775,28.2625,28.0700,28.1300,25.7539,86807200
2016-10-04,28.2650,28.5775,28.1575,28.2500,25.8638,118947200
2016-10-05,28.3500,28.4150,28.1725,28.2625,25.8752,85812400
2016-10-06,28.4250,28.5850,28.2825,28.4725,26.0675,115117200
2016-10-07,28.5775,28.6400,28.3775,28.5150,26.1064,97433600
2016-10-10,28.7550,29.1875,28.6800,29.0125,26.5619,144944000
2016-10-11,29.4250,29.6725,29.0500,29.0750,26.6191,256164000
2016-10-12,29.3375,29.4950,29.1875,29.3350,26.8571,150347200
2016-10-13,29.1975,29.3600,28.9300,29.2450,26.7747,140769600
2016-10-14,29.4700,29.5425,29.2825,29.4075,26.9235,142608800
2016-10-17,29.3325,29.4600,29.1950,29.3875,26.9052,94499600
2016-10-18,29.5450,29.5525,29.3625,29.3675,26.8869,98214000
2016-10-19,29.3125,29.4400,28.4500,29.2800,26.8068,80138400
2016-10-20,29.2150,29.3450,29.0825,29.2650,26.7930,96503200
2016-10-21,29.2025,29.2275,29.0700,29.1500,26.6877,92770800
2016-10-24,29.2750,29.4350,29.2500,29.4125,26.9281,94154800
2016-10-25,29.4875,29.5900,29.3275,29.5625,27.0654,192516000
2016-10-26,28.5775,28.9250,28.3275,28.8975,26.4566,264536800
2016-10-27,28.8475,28.9650,28.5250,28.6200,26.2025,138248000
2016-10-28,28.4675,28.8025,28.3625,28.4300,26.0286,151446800
2016-10-31,28.4125,28.5575,28.3000,28.3850,25.9874,105677600
2016-11-01,28.3650,28.4425,27.6325,27.8725,25.5182,175303200
2016-11-02,27.8500,28.0875,27.8075,27.8975,25.5410,113326800
2016-11-03,27.7450,27.8650,27.3875,27.4575,25.2673,107730400
2016-11-04,27.1325,27.5625,27.0275,27.2100,25.0395,123348000
2016-11-07,27.5200,27.6275,27.3650,27.6025,25.4007,130240000
2016-11-08,27.5775,27.9300,27.4250,27.7650,25.5502,97016800
2016-11-09,27.4700,27.8300,27.0125,27.7200,25.5088,236705600
2016-11-10,27.7725,27.7725,26.4575,26.9475,24.7979,228538000
2016-11-11,26.7800,27.2175,26.6375,27.1075,24.9452,136575600
2016-11-14,26.9275,26.9525,26.0200,26.4275,24.3194,204702000
2016-11-15,26.6425,26.9200,26.5400,26.7775,24.6415,129058000
2016-11-16,26.6750,27.5575,26.6500,27.4975,25.3041,235362000
2016-11-17,27.4525,27.5875,27.2075,27.4875,25.2949,110528000
2016-11-18,27.4300,27.6350,27.4150,27.5150,25.3202,113715600
2016-11-21,27.5300,27.9975,27.5025,27.9325,25.7044,117058400
2016-11-22,27.9875,28.1050,27.8500,27.9500,25.7205,103862000
2016-11-23,27.8400,27.8775,27.5825,27.8075,25.5893,109705600
2016-11-25,27.7825,27.9675,27.7375,27.9475,25.7182,45903600
2016-11-28,27.8575,28.1175,27.8475,27.8925,25.6676,108776000
2016-11-29,27.6950,28.0075,27.5175,27.8650,25.6423,114115200
2016-11-30,27.9000,28.0500,27.5675,27.6300,25.4260,144649200
2016-12-01,27.5925,27.7350,27.2575,27.3725,25.1891,148347600
2016-12-02,27.2925,27.5225,27.2125,27.4750,25.2834,106112000
2016-12-05,27.5000,27.5075,27.0625,27.2775,25.1016,137298000
2016-12-06,27.3750,27.5900,27.2975,27.4875,25.2949,104782000
2016-12-07,27.3150,27.7975,27.2900,27.7575,25.5433,119994800
2016-12-08,27.7150,28.1075,27.6500,28.0300,25.7941,108273200
2016-12-09,28.0775,28.6750,28.0775,28.4875,26.2151,137610400
2016-12-12,28.3225,28.7500,28.1225,28.3250,26.0656,105497600
2016-12-13,28.4600,28.9800,28.4375,28.7975,26.5004,174935200
2016-12-14,28.7600,29.0500,28.7450,28.7975,26.5004,136127200
2016-12-15,28.8450,29.1825,28.8075,28.9550,26.6453,186098000
2016-12-16,29.1175,29.1250,28.9125,28.9925,26.6798,177404400
2016-12-19,28.9500,29.3450,28.9375,29.1600,26.8340,111117600
2016-12-20,29.1850,29.3750,29.1700,29.2375,26.9053,85700000
2016-12-21,29.2000,29.3500,29.1950,29.2650,26.9306,95132800
2016-12-22,29.0875,29.1275,28.9100,29.0725,26.7534,104343600
2016-12-23,28.8975,29.1300,28.8975,29.1300,26.8064,56998000
2016-12-27,29.1300,29.4500,29.1225,29.3150,26.9766,73187600
2016-12-28,29.3800,29.5050,29.0500,29.1900,26.8616,83623600
2016-12-29,29.1125,29.2775,29.1000,29.1825,26.8547,60158000
2016-12-30,29.1625,29.3000,28.8575,28.9550,26.6453,122345200
2017-01-03,28.9500,29.0825,28.6900,29.0375,26.7212,115127600
2017-01-04,28.9625,29.1275,28.9375,29.0050,26.6913,84472400
2017-01-05,28.9800,29.2150,28.9525,29.1525,26.8271,88774400
2017-01-06,29.1950,29.5400,29.1175,29.4775,27.1261,127007600
2017-01-09,29.4875,29.8575,29.4850,29.7475,27.3746,134247600
2017-01-10,29.6925,29.8450,29.5750,29.7775,27.4022,97848400
2017-01-11,29.6850,29.9825,29.6500,29.9375,27.5494,110354400
2017-01-12,29.7250,29.8250,29.5525,29.8125,27.4344,108344800
2017-01-13,29.7775,29.9050,29.7025,29.7600,27.3861,104447600
2017-01-17,29.5850,30.0600,29.5550,30.0000,27.6070,137759200
2017-01-18,30.0000,30.1250,29.9275,29.9975,27.6047,94852000
2017-01-19,29.8500,30.0225,29.8425,29.9450,27.5563,102389200
2017-01-20,30.1125,30.1125,29.9325,30.0000,27.6070,130391600
2017-01-23,30.0000,30.2025,29.9425,30.0200,27.6254,88200800
2017-01-24,29.8875,30.0250,29.8750,29.9925,27.6001,92844000
2017-01-25,30.1050,30.5250,30.0700,30.4700,28.0395,129510400
2017-01-26,30.4175,30.6100,30.4000,30.4850,28.0533,105350400
2017-01-27,30.5350,30.5875,30.4000,30.4875,28.0556,82251600
2017-01-30,30.2325,30.4075,30.1650,30.4075,27.9820,121510000
2017-01-31,30.2875,30.3475,30.1550,30.3375,27.9175,196804000
2017-02-01,31.7575,32.6225,31.7525,32.1875,29.6200,447940000
2017-02-02,31.9950,32.3475,31.9450,32.1325,29.5693,134841600
2017-02-03,32.0775,32.2975,32.0400,32.2700,29.6959,98029200
2017-02-06,32.2825,32.6250,32.2250,32.5725,29.9742,107383600
2017-02-07,32.6350,33.0225,32.6125,32.8825,30.2595,152735200
2017-02-08,32.8375,33.0550,32.8050,33.0100,30.3769,92016400
2017-02-09,32.9125,33.1125,32.7800,33.1050,30.5964,113399600
2017-02-10,33.1150,33.2350,33.0125,33.0300,30.5270,80262000
2017-02-13,33.2700,33.4550,33.1875,33.3225,30.7974,92141600
2017-02-14,33.3675,33.7725,33.3125,33.7550,31.1971,132904800
2017-02-15,33.8800,34.0675,33.6550,33.8775,31.3103,142492400
2017-02-16,33.9175,33.9750,33.7100,33.8375,31.2734,90338400
2017-02-17,33.7750,33.9575,33.7750,33.9300,31.3589,88792800
2017-02-21,34.0575,34.1875,33.9950,34.1750,31.5853,98028800
2017-02-22,34.1075,34.2800,34.0275,34.2775,31.6800,83347600
2017-02-23,34.3450,34.3700,34.0750,34.1325,31.5460,83152800
2017-02-24,33.9775,34.1650,33.8200,34.1650,31.5760,87106400
2017-02-27,34.2850,34.3600,34.0700,34.2325,31.6384,81029600
2017-02-28,34.2700,34.3600,34.1750,34.2475,31.6523,93931600
2017-03-01,34.4725,35.0375,34.4000,34.9475,32.2992,145658400
2017-03-02,35.0000,35.0700,34.6900,34.7400,32.1075,104844000
2017-03-03,34.6950,34.9575,34.6475,34.9450,32.2969,84432400
2017-03-06,34.8425,34.9425,34.6500,34.8350,32.1953,87000000
2017-03-07,34.7650,34.9950,34.6975,34.8800,32.2369,69785200
2017-03-08,34.7375,34.9500,34.7050,34.7500,32.1167,74828800
2017-03-09,34.6850,34.6975,34.2625,34.6700,32.0428,88623600
2017-03-10,34.8125,34.8400,34.6600,34.7850,32.1491,78451200
2017-03-13,34.7125,34.8575,34.7050,34.8000,32.1629,69686800
2017-03-14,34.8250,34.9125,34.7100,34.7475,32.1144,61236400
2017-03-15,34.8525,35.1875,34.7575,35.1150,32.4540,102767200
2017-03-16,35.1800,35.2550,35.0650,35.1725,32.5072,76928000
2017-03-17,35.2500,35.2500,34.9725,34.9975,32.3455,175540000
2017-03-20,35.1000,35.3750,35.0575,35.3650,32.6851,86168000
2017-03-21,35.5275,35.7000,34.9325,34.9600,32.3108,158119600
2017-03-22,34.9625,35.4000,34.9400,35.3550,32.6759,103440800
2017-03-23,35.3150,35.3950,35.1525,35.2300,32.5603,81385200
2017-03-24,35.3750,35.4350,35.0875,35.1600,32.4956,89582400
2017-03-27,34.8475,35.3050,34.6550,35.2200,32.5511,94300400
2017-03-28,35.2275,36.0100,35.1550,35.9500,33.2258,133499200
2017-03-29,35.9200,36.1225,35.7975,36.0300,33.2997,116760000
2017-03-30,36.0475,36.1250,35.8750,35.9825,33.2558,84829200
2017-03-31,35.9300,36.0675,35.7525,35.9150,33.1934,78646800
2017-04-03,35.9275,36.0300,35.7625,35.9250,33.2027,79942800
2017-04-04,35.8125,36.2225,35.7925,36.1925,33.4499,79565600
2017-04-05,36.0550,36.3650,35.9525,36.0050,33.2766,110871600
2017-04-06,36.0725,36.1300,35.8625,35.9150,33.1934,84596000
2017-04-07,35.9325,36.0450,35.8175,35.8350,33.1195,66688800
2017-04-10,35.9000,35.9700,35.7250,35.7925,33.0802,75733600
2017-04-11,35.7350,35.8375,35.0150,35.4075,32.7244,121517600
2017-04-12,35.4000,35.5375,35.2525,35.4500,32.7637,81400000
2017-04-13,35.4775,35.5950,35.2625,35.2625,32.5904,71291600
2017-04-17,35.3700,35.4700,35.2175,35.4575,32.7706,66328400
2017-04-18,35.3525,35.5100,35.2775,35.3000,32.6250,58790000
2017-04-19,35.4700,35.5000,35.1125,35.1700,32.5049,69313600
2017-04-20,35.3050,35.7300,35.2900,35.6100,32.9115,93278400
2017-04-21,35.6100,35.6700,35.4625,35.5675,32.8723,69283600
2017-04-24,35.8750,35.9875,35.7950,35.9100,33.1888,68537200
2017-04-25,35.9775,36.2250,35.9675,36.1325,33.3944,75486000
2017-04-26,36.1175,36.1500,35.8450,35.9200,33.1980,80164800
2017-04-27,35.9800,36.0400,35.8275,35.9475,33.2235,56985200
2017-04-28,36.0225,36.0750,35.8175,35.9125,33.1911,83441600
2017-05-01,36.2750,36.8000,36.2400,36.6450,33.8681,134411600
2017-05-02,36.8850,37.0225,36.7100,36.8775,34.0830,181408800
2017-05-03,36.3975,36.8725,36.0675,36.7650,33.9790,182788000
2017-05-04,36.6300,36.7850,36.4525,36.6325,33.8566,93487600
2017-05-05,36.6900,37.2450,36.6900,37.2400,34.4180,109310800
2017-05-08,37.2575,38.4250,37.2575,38.2525,35.3538,195009600
2017-05-09,38.4675,38.7200,38.3625,38.4975,35.5802,156521600
2017-05-10,38.4075,38.4850,38.0275,38.3150,35.4116,103222800
2017-05-11,38.1125,38.5175,38.0775,38.4875,35.7178,109020400
2017-05-12,38.6750,39.1050,38.6675,39.0250,36.2166,130108000
2017-05-15,39.0025,39.1625,38.7625,38.9250,36.1238,104038800
2017-05-16,38.9850,39.0150,38.6800,38.8675,36.0705,80194000
2017-05-17,38.4000,38.6425,37.4275,37.5625,34.8594,203070800
2017-05-18,37.8175,38.3350,37.7825,38.1350,35.3907,134272800
2017-05-19,38.3450,38.4950,38.1575,38.2650,35.5113,107843200
2017-05-22,38.5000,38.6450,38.2275,38.4975,35.7271,91865600
2017-05-23,38.7250,38.7250,38.3275,38.4500,35.6830,79675600
2017-05-24,38.4600,38.5425,38.1675,38.3350,35.5763,76712000
2017-05-25,38.4325,38.5875,38.2575,38.4675,35.6992,76942400
2017-05-26,38.5000,38.5600,38.3275,38.4025,35.6389,87710400
2017-05-30,38.3550,38.6075,38.3325,38.4175,35.6528,80507600
2017-05-31,38.4925,38.5425,38.0950,38.1900,35.4417,97804800
2017-06-01,38.2925,38.3325,38.0550,38.2950,35.5392,65616400
2017-06-02,38.3950,38.8625,38.2225,38.8625,36.0658,111082800
2017-06-05,38.5850,38.6125,38.3650,38.4825,35.7132,101326800
2017-06-06,38.4750,38.9525,38.4450,38.6125,35.8338,106499600
2017-06-07,38.7550,38.9950,38.6200,38.8425,36.0473,84278400
2017-06-08,38.8125,38.8850,38.6000,38.7475,35.9591,85003200
2017-06-09,38.7975,38.7975,36.5050,37.2450,34.5647,259530800
2017-06-12,36.4350,36.5225,35.6275,36.3550,33.7388,289229200
2017-06-13,36.7900,36.8625,36.2875,36.6475,34.0102,136661600
2017-06-14,36.8750,36.8750,35.9600,36.2900,33.6785,126124800
2017-06-15,35.8300,36.1200,35.5525,36.0725,33.4766,128661600
2017-06-16,35.9450,36.1250,35.5500,35.5675,33.0079,201444400
2017-06-19,35.9150,36.6850,35.9150,36.5850,33.9522,130165600
2017-06-20,36.7175,36.7175,36.2350,36.2525,33.6436,99600400
2017-06-21,36.3800,36.5175,36.1525,36.4675,33.8432,85063200
2017-06-22,36.4425,36.6750,36.2800,36.4075,33.7875,76425200
2017-06-23,36.2825,36.7900,36.2775,36.5700,33.9383,141757600
2017-06-26,36.7925,37.0700,36.3450,36.4550,33.8316,102769600
2017-06-27,36.2525,36.5400,35.9050,35.9325,33.3467,99047600
2017-06-28,36.1225,36.5275,35.7900,36.4575,33.8339,88329600
2017-06-29,36.1775,36.2825,35.5700,35.9200,33.3351,125997600
2017-06-30,36.1125,36.2400,35.9450,36.0050,33.4140,92096400
2017-07-03,36.2200,36.3250,35.7750,35.8750,33.2933,57111200
2017-07-05,35.9225,36.1975,35.6800,36.0225,33.4302,86278400
2017-07-06,35.7550,35.8750,35.6025,35.6825,33.1147,96515200
2017-07-07,35.7250,36.1875,35.7250,36.0450,33.4511,76806800
2017-07-10,36.0275,36.4875,35.8425,36.2650,33.6553,84362400
2017-07-11,36.1825,36.4625,36.0950,36.3825,33.7643,79127200
2017-07-12,36.4675,36.5450,36.2050,36.4350,33.8130,99538000
2017-07-13,36.3750,37.1225,36.3600,36.9425,34.2840,100797600
2017-07-14,36.9925,37.3325,36.8325,37.2600,34.5786,80528400
2017-07-17,37.2050,37.7250,37.1425,37.3900,34.6993,95174000
2017-07-18,37.3000,37.5325,37.1675,37.5200,34.8199,71475200
2017-07-19,37.6200,37.8550,37.4875,37.7550,35.0380,83692000
2017-07-20,37.8750,37.9350,37.5475,37.5850,34.8803,68974800
2017-07-21,37.4975,37.6100,37.2200,37.5675,34.8640,105010400
2017-07-24,37.6450,38.1100,37.4750,38.0225,35.2863,85972800
2017-07-25,37.9500,38.4600,37.9500,38.1850,35.4371,75415600
2017-07-26,38.3375,38.4825,38.2650,38.3650,35.6041,63124000
2017-07-27,38.4375,38.4975,36.8250,37.6400,34.9313,129905200
2017-07-28,37.4725,37.5575,37.2975,37.3750,34.6854,68854800
2017-07-31,37.4750,37.5825,37.0325,37.1825,34.5067,79383600
2017-08-01,37.2750,37.5550,37.1025,37.5125,34.8130,141474400
2017-08-02,39.8200,39.9375,39.0400,39.2850,36.4579,279747200
2017-08-03,39.2625,39.3025,38.7550,38.8925,36.0937,108389200
2017-08-04,39.0175,39.3500,38.9225,39.0975,36.2839,82239600
2017-08-07,39.2650,39.7300,39.1675,39.7025,36.8454,87481200
2017-08-08,39.6500,40.4575,39.5675,40.0200,37.1400,144823600
2017-08-09,39.8150,40.3175,39.7775,40.2650,37.3674,104526000
2017-08-10,39.9750,40.0000,38.6575,38.8300,36.1772,163217200
2017-08-11,39.1500,39.6425,39.0175,39.3700,36.6803,105028400
2017-08-14,39.8300,40.0525,39.6875,39.9625,37.2323,88490800
2017-08-15,40.1650,40.5500,40.0350,40.4000,37.6399,117862000
2017-08-16,40.4850,40.6275,40.0375,40.2375,37.4885,110686400
2017-08-17,40.1300,40.1775,39.4600,39.4650,36.7688,111762400
2017-08-18,39.4650,39.8750,39.1800,39.3750,36.6849,109712400
2017-08-21,39.3750,39.4725,38.7775,39.3025,36.6174,105474000
2017-08-22,39.5575,40.0000,39.5050,39.9450,37.2160,86418400
2017-08-23,39.7675,40.1175,39.7200,39.9950,37.2626,77596400
2017-08-24,40.1075,40.1850,39.6375,39.8175,37.0972,79275600
2017-08-25,39.9125,40.1400,39.8175,39.9650,37.2346,101920400
2017-08-28,40.0350,40.5000,39.9825,40.3675,37.6096,103864000
2017-08-29,40.0250,40.7800,40.0000,40.7275,37.9450,118067600
2017-08-30,40.9500,40.9725,40.6525,40.8375,38.0475,109078400
2017-08-31,40.9100,41.1300,40.8700,41.0000,38.1989,107140400
2017-09-01,41.2000,41.2350,40.9075,41.0125,38.2106,66364400
2017-09-05,40.9375,41.0625,40.1400,40.5200,37.7517,117874000
2017-09-06,40.6775,40.7475,40.1300,40.4775,37.7121,86606800
2017-09-07,40.5225,40.5600,40.0900,40.3150,37.5607,87714000
2017-09-08,40.2150,40.2875,39.6325,39.6575,36.9481,114446000
2017-09-11,40.1250,40.5125,39.9725,40.3750,37.6166,126323200
2017-09-12,40.6525,40.9900,39.6925,40.2150,37.4675,286856000
2017-09-13,39.9675,39.9900,39.4775,39.9125,37.1857,179629600
2017-09-14,39.7475,39.8500,39.5225,39.5700,36.8666,95042800
2017-09-15,39.6175,40.2425,39.5000,39.9700,37.2393,196458400
2017-09-18,40.0275,40.1250,39.5000,39.6675,36.9575,113077600
2017-09-19,39.8775,39.9425,39.6100,39.6825,36.9714,83242400
2017-09-20,39.4750,39.5650,38.4575,39.0175,36.3519,211805600
2017-09-21,38.9500,38.9500,38.1875,38.3475,35.7276,150046800
2017-09-22,37.8850,38.0675,37.6400,37.9725,35.3783,186581600
2017-09-25,37.4975,37.9575,37.2900,37.6375,35.0662,177549200
2017-09-26,37.9450,38.4800,37.9225,38.2850,35.6694,146640000
2017-09-27,38.4500,38.6800,38.3850,38.5575,35.9233,102016800
2017-09-28,38.4725,38.5700,38.1750,38.3200,35.7020,88022000
2017-09-29,38.3025,38.5325,38.0000,38.5300,35.8977,105199200
2017-10-02,38.5650,38.6125,38.1800,38.4525,35.8255,74795200
2017-10-03,38.5025,38.7725,38.4775,38.6200,35.9815,64921200
2017-10-04,38.4075,38.4650,38.1150,38.3700,35.7486,80655200
2017-10-05,38.5450,38.8600,38.5125,38.8475,36.1935,85135200
2017-10-06,38.7425,38.8725,38.6400,38.8250,36.1725,69630400
2017-10-09,38.9525,39.1825,38.8725,38.9600,36.2983,65051600
2017-10-10,39.0150,39.5000,38.7750,38.9750,36.3123,62468000
2017-10-11,38.9925,39.2450,38.9375,39.1375,36.4637,67622400
2017-10-12,39.0875,39.3425,38.9325,39.0000,36.3356,64500400
2017-10-13,39.1825,39.3200,39.1025,39.2475,36.5661,65576800
2017-10-16,39.4750,40.0000,39.4125,39.9700,37.2393,96486000
2017-10-17,39.9450,40.2175,39.8075,40.1175,37.3767,75989200
2017-10-18,40.1050,40.1775,39.9000,39.9400,37.2113,65496800
2017-10-19,39.1875,39.2700,38.7550,38.9950,36.3309,170336800
2017-10-20,39.1525,39.4375,38.9900,39.0625,36.3938,95896400
2017-10-23,39.2225,39.4225,38.8750,39.0425,36.3752,87937200
2017-10-24,39.0725,39.3550,39.0500,39.2750,36.5918,71028800
2017-10-25,39.2275,39.3875,38.8175,39.1025,36.4311,84828400
2017-10-26,39.3075,39.4575,39.1950,39.3525,36.6640,68002000
2017-10-27,39.8225,40.9000,39.6750,40.7625,37.9776,177816800
2017-10-30,40.9725,42.0175,40.9300,41.6800,38.8325,178803200
2017-10-31,41.9750,42.4125,41.7350,42.2600,39.3728,144187200
2017-11-01,42.4675,42.4850,41.4025,41.7225,38.8721,134551200
2017-11-02,41.6500,42.1250,41.3200,42.0275,39.1562,165573600
2017-11-03,43.5000,43.5650,42.7800,43.1250,40.1787,237594400
2017-11-06,43.0925,43.7475,42.9300,43.5625,40.5864,140105200
2017-11-07,43.4775,43.8125,43.4000,43.7025,40.7168,97446000
2017-11-08,43.6650,44.0600,43.5825,44.0600,41.0499,97638000
2017-11-09,43.7775,44.0250,43.2850,43.9700,40.9660,117930400
2017-11-10,43.7775,43.8450,43.5675,43.6675,40.8304,100582000
2017-11-13,43.3750,43.6250,43.3500,43.4925,40.6668,67928400
2017-11-14,43.2600,43.3700,42.7950,42.8350,40.0520,99130000
2017-11-15,42.4925,42.5800,42.0950,42.2700,39.5237,116632400
2017-11-16,42.7950,42.9675,42.5750,42.7750,39.9959,94550000
2017-11-17,42.7600,42.8475,42.4100,42.5375,39.7739,87598000
2017-11-20,42.5725,42.6400,42.3900,42.4950,39.7341,65049600
2017-11-21,42.6950,43.4250,42.6950,43.2850,40.4728,100525200
2017-11-22,43.3400,43.7500,43.2625,43.7400,40.8982,102355600
2017-11-24,43.7750,43.8750,43.6625,43.7425,40.9006,56106800
2017-11-27,43.7625,43.7700,43.3350,43.5225,40.6948,82867200
2017-11-28,43.5750,43.7175,42.9650,43.2675,40.4564,105715200
2017-11-29,43.1575,43.2300,41.7900,42.3700,39.6172,166665600
2017-11-30,42.6075,43.0350,42.1100,42.9625,40.1712,166108800
2017-12-01,42.4875,42.9175,42.1250,42.7625,39.9842,159037200
2017-12-04,43.1200,43.1550,42.4075,42.4500,39.6920,130169600
2017-12-05,42.2650,42.8800,42.1000,42.4100,39.6546,109400800
2017-12-06,41.8750,42.5500,41.6150,42.2525,39.5074,114240000
2017-12-07,42.2575,42.6100,42.2275,42.3300,39.5798,102693200
2017-12-08,42.6225,42.7500,42.2050,42.3425,39.5915,93420800
2017-12-11,42.3000,43.2225,42.1975,43.1675,40.3629,141095200
2017-12-12,43.0375,43.0975,42.8650,42.9250,40.1362,77636800
2017-12-13,43.1250,43.3850,43.0000,43.0675,40.2694,95273600
2017-12-14,43.1000,43.2825,42.9125,43.0550,40.2577,81906000
2017-12-15,43.4075,43.5425,43.1150,43.4925,40.6668,160677200
2017-12-18,43.7200,44.3000,43.7150,44.1050,41.2395,117684400
2017-12-19,43.7575,43.8475,43.5225,43.6350,40.8000,109745600
2017-12-20,43.7175,43.8550,43.3125,43.5875,40.7556,93902400
2017-12-21,43.5425,44.0050,43.5250,43.7525,40.9099,83799600
2017-12-22,43.6700,43.8550,43.6250,43.7525,40.9099,65397600
2017-12-26,42.7000,42.8675,42.4200,42.6425,39.8720,132742000
2017-12-27,42.5250,42.6950,42.4275,42.6500,39.8790,85992800
2017-12-28,42.7500,42.9625,42.6200,42.7700,39.9912,65920800
2017-12-29,42.6300,42.6475,42.3050,42.3075,39.5588,103999600
2018-01-02,42.5400,43.0750,42.3150,43.0650,40.2671,102223600
2018-01-03,43.1325,43.6375,42.9900,43.0575,40.2601,118071600
2018-01-04,43.1350,43.3675,43.0200,43.2575,40.4471,89738400
2018-01-05,43.3600,43.8425,43.2625,43.7500,40.9076,94640000
2018-01-08,43.5875,43.9025,43.4825,43.5875,40.7556,82271200
2018-01-09,43.6375,43.7650,43.3525,43.5825,40.7509,86336000
2018-01-10,43.2900,43.5750,43.2500,43.5725,40.7416,95839600
2018-01-11,43.6475,43.8725,43.6225,43.8200,40.9730,74670800
2018-01-12,44.0450,44.3400,43.9125,44.2725,41.3961,101672400
2018-01-16,44.4750,44.8475,44.0350,44.0475,41.1857,118263600
2018-01-17,44.0375,44.8125,43.7675,44.7750,41.8660,137547200
2018-01-18,44.8425,45.0250,44.5625,44.8150,41.9034,124773600
2018-01-19,44.6525,44.8950,44.3525,44.6150,41.7164,129700400
2018-01-22,44.3250,44.4450,44.1500,44.2500,41.3751,108434400
2018-01-23,44.3250,44.8600,44.2050,44.2600,41.3844,130756400
2018-01-24,44.3125,44.3250,43.3000,43.5550,40.7252,204420400
2018-01-25,43.6275,43.7375,42.6325,42.7775,39.9983,166116000
2018-01-26,43.0000,43.0000,42.5150,42.8775,40.0918,156572000
2018-01-29,42.5400,42.5400,41.7675,41.9900,39.2619,202561600
2018-01-30,41.3825,41.8425,41.1750,41.7425,39.0305,184192800
2018-01-31,41.7175,42.1100,41.6250,41.8575,39.1380,129915600
2018-02-01,41.7925,42.1550,41.6900,41.9450,39.2198,188923200
2018-02-02,41.5000,41.7000,40.0250,40.1250,37.5181,346375200
2018-02-05,39.7750,40.9700,39.0000,39.1225,36.5807,290954000
2018-02-06,38.7075,40.9300,38.5000,40.7575,38.1095,272975200
2018-02-07,40.7725,40.8500,39.7675,39.8850,37.2937,206434400
2018-02-08,40.0725,40.2500,38.7575,38.7875,36.2675,217562000
2018-02-09,39.2675,39.4725,37.5600,39.1025,36.7111,282690400
2018-02-12,39.6250,40.9725,39.3775,40.6775,38.1898,243278000
2018-02-13,40.4875,41.1875,40.4125,41.0850,38.5723,130196800
2018-02-14,40.7600,41.8850,40.7200,41.8425,39.2835,162579600
2018-02-15,42.4475,43.2725,42.2500,43.2475,40.6026,204588800
2018-02-16,43.0900,43.7050,42.9425,43.1075,40.4711,160704400
2018-02-20,43.0125,43.5650,42.8550,42.9625,40.3350,135722000
2018-02-21,43.2075,43.5300,42.7525,42.7675,40.1519,149886400
2018-02-22,42.9500,43.4875,42.9275,43.1250,40.4876,123967600
2018-02-23,43.4175,43.9125,43.3850,43.8750,41.1917,135249600
2018-02-26,44.0875,44.8475,44.0525,44.7425,42.0062,152648800
2018-02-27,44.7750,45.1200,44.5400,44.5975,41.8700,155712400
2018-02-28,44.8150,45.1550,44.5125,44.5300,41.8067,151128400
2018-03-01,44.6350,44.9450,43.1650,43.7500,41.0743,195208000
2018-03-02,43.2000,44.0750,43.1125,44.0525,41.3584,153816000
2018-03-05,43.8025,44.4350,43.6300,44.2050,41.5015,113605600
2018-03-06,44.4775,44.5625,44.0325,44.1675,41.4663,95154000
2018-03-07,43.7350,43.9625,43.5675,43.7575,41.0814,126814000
2018-03-08,43.8700,44.2800,43.7675,44.2350,41.5297,95096400
2018-03-09,44.4900,45.0000,44.3475,44.9950,42.2432,128740800
2018-03-12,45.0725,45.5975,45.0525,45.4300,42.6516,128828400
2018-03-13,45.6475,45.8750,44.8100,44.9925,42.2409,126774000
2018-03-14,45.0800,45.1300,44.4525,44.6100,41.8817,117473600
2018-03-15,44.6250,45.0600,44.5175,44.6625,41.9311,90975200
2018-03-16,44.6625,44.7800,44.4050,44.5050,41.7832,157618800
2018-03-19,44.3300,44.3675,43.4150,43.8250,41.1448,133787200
2018-03-20,43.8100,44.2000,43.7350,43.8100,41.1307,78597600
2018-03-21,43.7600,43.7725,42.8150,42.8175,40.1989,148219600
2018-03-22,42.5000,43.1700,42.1500,42.2125,39.6309,165963200
2018-03-23,42.0975,42.4800,41.2350,41.2350,38.7132,164115200
2018-03-26,42.0175,43.2750,41.6100,43.1925,40.5510,150164800
2018-03-27,43.4200,43.7875,41.7300,42.0850,39.5112,163690400
2018-03-28,41.8125,42.5050,41.2975,41.6200,39.0746,166674000
2018-03-29,41.9525,42.9375,41.7250,41.9450,39.3797,153594000
2018-04-02,41.6600,42.2350,41.1175,41.6700,39.1216,150347200
2018-04-03,41.9100,42.1875,41.2200,42.0975,39.5229,121112000
2018-04-04,41.2200,43.0025,41.1925,42.9025,40.2787,138422000
2018-04-05,43.1450,43.5575,43.0200,43.2000,40.5580,107732800
2018-04-06,42.7425,43.1200,42.0500,42.0950,39.5206,140021200
2018-04-09,42.4700,43.2725,42.4625,42.5125,39.9125,116070800
2018-04-10,43.2500,43.5000,42.8825,43.3125,40.6636,113634400
2018-04-11,43.0575,43.4800,42.9250,43.1100,40.4735,89726400
2018-04-12,43.3525,43.7500,43.2600,43.5350,40.8725,91557200
2018-04-13,43.6950,43.9600,43.4625,43.6825,41.0110,100497200
2018-04-16,43.7575,44.0475,43.7075,43.9550,41.2668,86313600
2018-04-17,44.1225,44.7350,44.1025,44.5600,41.8348,106421600
2018-04-18,44.4525,44.7050,44.2200,44.4600,41.7409,83018000
2018-04-19,43.4400,43.8475,43.1650,43.2000,40.5580,139235200
2018-04-20,42.6500,42.8050,41.3575,41.4300,38.8962,261964400
2018-04-23,41.7075,41.7300,41.0225,41.3100,38.7836,146062000
2018-04-24,41.4175,41.5825,40.3050,40.7350,38.2437,134768000
2018-04-25,40.6550,41.3550,40.6025,40.9125,38.4104,113528400
2018-04-26,41.0300,41.4325,40.8425,41.0550,38.5442,111852000
2018-04-27,41.0000,41.0825,40.1575,40.5800,38.0982,142623200
2018-04-30,40.5325,41.8150,40.4600,41.3150,38.7883,169709600
2018-05-01,41.6025,42.3000,41.3175,42.2750,39.6896,214277600
2018-05-02,43.8075,44.4375,43.4500,44.1425,41.4428,266157600
2018-05-03,43.9700,44.3750,43.6100,44.2225,41.5180,136272800
2018-05-04,44.5625,46.0625,44.5425,45.9575,43.1469,224805200
2018-05-07,46.2950,46.9175,46.1875,46.2900,43.4590,169805600
2018-05-08,46.2475,46.5550,45.9175,46.5125,43.6679,113611200
2018-05-09,46.6375,46.8500,46.3050,46.8400,43.9754,92844800
2018-05-10,46.9350,47.5925,46.9125,47.5100,44.6044,111957200
2018-05-11,47.3725,47.5150,46.8625,47.1475,44.4348,104848800
2018-05-14,47.2525,47.3825,46.9650,47.0375,44.3311,83115200
2018-05-15,46.6950,46.7675,46.2750,46.6100,43.9282,94780800
2018-05-16,46.5175,47.1150,46.5000,47.0450,44.3382,76732400
2018-05-17,47.0000,47.2275,46.5900,46.7475,44.0578,69176000
2018-05-18,46.7975,46.9525,46.5325,46.5775,43.8975,73190800
2018-05-21,47.0000,47.3175,46.7275,46.9075,44.2086,73603200
2018-05-22,47.0950,47.2200,46.6950,46.7900,44.0978,60962800
2018-05-23,46.5875,47.1250,46.4400,47.0900,44.3806,80233600
2018-05-24,47.1925,47.2100,46.5525,47.0375,44.3311,92936000
2018-05-25,47.0575,47.4125,46.9125,47.1450,44.4324,69844000
2018-05-29,46.9000,47.1875,46.7175,46.9750,44.2722,90056400
2018-05-30,46.9300,47.0000,46.6950,46.8750,44.1779,74762000
2018-05-31,46.8050,47.0575,46.5350,46.7175,44.0295,109931200
2018-06-01,46.9975,47.5650,46.9375,47.5600,44.8235,93770000
2018-06-04,47.9100,48.3550,47.8375,47.9575,45.1982,105064800
2018-06-05,48.2675,48.4850,48.0900,48.3275,45.5469,86264000
2018-06-06,48.4075,48.5200,47.9800,48.4950,45.7047,83734400
2018-06-07,48.5350,48.5500,48.0850,48.3650,45.5822,85388800
2018-06-08,47.7925,48.0000,47.4425,47.9250,45.1675,106627200
2018-06-11,47.8375,47.9925,47.5525,47.8075,45.0568,73234000
2018-06-12,47.8475,48.1525,47.7875,48.0700,45.3042,67644400
2018-06-13,48.1050,48.2200,47.6100,47.6750,44.9319,86553600
2018-06-14,47.8875,47.8925,47.5550,47.7000,44.9555,86440400
2018-06-15,47.5075,47.5400,47.0650,47.2100,44.4937,246876800
2018-06-18,46.9700,47.3050,46.8000,47.1850,44.4701,73939600
2018-06-19,46.2850,46.5825,45.8625,46.4225,43.7515,134314000
2018-06-20,46.5875,46.8000,46.4325,46.6250,43.9423,82514800
2018-06-21,46.8125,47.0875,46.2350,46.3650,43.6973,102847600
2018-06-22,46.5300,46.5375,46.1750,46.2300,43.5700,108801600
2018-06-25,45.8500,46.2300,45.1825,45.5425,42.9221,126652400
2018-06-26,45.7475,46.6325,45.6350,46.1075,43.4546,98276800
2018-06-27,46.3075,46.8200,46.0075,46.0400,43.3910,101141200
2018-06-28,46.0250,46.5525,45.9500,46.3750,43.7067,69460800
2018-06-29,46.5725,46.7975,45.7275,46.2775,43.6148,90950800
2018-07-02,45.9550,46.8250,45.8550,46.7950,44.1025,70925200
2018-07-03,46.9475,46.9875,45.8850,45.9800,43.3344,55819200
2018-07-05,46.3150,46.6025,46.0700,46.3500,43.6831,66416800
2018-07-06,46.3550,47.1075,46.3000,46.9925,44.2887,69940800
2018-07-09,47.3750,47.6700,47.3250,47.6450,44.9036,79026400
2018-07-10,47.6775,47.8200,47.5450,47.5875,44.8494,63756400
2018-07-11,47.1250,47.4450,46.9025,46.9700,44.2675,75326000
2018-07-12,47.3825,47.8525,47.3275,47.7575,45.0097,72164400
2018-07-13,47.7700,47.9600,47.7250,47.8325,45.0804,50055600
2018-07-16,47.8800,48.1625,47.6050,47.7275,44.9814,60172400
2018-07-17,47.4375,47.9675,47.3000,47.8625,45.1086,62138000
2018-07-18,47.9450,47.9500,47.4825,47.6000,44.8612,65573600
2018-07-19,47.4225,48.1375,47.4225,47.9700,45.2099,81147200
2018-07-20,47.9450,48.1075,47.5425,47.8600,45.1063,82704800
2018-07-23,47.6700,47.9900,47.3900,47.9025,45.1463,63957600
2018-07-24,48.1125,48.4150,48.0125,48.2500,45.4738,74791600
2018-07-25,48.2650,48.7125,48.1075,48.7050,45.9027,66839600
2018-07-26,48.6525,48.9900,48.4025,48.5525,45.7589,76304000
2018-07-27,48.7475,48.7975,47.5250,47.7450,44.9979,96096000
2018-07-30,47.9750,48.0500,47.2675,47.4775,44.7458,84118000
2018-07-31,47.5750,48.0350,47.3350,47.5725,44.8353,157492000
2018-08-01,49.7825,50.4400,49.3275,50.3750,47.4766,271742800
2018-08-02,50.1450,52.0950,50.0875,51.8475,48.8643,249616000
2018-08-03,51.7575,52.1850,51.3700,51.9975,49.0057,133789600
2018-08-06,52.0000,52.3125,51.7675,52.2675,49.2602,101701600
2018-08-07,52.3300,52.3750,51.6900,51.7775,48.7984,102349600
2018-08-08,51.5125,51.9525,51.1300,51.8125,48.8313,90102000
2018-08-09,52.3825,52.4450,51.8000,52.2200,49.2154,93970400
2018-08-10,51.8400,52.2750,51.6675,51.8825,49.0688,98444800
2018-08-13,52.3275,52.7375,51.9250,52.2175,49.3856,103563600
2018-08-14,52.5400,52.6400,52.0650,52.4375,49.5937,82992000
2018-08-15,52.3050,52.6850,52.0825,52.5600,49.7096,115230400
2018-08-16,52.9375,53.4525,52.8675,53.3300,50.4378,114001600
2018-08-17,53.3600,54.4875,53.2900,54.3950,51.4450,141708000
2018-08-20,54.5250,54.7950,53.7775,53.8650,50.9438,121150800
2018-08-21,54.2000,54.2975,53.5075,53.7600,50.8445,104639200
2018-08-22,53.5250,54.0900,53.4600,53.7625,50.8469,76072400
2018-08-23,53.6625,54.2625,53.6500,53.8725,50.9509,75532800
2018-08-24,54.1500,54.2250,53.7775,54.0400,51.1093,73905600
2018-08-27,54.2875,54.6850,54.0825,54.4850,51.5302,82100400
2018-08-28,54.7525,55.1350,54.7300,54.9250,51.9463,91107200
2018-08-29,55.0375,55.8725,54.8525,55.7450,52.7218,109019200
2018-08-30,55.8125,57.0650,55.6000,56.2575,53.2066,195175200
2018-08-31,56.6275,57.2175,56.5000,56.9075,53.8213,173360400
2018-09-04,57.1025,57.2950,56.6575,57.0900,53.9939,109560400
2018-09-05,57.2475,57.4175,56.2750,56.7175,53.6416,133332000
2018-09-06,56.5575,56.8375,55.3250,55.7750,52.7502,137160000
2018-09-07,55.4625,56.3425,55.1775,55.3250,52.3246,150479200
2018-09-10,55.2375,55.4625,54.1175,54.5825,51.6224,158066000
2018-09-11,54.5025,56.0750,54.1400,55.9625,52.9275,142996000
2018-09-12,56.2350,56.2500,54.9600,55.2675,52.2702,197114800
2018-09-13,55.8800,57.0875,55.6425,56.6025,53.5328,166825600
2018-09-14,56.4375,56.7100,55.6300,55.9600,52.9252,127997200
2018-09-17,55.5375,55.7375,54.3175,54.4700,51.5160,148780400
2018-09-18,54.4475,55.4625,54.2800,54.5600,51.6011,126286800
2018-09-19,54.6250,54.9050,53.8250,54.5925,51.6318,108495200
2018-09-20,55.0600,55.5700,54.7875,55.0075,52.0243,106435200
2018-09-21,55.1950,55.3400,54.3225,54.4150,51.4640,384986800
2018-09-24,54.2050,55.3150,54.1575,55.1975,52.2040,110773600
2018-09-25,54.9375,55.7050,54.9250,55.5475,52.5351,98217600
2018-09-26,55.2500,55.9375,54.9400,55.1050,52.1166,95938800
2018-09-27,55.9550,56.6100,55.8850,56.2375,53.1876,120724800
2018-09-28,56.1975,56.4600,56.0050,56.4350,53.3744,91717600
2018-10-01,56.9875,57.3550,56.5875,56.8150,53.7338,94403200
2018-10-02,56.8125,57.5000,56.6575,57.3200,54.2114,99152800
2018-10-03,57.5125,58.3675,57.4450,58.0175,54.8711,114619200
2018-10-04,57.6950,58.0875,56.6825,56.9975,53.9064,128168000
2018-10-05,56.9900,57.1025,55.1450,56.0725,53.0316,134322000
2018-10-08,55.5525,56.2000,55.0500,55.9425,52.9086,118655600
2018-10-09,55.9100,56.8175,55.5625,56.7175,53.6416,107564000
2018-10-10,56.3650,56.5875,54.0125,54.0900,51.1566,167962400
2018-10-11,53.6300,54.8750,53.0800,53.6125,50.7050,212497600
2018-10-12,55.1050,55.7200,54.2100,55.5275,52.5161,161351600
2018-10-15,55.2900,55.4575,54.3175,54.3400,51.3930,123164000
2018-10-16,54.7325,55.7475,54.1900,55.5375,52.5256,116736000
2018-10-17,55.5750,55.6600,54.8350,55.2975,52.2986,91541600
2018-10-18,54.4650,54.9350,53.2500,54.0050,51.0762,130325200
2018-10-19,54.5150,55.3150,54.3575,54.8275,51.8541,132314800
2018-10-22,54.9475,55.8400,54.7350,55.1625,52.1709,115168400
2018-10-23,53.9575,55.8125,53.6750,55.6825,52.6627,155071200
2018-10-24,55.6500,56.0575,53.6350,53.7725,50.8563,163702000
2018-10-25,54.4275,55.3450,54.1875,54.9500,51.9700,119423200
2018-10-26,53.9750,55.0475,53.1675,54.0750,51.1424,189033600
2018-10-29,54.7975,54.9225,51.5225,53.0600,50.1824,183742000
2018-10-30,52.7875,53.7950,52.3175,53.3250,50.4331,146640000
2018-10-31,54.2200,55.1125,54.1550,54.7150,51.7477,153435600
2018-11-01,54.7625,55.5900,54.2025,55.5550,52.5421,233292800
2018-11-02,52.3875,53.4125,51.3575,51.8700,49.0570,365314800
2018-11-05,51.0750,51.0975,49.5425,50.3975,47.6643,264654800
2018-11-06,50.4800,51.1800,50.4225,50.9425,48.1798,127531600
2018-11-07,51.4925,52.5150,51.0325,52.4875,49.6410,133697600
2018-11-08,52.4950,52.5300,51.6875,52.1225,49.4678,101450400
2018-11-09,51.3875,51.5025,50.5625,51.1175,48.5140,137463200
2018-11-12,49.7500,49.9625,48.4475,48.5425,46.0701,204542000
2018-11-13,47.9075,49.2950,47.8625,48.0575,45.6098,187531600
2018-11-14,48.4750,48.6200,46.4825,46.7000,44.3215,243204000
2018-11-15,47.0975,47.9925,46.7250,47.8525,45.4153,185915200
2018-11-16,47.6250,48.7425,47.3650,48.3825,45.9183,147713200
2018-11-19,47.5000,47.6750,46.2475,46.4650,44.0984,167701200
2018-11-20,44.5925,45.3675,43.8775,44.2450,41.9915,271300800
2018-11-21,44.9325,45.0675,44.1375,44.1950,41.9441,124496800
2018-11-23,43.7350,44.1500,43.0250,43.0725,40.8787,94496000
2018-11-26,43.5600,43.7375,42.5650,43.6550,41.4316,179994000
2018-11-27,42.8775,43.6925,42.7200,43.5600,41.3414,165549600
2018-11-28,44.1825,45.3225,43.7325,45.2350,42.9311,184250000
2018-11-29,45.6650,45.7000,44.4250,44.8875,42.6013,167080000
2018-11-30,45.0725,45.0825,44.2575,44.6450,42.3711,158126000
2018-12-03,46.1150,46.2350,45.3025,46.2050,43.8517,163210000
2018-12-04,45.2375,45.5975,44.0675,44.1725,41.9227,165377200
2018-12-06,42.9400,43.6950,42.6050,43.6800,41.4553,172393600
2018-12-07,43.3725,43.6225,42.0750,42.1225,39.9771,169126400
2018-12-10,41.2500,42.5225,40.8325,42.4000,40.2405,248104000
2018-12-11,42.9150,42.9475,41.7500,42.1575,40.0103,189126800
2018-12-12,42.6000,42.9800,42.2550,42.2750,40.1218,142510800
2018-12-13,42.6225,43.1425,42.3875,42.7375,40.5608,127594400
2018-12-14,42.2500,42.2700,41.3200,41.3700,39.2630,162814800
2018-12-17,41.3625,42.0875,40.6825,40.9850,38.8975,177151600
2018-12-18,41.3450,41.8825,41.0975,41.5175,39.4029,135366000
2018-12-19,41.5000,41.8625,39.7725,40.2225,38.1739,196189200
2018-12-20,40.1000,40.5275,38.8250,39.2075,37.2106,259092000
2018-12-21,39.2150,39.5400,37.4075,37.6825,35.7632,382978400
2018-12-24,37.0375,37.8875,36.6475,36.7075,34.8379,148676800
2018-12-26,37.0750,39.3075,36.6800,39.2925,37.2912,234330000
2018-12-27,38.9600,39.1925,37.5175,39.0375,37.0492,212468400
2018-12-28,39.3750,39.6300,38.6375,39.0575,37.0682,169165600
2018-12-31,39.6325,39.8400,39.1200,39.4350,37.4265,140014000
2019-01-02,38.7225,39.7125,38.5575,39.4800,37.4692,148158800
2019-01-03,35.9950,36.4300,35.5000,35.5475,33.7370,365248800
2019-01-04,36.1325,37.1375,35.9500,37.0650,35.1772,234428400
2019-01-07,37.1750,37.2075,36.4750,36.9825,35.0989,219111200
2019-01-08,37.3900,37.9550,37.1300,37.6875,35.7680,164101200
2019-01-09,37.8225,38.6325,37.4075,38.3275,36.3754,180396400
2019-01-10,38.1250,38.4925,37.7150,38.4500,36.4917,143122800
2019-01-11,38.2200,38.4250,37.8775,38.0725,36.1334,108092800
2019-01-14,37.7125,37.8175,37.3050,37.5000,35.5901,129756800
2019-01-15,37.5675,38.3475,37.5125,38.2675,36.3185,114843600
2019-01-16,38.2700,38.9700,38.2500,38.7350,36.7621,122278800
2019-01-17,38.5500,39.4150,38.3150,38.9650,36.9804,119284800
2019-01-18,39.3750,39.4700,38.9950,39.2050,37.2082,135004000
2019-01-22,39.1025,39.1825,38.1550,38.3250,36.3730,121576000
2019-01-23,38.5375,38.7850,37.9250,38.4800,36.5201,92522400
2019-01-24,38.5275,38.6200,37.9350,38.1750,36.2307,101766000
2019-01-25,38.8700,39.5325,38.5800,39.4400,37.4312,134142000
2019-01-28,38.9475,39.0825,38.4150,39.0750,37.0848,104768400
2019-01-29,39.0625,39.5325,38.5275,38.6700,36.7005,166348800
2019-01-30,40.8125,41.5375,40.0575,41.3125,39.2084,244439200
2019-01-31,41.5275,42.2500,41.1400,41.6100,39.4907,162958400
2019-02-01,41.7400,42.2450,41.4825,41.6300,39.5097,130672400
2019-02-04,41.8525,42.9150,41.8200,42.8125,40.6320,125982000
2019-02-05,43.2150,43.7700,43.0875,43.5450,41.3272,144406400
2019-02-06,43.6625,43.8925,43.2125,43.5600,41.3414,112958400
2019-02-07,43.1000,43.4850,42.5850,42.7350,40.5584,126966800
2019-02-08,42.2475,42.6650,42.1050,42.6025,40.6061,95280000
2019-02-11,42.7625,42.8025,42.3125,42.3575,40.3726,83973600
2019-02-12,42.5250,42.7500,42.4250,42.7225,40.7204,89134000
2019-02-13,42.8475,43.1200,42.4800,42.5450,40.5513,89960800
2019-02-14,42.4275,42.8150,42.3450,42.7000,40.6990,87342800
2019-02-15,42.8125,42.9250,42.4375,42.6050,40.6085,98507200
2019-02-19,42.4275,42.8600,42.3725,42.7325,40.7300,75891200
2019-02-20,42.7975,43.3300,42.7475,43.0075,40.9921,104457600
2019-02-21,42.9500,43.0925,42.5750,42.7650,40.7610,68998800
2019-02-22,42.8950,43.2500,42.8450,43.2425,41.2161,75652800
2019-02-25,43.5400,43.9675,43.4875,43.5575,41.5163,87493600
2019-02-26,43.4275,43.8250,43.2925,43.5825,41.5401,68280800
2019-02-27,43.3025,43.7500,43.1825,43.7175,41.6688,111341600
2019-02-28,43.5800,43.7275,43.2300,43.2875,41.2590,112861600
2019-03-01,43.5700,43.7875,43.2225,43.7425,41.6926,103544800
2019-03-04,43.9225,44.4375,43.4925,43.9625,41.9023,109744800
2019-03-05,43.9850,44.0000,43.6350,43.8825,41.8261,78949600
2019-03-06,43.6675,43.8725,43.4850,43.6300,41.5854,83241600
2019-03-07,43.4675,43.6100,43.0050,43.1250,41.1041,99185600
2019-03-08,42.5800,43.2675,42.3750,43.2275,41.2018,95997600
2019-03-11,43.8725,44.7800,43.8375,44.7250,42.6291,128044000
2019-03-12,45.0000,45.6675,44.8425,45.2275,43.1081,129870400
2019-03-13,45.5625,45.8250,45.2300,45.4275,43.2987,124130000
2019-03-14,45.9750,46.0250,45.6400,45.9325,43.7800,94318000
2019-03-15,46.2125,46.8325,45.9350,46.5300,44.3495,156171600
2019-03-18,46.4500,47.0975,46.4475,47.0050,44.8023,104879200
2019-03-19,47.0875,47.2475,46.4800,46.6325,44.4472,126585600
2019-03-20,46.5575,47.3725,46.1825,47.0400,44.8356,124140800
2019-03-21,47.5050,49.0825,47.4525,48.7725,46.4869,204136800
2019-03-22,48.8350,49.4225,47.6950,47.7625,45.5243,169630800
2019-03-25,47.8775,47.9950,46.6500,47.1850,44.9738,175381200
2019-03-26,47.9150,48.2200,46.1450,46.6975,44.5092,199202000
2019-03-27,47.1875,47.4400,46.6375,47.1175,44.9095,119393600
2019-03-28,47.2375,47.3900,46.8825,47.1800,44.9691,83121600
2019-03-29,47.4575,47.5200,47.1350,47.4875,45.2622,94256000
2019-04-01,47.9100,47.9200,47.0950,47.8100,45.5695,111448000
2019-04-02,47.7725,48.6150,47.7625,48.5050,46.2320,91062800
2019-04-03,48.3125,49.1250,48.2875,48.8375,46.5489,93087200
2019-04-04,48.6975,49.0925,48.2850,48.9225,46.6299,76457200
2019-04-05,49.1125,49.2750,48.9825,49.2500,46.9421,74106400
2019-04-08,49.1050,50.0575,49.0850,50.0250,47.6807,103526800
2019-04-09,50.0800,50.7125,49.8075,49.8750,47.5378,143072800
2019-04-10,49.6700,50.1850,49.5450,50.1550,47.8047,86781200
2019-04-11,50.2125,50.2500,49.6100,49.7375,47.4067,83603200
2019-04-12,49.8000,50.0350,49.0525,49.7175,47.3877,111042800
2019-04-15,49.6450,49.9625,49.5025,49.8075,47.4734,70146400
2019-04-16,49.8650,50.3425,49.6400,49.8125,47.4782,102785600
2019-04-17,49.8850,50.8450,49.6525,50.7825,48.4028,115627200
2019-04-18,50.7800,51.0375,50.6300,50.9650,48.5767,96783200
2019-04-22,50.7075,51.2350,50.5850,51.1325,48.7363,77758000
2019-04-23,51.1075,51.9375,50.9750,51.8700,49.4393,93292000
2019-04-24,51.8400,52.1200,51.7625,51.7900,49.3630,70162400
2019-04-25,51.7075,51.9400,51.2800,51.3200,48.9151,74172800
2019-04-26,51.2250,51.2500,50.5300,51.0750,48.6815,74596400
2019-04-29,51.1000,51.4925,50.9650,51.1525,48.7554,88818800
2019-04-30,50.7650,50.8500,49.7775,50.1675,47.8166,186139600
2019-05-01,52.4700,53.8275,52.3075,52.6300,50.1637,259309200
2019-05-02,52.4600,53.1625,52.0325,52.2875,49.8372,127985200
2019-05-03,52.7225,52.9600,52.5575,52.9375,50.4568,83569600
2019-05-06,51.0725,52.2100,50.8750,52.1200,49.6776,129772400
2019-05-07,51.4700,51.8550,50.2075,50.7150,48.3384,155054800
2019-05-08,50.4750,51.3350,50.4375,50.7250,48.3479,105358000
2019-05-09,50.1000,50.4200,49.1650,50.1800,47.8285,139634400
2019-05-10,49.3550,49.7125,48.1925,49.2950,47.1659,164834800
2019-05-13,46.9275,47.3700,45.7125,46.4300,44.4246,229722400
2019-05-14,46.6025,47.4250,46.3525,47.1650,45.1279,146118800
2019-05-15,46.5675,47.9375,46.5050,47.7300,45.6685,106178800
2019-05-16,47.4775,48.1175,47.2100,47.5200,45.4676,132125600
2019-05-17,46.7325,47.7250,46.6900,47.2500,45.2092,131516400
2019-05-20,45.8800,46.0875,45.0700,45.7725,43.7955,154449200
2019-05-21,46.3050,47.0000,46.1750,46.6500,44.6351,113459200
2019-05-22,46.1650,46.4275,45.6375,45.6950,43.7214,118994400
2019-05-23,44.9500,45.1350,44.4525,44.9150,42.9751,146118800
2019-05-24,45.0500,45.5350,44.6550,44.7425,42.8100,94858800
2019-05-28,44.7300,45.1475,44.4775,44.5575,42.6330,111792800
2019-05-29,44.1050,44.8375,44.0000,44.3450,42.4297,113924800
2019-05-30,44.4875,44.8075,44.1675,44.5750,42.6497,84873600
2019-05-31,44.0575,44.4975,43.7475,43.7675,41.8771,108174400
2019-06-03,43.9000,44.4800,42.5675,43.3250,41.4537,161584400
2019-06-04,43.8600,44.9575,43.6300,44.9100,42.9703,123872000
2019-06-05,46.0700,46.2475,45.2850,45.6350,43.6640,119093600
2019-06-06,45.7700,46.3675,45.5375,46.3050,44.3050,90105200
2019-06-07,46.6275,47.9800,46.4425,47.5375,45.4843,122737600
2019-06-10,47.9525,48.8425,47.9050,48.1450,46.0656,104883600
2019-06-11,48.7150,49.0000,48.4000,48.7025,46.5990,107731600
2019-06-12,48.4875,48.9925,48.3475,48.5475,46.4507,73012800
2019-06-13,48.6750,49.1975,48.4000,48.5375,46.4411,86698400
2019-06-14,47.8875,48.3975,47.5750,48.1850,46.1038,75046000
2019-06-17,48.2250,48.7400,48.0425,48.4725,46.3789,58676400
2019-06-18,49.0125,50.0725,48.8025,49.6125,47.4697,106204000
2019-06-19,49.9200,49.9700,49.3275,49.4675,47.3309,84496800
2019-06-20,50.0925,50.1525,49.5075,49.8650,47.7113,86056000
2019-06-21,49.7000,50.2125,49.5375,49.6950,47.5486,191202400
2019-06-24,49.6350,50.0400,49.5425,49.6450,47.5008,72881600
2019-06-25,49.6075,49.8150,48.8225,48.8925,46.7808,84281200
2019-06-26,49.4425,50.2475,49.3375,49.9500,47.7926,104270000
2019-06-27,50.0725,50.3925,49.8925,49.9350,47.7783,83598800
2019-06-28,49.6700,49.8750,49.2625,49.4800,47.3429,124442400
2019-07-01,50.7925,51.1225,50.1625,50.3875,48.2112,109012000
2019-07-02,50.3525,50.7825,50.3400,50.6825,48.4935,67740800
2019-07-03,50.8200,51.1100,50.6725,51.1025,48.8953,45448000
2019-07-05,50.8375,51.2700,50.7250,51.0575,48.8523,69062000
2019-07-08,50.2025,50.3500,49.6025,50.0050,47.8452,101354400
2019-07-09,49.8000,50.3775,49.7025,50.3100,48.1371,82312000
2019-07-10,50.4625,50.9325,50.3900,50.8075,48.6131,71588400
2019-07-11,50.8275,51.0975,50.4275,50.4375,48.2591,80767200
2019-07-12,50.6125,51.0000,50.5500,50.8250,48.6298,70380800
2019-07-15,51.0225,51.4675,51.0000,51.3025,49.0867,67789600
2019-07-16,51.1475,51.5275,50.8750,51.1250,48.9169,67467200
2019-07-17,51.0125,51.2725,50.8175,50.8375,48.6418,56430000
2019-07-18,51.0000,51.4700,50.9250,51.4150,49.1943,74162400
2019-07-19,51.4475,51.6250,50.5900,50.6475,48.4600,83717200
2019-07-22,50.9125,51.8075,50.9025,51.8050,49.5675,89111600
2019-07-23,52.1150,52.2275,51.8225,52.2100,49.9550,73420800
2019-07-24,51.9175,52.2875,51.7925,52.1675,49.9143,59966400
2019-07-25,52.2225,52.3100,51.6825,51.7550,49.5196,55638400
2019-07-26,51.8700,52.4325,51.7850,51.9350,49.6919,70475600
2019-07-29,52.1150,52.6600,52.1100,52.4200,50.1559,86693600
2019-07-30,52.1900,52.5400,51.8275,52.1950,49.9406,135742800
2019-07-31,54.1050,55.3425,52.8250,53.2600,50.9596,277125600
2019-08-01,53.4750,54.5075,51.6850,52.1075,49.8569,216071600
2019-08-02,51.3825,51.6075,50.4075,51.0050,48.8020,163448400
2019-08-05,49.4975,49.6625,48.1450,48.3350,46.2474,209572000
2019-08-06,49.0775,49.5175,48.5100,49.2500,47.1228,143299200
2019-08-07,48.8525,49.8900,48.4550,49.7600,47.6108,133457600
2019-08-08,50.0500,50.8825,49.8475,50.8575,48.6609,108038000
2019-08-09,50.3250,50.6900,49.8225,50.2475,48.2599,98478800
2019-08-12,49.9050,50.5125,49.7875,50.1200,48.1375,89927600
2019-08-13,50.2550,53.0350,50.1200,52.2425,50.1760,188874000
2019-08-14,50.7900,51.6100,50.6475,50.6875,48.6825,146189600
2019-08-15,50.8650,51.2850,49.9175,50.4350,48.4400,108909600
2019-08-16,51.0700,51.7900,50.9600,51.6250,49.5829,110481600
2019-08-19,52.6550,53.1825,52.5075,52.5875,50.5074,97654400
2019-08-20,52.7200,53.3375,52.5800,52.5900,50.5098,107537200
2019-08-21,53.2475,53.4125,52.9000,53.1600,51.0572,86141600
2019-08-22,53.2975,53.6100,52.6875,53.1150,51.0140,89014800
2019-08-23,52.3575,53.0125,50.2500,50.6600,48.6561,187272000
2019-08-26,51.4650,51.7975,51.2650,51.6225,49.5805,104174400
2019-08-27,51.9650,52.1375,50.8825,51.0400,49.0211,103493200
2019-08-28,51.0250,51.4300,50.8300,51.3825,49.3500,63755200
2019-08-29,52.1250,52.3300,51.6650,52.2525,50.1856,83962000
2019-08-30,52.5400,52.6125,51.8000,52.1850,50.1208,84573600
2019-09-03,51.6075,51.7450,51.0550,51.4250,49.3908,80092000
2019-09-04,52.0975,52.3700,51.8300,52.2975,50.2288,76752400
2019-09-05,53.0000,53.4925,52.8775,53.3200,51.2109,95654800
2019-09-06,53.5125,53.6050,53.1275,53.3150,51.2061,77449200
2019-09-09,53.7100,54.1100,52.7675,53.5425,51.4246,109237600
2019-09-10,53.4650,54.1950,52.9275,54.1750,52.0321,127111600
2019-09-11,54.5175,55.9275,54.4325,55.8975,53.6864,177158400
2019-09-12,56.2000,56.6050,55.7150,55.7725,53.5664,128906800
2019-09-13,55.0000,55.1975,54.2550,54.6875,52.5243,159053200
2019-09-16,54.4325,55.0325,54.3900,54.9750,52.8004,84632400
2019-09-17,54.9900,55.2050,54.7800,55.1750,52.9925,73274800
2019-09-18,55.2650,55.7125,54.8600,55.6925,53.4895,101360000
2019-09-19,55.5025,55.9400,55.0925,55.2400,53.0549,88242400
2019-09-20,55.3450,55.6400,54.3675,54.4325,52.2794,221652400
2019-09-23,54.7375,54.9600,54.4125,54.6800,52.5171,76662000
2019-09-24,55.2575,55.6225,54.2975,54.4200,52.2674,124763200
2019-09-25,54.6375,55.3750,54.2850,55.2575,53.0718,87613600
2019-09-26,55.0000,55.2350,54.7075,54.9725,52.7980,75334000
2019-09-27,55.1350,55.2400,54.3200,54.7050,52.5411,101408000
2019-09-30,55.2250,56.1450,55.1975,55.9925,53.7777,103909600
2019-10-01,56.2675,57.0550,56.0500,56.1475,53.9265,139223200
2019-10-02,55.7650,55.8950,54.4825,54.7400,52.5747,138449200
2019-10-03,54.6075,55.2400,53.7825,55.2050,53.0213,114426000
2019-10-04,56.4100,56.8725,55.9725,56.7525,54.5076,138478800
2019-10-07,56.5675,57.4825,56.4600,56.7650,54.5196,122306000
2019-10-08,56.4550,57.0150,56.0825,56.1000,53.8809,111820000
2019-10-09,56.7575,56.9475,56.4100,56.7575,54.5124,74770400
2019-10-10,56.9825,57.6100,56.8250,57.5225,55.2471,113013600
2019-10-11,58.2375,59.4100,58.0775,59.0525,56.7166,166795600
2019-10-14,58.7250,59.5325,58.6675,58.9675,56.6350,96427600
2019-10-15,59.0975,59.4125,58.7200,58.8300,56.5029,87360000
2019-10-16,58.3425,58.8100,58.3000,58.5925,56.2748,73903200
2019-10-17,58.7725,59.0375,58.3800,58.8200,56.4933,67585200
2019-10-18,58.6475,59.3950,58.5725,59.1025,56.7647,97433600
2019-10-21,59.3800,60.2475,59.3300,60.1275,57.7491,87247200
2019-10-22,60.2900,60.5500,59.9050,59.9900,57.6171,82293600
2019-10-23,60.5250,60.8100,60.3050,60.7950,58.3902,75828800
2019-10-24,61.1275,61.2000,60.4525,60.8950,58.4862,69275200
2019-10-25,60.7900,61.6825,60.7200,61.6450,59.2066,73477200
2019-10-28,61.8550,62.3125,61.6800,62.2625,59.7997,96572800
2019-10-29,62.2425,62.4375,60.6425,60.8225,58.4166,142839600
2019-10-30,61.1900,61.3250,60.3025,60.8150,58.4094,124522000
2019-10-31,61.8100,62.2925,59.3150,62.1900,59.7300,139162000
2019-11-01,62.3850,63.9825,62.2900,63.9550,61.4252,151125200
2019-11-04,64.3325,64.4625,63.8450,64.3750,61.8286,103272000
2019-11-05,64.2625,64.5475,64.0800,64.2825,61.7397,79897600
2019-11-06,64.1925,64.3725,63.8425,64.3100,61.7662,75864400
2019-11-07,64.6850,65.0875,64.5275,64.8575,62.4790,94940400
2019-11-08,64.6725,65.1100,64.2125,65.0350,62.6500,69986400
2019-11-11,64.5750,65.6175,64.5700,65.5500,63.1461,81821200
2019-11-12,65.3875,65.6975,65.2300,65.4900,63.0883,87388800
2019-11-13,65.2825,66.1950,65.2675,66.1175,63.6928,102734400
2019-11-14,65.9375,66.2200,65.5250,65.6600,63.2521,89182800
2019-11-15,65.9200,66.4450,65.7525,66.4400,64.0035,100206400
2019-11-18,66.4500,66.8575,66.0575,66.7750,64.3262,86703200
2019-11-19,66.9750,67.0000,66.3475,66.5725,64.1311,76167200
2019-11-20,66.3850,66.5200,65.1000,65.7975,63.3846,106234400
2019-11-21,65.9225,66.0025,65.2950,65.5025,63.1004,121395200
2019-11-22,65.6475,65.7950,65.2100,65.4450,63.0450,65325200
2019-11-25,65.6775,66.6100,65.6300,66.5925,64.1504,84020400
2019-11-26,66.7350,66.7900,65.6250,66.0725,63.6495,105207600
2019-11-27,66.3950,66.9950,66.3275,66.9600,64.5044,65235600
2019-11-29,66.6500,67.0000,66.4750,66.8125,64.3623,46617600
2019-12-02,66.8175,67.0625,65.8625,66.0400,63.6182,94487200
2019-12-03,64.5775,64.8825,64.0725,64.8625,62.4838,114430400
2019-12-04,65.2675,65.8275,65.1700,65.4350,63.0353,67181600
2019-12-05,65.9475,66.4725,65.6825,66.3950,63.9601,74424400
2019-12-06,66.8700,67.7500,66.8250,67.6775,65.1956,106075600
2019-12-09,67.5000,67.7000,66.2275,66.7300,64.2829,128042400
2019-12-10,67.1500,67.5175,66.4650,67.1200,64.6586,90420400
2019-12-11,67.2025,67.7750,67.1250,67.6925,65.2101,78756800
2019-12-12,66.9450,68.1400,66.8300,67.8650,65.3763,137310400
2019-12-13,67.8650,68.8250,67.7325,68.7875,66.2649,133587600
2019-12-16,69.2500,70.1975,69.2450,69.9650,67.3992,128186000
2019-12-17,69.8925,70.4425,69.7000,70.1025,67.5317,114158400
2019-12-18,69.9500,70.4750,69.7800,69.9350,67.3703,116028400
2019-12-19,69.8750,70.2950,69.7375,70.0050,67.4378,98369200
2019-12-20,70.5575,70.6625,69.6400,69.8600,67.2981,275978000
2019-12-23,70.1325,71.0625,70.0925,71.0000,68.3963,98572000
2019-12-24,71.1725,71.2225,70.7300,71.0675,68.4613,48478800
2019-12-26,71.2050,72.4950,71.1750,72.4775,69.8196,93121200
2019-12-27,72.7800,73.4925,72.0300,72.4500,69.7931,146266000
2019-12-30,72.3650,73.1725,71.3050,72.8800,70.2073,144114400
2019-12-31,72.4825,73.4200,72.3800,73.4125,70.7203,100805600
2020-01-02,74.0600,75.1500,73.7975,75.0875,72.3339,135480400
2020-01-03,74.2875,75.1450,74.1250,74.3575,71.6306,146322800
2020-01-06,73.4475,74.9900,73.1875,74.9500,72.2014,118387200
2020-01-07,74.9600,75.2250,74.3700,74.5975,71.8619,108872000
2020-01-08,74.2900,76.1100,74.2900,75.7975,73.0178,132079200
2020-01-09,76.8100,77.6075,76.5500,77.4075,74.5688,170108400
2020-01-10,77.6500,78.1675,77.0625,77.5825,74.7374,140644800
2020-01-13,77.9100,79.2675,77.7875,79.2400,76.3341,121532000
2020-01-14,79.1750,79.3925,78.0425,78.1700,75.3033,161954400
2020-01-15,77.9625,78.8750,77.3875,77.8350,74.9806,121923600
2020-01-16,78.3975,78.9250,78.0225,78.8100,75.9199,108829200
2020-01-17,79.0675,79.6850,78.7500,79.6825,76.7604,137816400
2020-01-21,79.2975,79.7550,79.0000,79.1425,76.2402,110843200
2020-01-22,79.6450,79.9975,79.3275,79.4250,76.5123,101832400
2020-01-23,79.4800,79.8900,78.9125,79.8075,76.8808,104472000
2020-01-24,80.0625,80.8325,79.3800,79.5775,76.6592,146537600
2020-01-27,77.5150,77.9425,76.2200,77.2375,74.4050,161940000
2020-01-28,78.1500,79.6000,78.0475,79.4225,76.5099,162234000
2020-01-29,81.1125,81.9625,80.3450,81.0850,78.1114,216229200
2020-01-30,80.1350,81.0225,79.6875,80.9675,77.9982,126743200
2020-01-31,80.2325,80.6700,77.0725,77.3775,74.5399,199588400
2020-02-03,76.0750,78.3725,75.5550,77.1650,74.3352,173788400
2020-02-04,78.8275,79.9100,78.4075,79.7125,76.7893,136616400
2020-02-05,80.8800,81.1900,79.7375,80.3625,77.4154,118826800
2020-02-06,80.6425,81.3050,80.0650,81.3025,78.3210,105425600
2020-02-07,80.5925,80.8500,79.5000,80.0075,77.2564,117684000
2020-02-10,78.5450,80.3875,78.4625,80.3875,77.6233,109348800
2020-02-11,80.9000,80.9750,79.6775,79.9025,77.1550,94323200
2020-02-12,80.3675,81.8050,80.3675,81.8000,78.9872,113730400
2020-02-13,81.0475,81.5550,80.8375,81.2175,78.4247,94747600
2020-02-14,81.1850,81.4950,80.7125,81.2375,78.4441,80113600
2020-02-18,78.8400,79.9375,78.6525,79.7500,77.0077,152531200
2020-02-19,80.0000,81.1425,80.0000,80.9050,78.1230,93984000
2020-02-20,80.6575,81.1625,79.5525,80.0750,77.3216,100566000
2020-02-21,79.6550,80.1125,77.6250,78.2625,75.5714,129554000
2020-02-24,74.3150,76.0450,72.3075,74.5450,71.9817,222195200
2020-02-25,75.2375,75.6325,71.5325,72.0200,69.5435,230673600
2020-02-26,71.6325,74.4700,71.6250,73.1625,70.6467,198054800
2020-02-27,70.2750,71.5000,68.2400,68.3800,66.0287,320605600
2020-02-28,64.3150,69.6025,64.0925,68.3400,65.9901,426510000
2020-03-02,70.5700,75.3600,69.4300,74.7025,72.1338,341397200
2020-03-03,75.9175,76.0000,71.4500,72.3300,69.8428,319475600
2020-03-04,74.1100,75.8500,73.2825,75.6850,73.0825,219178400
2020-03-05,73.8800,74.8875,72.8525,73.2300,70.7119,187572800
2020-03-06,70.5000,72.7050,70.3075,72.2575,69.7729,226176800
2020-03-09,65.9375,69.5225,65.7500,66.5425,64.2544,286744800
2020-03-10,69.2850,71.6100,67.3425,71.3350,68.8821,285290000
2020-03-11,69.3475,70.3050,67.9650,68.8575,66.4898,255598800
2020-03-12,63.9850,67.5000,62.0000,62.0575,59.9236,418474000
2020-03-13,66.2225,69.9800,63.2375,69.4925,67.1029,370732000
2020-03-16,60.4875,64.7700,60.0000,60.5525,58.4703,322423600
2020-03-17,61.8775,64.4025,59.6000,63.2150,61.0413,324056000
2020-03-18,59.9425,62.5000,59.2800,61.6675,59.5470,300233600
2020-03-19,61.8475,63.2100,60.6525,61.1950,59.0907,271857200
2020-03-20,61.7950,62.9575,57.0000,57.3100,55.3393,401693200
2020-03-23,57.0200,57.1250,53.1525,56.0925,54.1637,336752800
2020-03-24,59.0900,61.9225,58.5750,61.7200,59.5977,287531200
2020-03-25,62.6875,64.5625,61.0750,61.3800,59.2694,303602000
2020-03-26,61.6300,64.6700,61.5900,64.6100,62.3883,252087200
2020-03-27,63.1875,63.9675,61.7625,61.9350,59.8053,204216800
2020-03-30,62.6850,63.8800,62.3500,63.7025,61.5120,167976400
2020-03-31,63.9000,65.6225,63.0000,63.5725,61.3865,197002000
2020-04-01,61.6250,62.1800,59.7825,60.2275,58.1565,176218400
2020-04-02,60.0850,61.2875,59.2250,61.2325,59.1270,165934000
2020-04-03,60.7000,61.4250,59.7425,60.3525,58.2772,129880000
2020-04-06,62.7250,65.7775,62.3450,65.6175,63.3612,201820400
2020-04-07,67.7000,67.9250,64.7500,64.8575,62.6273,202887200
2020-04-08,65.6850,66.8425,65.3075,66.5175,64.2302,168895200
2020-04-09,67.1750,67.5175,66.1750,66.9975,64.6937,161834800
2020-04-13,67.0775,68.4250,66.4575,68.3125,65.9635,131022800
2020-04-14,70.0000,72.0625,69.5125,71.7625,69.2949,194994800
2020-04-15,70.6000,71.5825,70.1575,71.1075,68.6624,131154400
2020-04-16,71.8450,72.0500,70.5875,71.6725,69.2079,157125200
2020-04-17,71.1725,71.7375,69.2150,70.7000,68.2689,215250000
2020-04-20,69.4875,70.4200,69.2125,69.2325,66.8519,130015200
2020-04-21,69.0700,69.3125,66.3575,67.0925,64.7855,180991600
2020-04-22,68.4025,69.4750,68.0500,69.0250,66.6515,116862400
2020-04-23,68.9675,70.4375,68.7175,68.7575,66.3932,124814400
2020-04-24,69.3000,70.7525,69.2500,70.7425,68.3099,126161200
2020-04-27,70.4500,71.1350,69.9875,70.7925,68.3582,117087600
2020-04-28,71.2700,71.4575,69.5500,69.6450,67.2502,112004800
2020-04-29,71.1825,72.4175,70.9725,71.9325,69.4590,137280800
2020-04-30,72.4900,73.6325,72.0875,73.4500,70.9243,183064000
2020-05-01,71.5625,74.7500,71.4625,72.2675,69.7825,240616800
2020-05-04,72.2925,73.4225,71.5800,73.2900,70.7699,133568000
2020-05-05,73.7650,75.2500,73.6150,74.3900,71.8320,147751200
2020-05-06,75.1150,75.8100,74.7175,75.1575,72.5732,142333600
2020-05-07,75.8050,76.2925,75.4925,75.9350,73.3239,115215200
2020-05-08,76.4100,77.5875,76.0725,77.5325,75.0691,133838400
2020-05-11,77.0250,79.2625,76.8100,78.7525,76.2504,145946400
2020-05-12,79.4575,79.9225,77.7275,77.8525,75.3790,162301200
2020-05-13,78.0375,78.9875,75.8025,76.9125,74.4688,200622400
2020-05-14,76.1275,77.4475,75.3825,77.3850,74.9263,158929200
2020-05-15,75.0875,76.9750,75.0525,76.9275,74.4834,166348400
2020-05-18,78.2925,79.1250,77.5800,78.7400,76.2383,135178400
2020-05-19,78.7575,79.6300,78.2525,78.2850,75.7978,101729600
2020-05-20,79.1700,79.8800,79.1300,79.8075,77.2719,111504800
2020-05-21,79.6650,80.2225,78.9675,79.2125,76.6958,102688800
2020-05-22,78.9425,79.8075,78.8375,79.7225,77.1895,81803200
2020-05-26,80.8750,81.0600,79.1250,79.1825,76.6667,125522000
2020-05-27,79.0350,79.6775,78.2725,79.5275,77.0007,112945200
2020-05-28,79.1925,80.8600,78.9075,79.5625,77.0346,133560800
2020-05-29,79.8125,80.2875,79.1175,79.4850,76.9596,153532400
2020-06-01,79.4375,80.5875,79.3025,80.4625,77.9060,80791200
2020-06-02,80.1875,80.8600,79.7325,80.8350,78.2667,87642800
2020-06-03,81.1650,81.5500,80.5750,81.2800,78.6976,104491200
2020-06-04,81.0975,81.4050,80.1950,80.5800,78.0198,87560400
2020-06-05,80.8375,82.9375,80.8075,82.8750,80.2419,137250400
2020-06-08,82.5625,83.4000,81.8300,83.3650,80.7163,95654400
2020-06-09,83.0350,86.4025,83.0025,85.9975,83.2652,147712400
2020-06-10,86.9750,88.6925,86.5225,88.2100,85.4074,166651600
2020-06-11,87.3275,87.7650,83.8700,83.9750,81.3069,201662400
2020-06-12,86.1800,86.9500,83.5550,84.7000,82.0089,200146000
2020-06-15,83.3125,86.4200,83.1450,85.7475,83.0231,138808800
2020-06-16,87.8650,88.3000,86.1800,88.0200,85.2234,165428800
2020-06-17,88.7875,88.8500,87.7725,87.8975,85.1048,114406400
2020-06-18,87.8525,88.3625,87.3050,87.9325,85.1387,96820400
2020-06-19,88.6600,89.1400,86.2875,87.4300,84.6522,264476000
2020-06-22,87.8350,89.8650,87.7875,89.7175,86.8670,135445200
2020-06-23,91.0000,93.0950,90.5675,91.6325,88.7211,212155600
2020-06-24,91.2500,92.1975,89.6300,90.0150,87.1550,192623200
2020-06-25,90.1750,91.2500,89.3925,91.2100,88.3121,137522400
2020-06-26,91.1025,91.3300,88.2550,88.4075,85.5986,205256800
2020-06-29,88.3125,90.5425,87.8200,90.4450,87.5714,130646000
2020-06-30,90.0200,91.4950,90.0000,91.2000,88.3024,140223200
2020-07-01,91.2800,91.8400,90.9775,91.0275,88.1354,110737200
2020-07-02,91.9625,92.6175,90.9100,91.0275,88.1354,114041600
2020-07-06,92.5000,93.9450,92.4675,93.4625,90.4930,118655600
2020-07-07,93.8525,94.6550,93.0575,93.1725,90.2122,112424400
2020-07-08,94.1800,95.3750,94.0900,95.3425,92.3133,117092000
2020-07-09,96.2625,96.3175,94.6725,95.7525,92.7102,125642800
2020-07-10,95.3350,95.9800,94.7050,95.9200,92.8724,90257200
2020-07-13,97.2650,99.9550,95.2575,95.4775,92.4440,191649200
2020-07-14,94.8400,97.2550,93.8775,97.0575,93.9738,170989200
2020-07-15,98.9900,99.2475,96.4900,97.7250,94.6201,153198000
2020-07-16,96.5625,97.4050,95.9050,96.5225,93.4558,110577600
2020-07-17,96.9875,97.1475,95.8400,96.3275,93.2670,92186800
2020-07-20,96.4175,98.5000,96.0625,98.3575,95.2325,90318000
2020-07-21,99.1725,99.2500,96.7425,97.0000,93.9181,103433200
2020-07-22,96.6925,97.9750,96.6025,97.2725,94.1820,89001600
2020-07-23,96.9975,97.0775,92.0100,92.8450,89.8951,197004400
2020-07-24,90.9875,92.9700,89.1450,92.6150,89.6724,185438800
2020-07-27,93.7100,94.9050,93.4800,94.8100,91.7977,121214000
2020-07-28,94.3675,94.5500,93.2475,93.2525,90.2897,103625600
2020-07-29,93.7500,95.2300,93.7125,95.0400,92.0204,90329200
2020-07-30,94.1875,96.2975,93.7675,96.1900,93.1339,158130000
2020-07-31,102.8850,106.4150,100.8250,106.2600,102.8839,374336800
2020-08-03,108.2000,111.6375,107.8925,108.9375,105.4763,308151200
2020-08-04,109.1325,110.7900,108.3875,109.6650,106.1807,173071600
2020-08-05,109.3775,110.3925,108.8975,110.0625,106.5656,121776800
2020-08-06,110.4050,114.4125,109.7975,113.9025,110.2836,202428800
2020-08-07,113.2050,113.6750,110.2925,111.1125,107.7762,198045600
2020-08-10,112.6000,113.7750,110.0000,112.7275,109.3427,212403600
2020-08-11,111.9700,112.4825,109.1075,109.3750,106.0909,187902400
2020-08-12,110.4975,113.2750,110.2975,113.0100,109.6167,165598000
2020-08-13,114.4300,116.0425,113.9275,115.0100,111.5567,210082000
2020-08-14,114.8300,115.0000,113.0450,114.9075,111.4572,165565200
2020-08-17,116.0625,116.0875,113.9625,114.6075,111.1663,119561600
2020-08-18,114.3525,116.0000,114.0075,115.5625,112.0926,105633600
2020-08-19,115.9825,117.1625,115.6100,115.7075,112.2332,145538000
2020-08-20,115.7500,118.3925,115.7325,118.2750,114.7236,126907200
2020-08-21,119.2625,124.8675,119.2500,124.3700,120.6356,338054800
2020-08-24,128.6975,128.7850,123.9375,125.8575,122.0785,345937600
2020-08-25,124.6975,125.1800,123.0525,124.8250,121.0770,211495600
2020-08-26,126.1800,126.9925,125.0825,126.5225,122.7235,163022400
2020-08-27,127.1425,127.4850,123.8325,125.0100,121.2564,155552400
2020-08-28,126.0125,126.4425,124.5775,124.8075,121.0600,187630000
2020-08-31,127.5800,131.0000,126.0000,129.0400,125.1654,225702700
2020-09-01,132.7600,134.8000,130.5300,134.1800,130.1511,151948100
2020-09-02,137.5900,137.9800,127.0000,131.4000,127.4545,200119000
2020-09-03,126.9100,128.8400,120.5000,120.8800,117.2504,257599600
2020-09-04,120.0700,123.7000,110.8900,120.9600,117.3280,332607200
2020-09-08,113.9500,118.9900,112.6800,112.8200,109.4324,231366600
2020-09-09,117.2600,119.1400,115.2600,117.3200,113.7973,176940500
2020-09-10,120.3600,120.5000,112.5000,113.4900,110.0823,182274400
2020-09-11,114.5700,115.2300,110.0000,112.0000,108.6371,180860300
2020-09-14,114.7200,115.9300,112.8000,115.3600,111.8962,140150100
2020-09-15,118.3300,118.8300,113.6100,115.5400,112.0708,184642000
2020-09-16,115.2300,116.0000,112.0400,112.1300,108.7631,154679000
2020-09-17,109.7200,112.2000,108.7100,110.3400,107.0269,178011000
2020-09-18,110.4000,110.8800,106.0900,106.8400,103.6320,287104900
2020-09-21,104.5400,110.1900,103.1000,110.0800,106.7747,195713800
2020-09-22,112.6800,112.8600,109.1600,111.8100,108.4527,183055400
2020-09-23,111.6200,112.1100,106.7700,107.1200,103.9036,150718700
2020-09-24,105.1700,110.2500,105.0000,108.2200,104.9706,167743300
2020-09-25,108.4300,112.4400,107.6700,112.2800,108.9086,149981400
2020-09-28,115.0100,115.3200,112.7800,114.9600,111.5082,137672400
2020-09-29,114.5500,115.3100,113.5700,114.0900,110.6643,99382200
2020-09-30,113.7900,117.2600,113.6200,115.8100,112.3327,142675200
2020-10-01,117.6400,117.7200,115.8300,116.7900,113.2832,116120400
2020-10-02,112.8900,115.3700,112.2200,113.0200,109.6264,144712000
2020-10-05,113.9100,116.6500,113.5500,116.5000,113.0019,106243800
2020-10-06,115.7000,116.1200,112.2500,113.1600,109.7622,161498200
2020-10-07,114.6200,115.5500,114.1300,115.0800,111.6246,96849000
2020-10-08,116.2500,116.4000,114.5900,114.9700,111.5179,83477200
2020-10-09,115.2800,117.0000,114.9200,116.9700,113.4578,100506900
2020-10-12,120.0600,125.1800,119.2800,124.4000,120.6647,240226800
2020-10-13,125.2700,125.3900,119.6500,121.1000,117.4638,262330500
2020-10-14,121.0000,123.0300,119.6200,121.1900,117.5511,150712000
2020-10-15,118.7200,121.2000,118.1500,120.7100,117.0855,112559200
2020-10-16,121.2800,121.5500,118.8100,119.0200,115.4463,115393800
2020-10-19,119.9600,120.4200,115.6600,115.9800,112.4975,120639300
2020-10-20,116.2000,118.9800,115.6300,117.5100,113.9816,124423700
2020-10-21,116.6700,118.7100,116.4500,116.8700,113.3608,89946000
2020-10-22,117.4500,118.0400,114.5900,115.7500,112.2744,101988000
2020-10-23,116.3900,116.5500,114.2800,115.0400,111.5858,82572600
2020-10-26,114.0100,116.5500,112.8800,115.0500,111.5955,111850700
2020-10-27,115.4900,117.2800,114.5400,116.6000,113.0989,92276800
2020-10-28,115.0500,115.4300,111.1000,111.2000,107.8610,143937800
2020-10-29,112.3700,116.9300,112.2000,115.3200,111.8574,146129200
2020-10-30,111.0600,111.9900,107.7200,108.8600,105.5913,190272600
2020-11-02,109.1100,110.6800,107.3200,108.7700,105.5040,122866900
2020-11-03,109.6600,111.4900,108.7300,110.4400,107.1239,107624400
2020-11-04,114.1400,115.5900,112.3500,114.9500,111.4985,138235500
2020-11-05,117.9500,119.6200,116.8700,119.0300,115.4560,126387100
2020-11-06,118.3200,119.2000,116.1300,118.6900,115.3248,114457900
2020-11-09,120.5000,121.9900,116.0500,116.3200,113.0220,154515300
2020-11-10,115.5500,117.5900,114.1300,115.9700,112.6819,138023400
2020-11-11,117.1900,119.6300,116.4400,119.4900,116.1021,112295000
2020-11-12,119.6200,120.5300,118.5700,119.2100,115.8300,103162300
2020-11-13,119.4400,119.6700,117.8700,119.2600,115.8786,81581900
2020-11-16,118.9200,120.9900,118.1500,120.3000,116.8892,91183000
2020-11-17,119.5500,120.6700,118.9600,119.3900,116.0050,74271000
2020-11-18,118.6100,119.8200,118.0000,118.0300,114.6835,76322100
2020-11-19,117.5900,119.0600,116.8100,118.6400,115.2762,74113000
2020-11-20,118.6400,118.7700,117.2900,117.3400,114.0130,73604300
2020-11-23,117.1800,117.6200,113.7500,113.8500,110.6220,127959300
2020-11-24,113.9100,115.8500,112.5900,115.1700,111.9046,113874200
2020-11-25,115.5500,116.7500,115.1700,116.0300,112.7402,76499200
2020-11-27,116.5700,117.4900,116.2200,116.5900,113.2843,46691300
2020-11-30,116.9700,120.9700,116.8100,119.0500,115.6746,169410200
2020-12-01,121.0100,123.4700,120.0100,122.7200,119.2405,127728200
2020-12-02,122.0200,123.3700,120.8900,123.0800,119.5903,89004200
2020-12-03,123.5200,123.7800,122.2100,122.9400,119.4543,78967600
2020-12-04,122.6000,122.8600,121.5200,122.2500,118.7839,78260400
2020-12-07,122.3100,124.5700,122.2500,123.7500,120.2413,86712000
2020-12-08,124.3700,124.9800,123.0900,124.3800,120.8535,82225500
2020-12-09,124.5300,125.9500,121.0000,121.7800,118.3272,115089200
2020-12-10,120.5000,123.8700,120.1500,123.2400,119.7458,81312200
2020-12-11,122.4300,122.7600,120.5500,122.4100,118.9393,86939800
2020-12-14,122.6000,123.3500,121.5400,121.7800,118.3272,79184500
2020-12-15,124.3400,127.9000,124.1300,127.8800,124.2542,157243700
2020-12-16,127.4100,128.3700,126.5600,127.8100,124.1862,98208600
2020-12-17,128.9000,129.5800,128.0400,128.7000,125.0510,94359800
2020-12-18,128.9600,129.1000,126.1200,126.6600,123.0688,192541500
2020-12-21,125.0200,128.3100,123.4500,128.2300,124.5943,121251600
2020-12-22,131.6100,134.4100,129.6500,131.8800,128.1408,168904800
2020-12-23,132.1600,132.4300,130.7800,130.9600,127.2469,88223700
2020-12-24,131.3200,133.4600,131.1000,131.9700,128.2283,54930100
2020-12-28,133.9900,137.3400,133.5100,136.6900,132.8144,124486200
2020-12-29,138.0500,138.7900,134.3400,134.8700,131.0460,121047300
2020-12-30,135.5800,135.9900,133.4000,133.7200,129.9286,96452100
2020-12-31,134.0800,134.7400,131.7200,132.6900,128.9279,99116600
2021-01-04,133.5200,133.6100,126.7600,129.4100,125.7409,143301900
2021-01-05,128.8900,131.7400,128.4300,131.0100,127.2955,97664900
2021-01-06,127.7200,131.0500,126.3800,126.6000,123.0105,155088000
2021-01-07,128.3600,131.6300,127.8600,130.9200,127.2080,109578200
2021-01-08,132.4300,132.6300,130.2300,132.0500,128.3060,105158200
2021-01-11,129.1900,130.1700,128.5000,128.9800,125.3230,100384500
2021-01-12,128.5000,129.6900,126.8600,128.8000,125.1481,91951100
2021-01-13,128.7600,131.4500,128.4900,130.8900,127.1789,88636800
2021-01-14,130.8000,131.0000,128.7600,128.9100,125.2551,90221800
2021-01-15,128.7800,130.2200,127.0000,127.1400,123.5352,111598500
2021-01-19,127.7800,128.7100,126.9400,127.8300,124.2057,90757300
2021-01-20,128.6600,132.4900,128.5500,132.0300,128.2866,104319500
2021-01-21,133.8000,139.6700,133.5900,136.8700,132.9893,120150900
2021-01-22,136.2800,139.8500,135.0200,139.0700,135.1270,114459400
2021-01-25,143.0700,145.0900,136.5400,142.9200,138.8678,157611700
2021-01-26,143.6000,144.3000,141.3700,143.1600,139.1010,98390600
2021-01-27,143.4300,144.3000,140.4100,142.0600,138.0322,140843800
2021-01-28,139.5200,141.9900,136.7000,137.0900,133.2031,142621100
2021-01-29,135.8300,136.7400,130.2100,131.9600,128.2186,177523800
2021-02-01,133.7500,135.3800,130.9300,134.1400,130.3367,106239800
2021-02-02,135.7300,136.3100,134.6100,134.9900,131.1626,83305400
2021-02-03,135.7600,135.7700,133.6100,133.9400,130.1424,89880900
2021-02-04,136.3000,137.4000,134.5900,137.3900,133.4946,84183100
2021-02-05,137.3500,137.4200,135.8600,136.7600,133.0810,75693800
2021-02-08,136.0300,136.9600,134.9200,136.9100,133.2270,71297200
2021-02-09,136.6200,137.8800,135.8500,136.0100,132.3512,76774200
2021-02-10,136.4800,136.9900,134.4000,135.3900,131.7478,73046600
2021-02-11,135.9000,136.3900,133.7700,135.1300,131.4949,64280000
2021-02-12,134.3500,135.5300,133.6900,135.3700,131.7284,60145100
2021-02-16,135.4900,136.0100,132.7900,133.1900,129.6070,80576300
2021-02-17,131.2500,132.2200,129.4700,130.8400,127.3202,97918500
2021-02-18,129.2000,130.0000,127.4100,129.7100,126.2207,96856700
2021-02-19,130.2400,130.7100,128.8000,129.8700,126.3764,87668800
2021-02-22,128.0100,129.7200,125.6000,126.0000,122.6105,103916400
2021-02-23,123.7600,126.7100,118.3900,125.8600,122.4742,158273000
2021-02-24,124.9400,125.5600,122.2300,125.3500,121.9780,111039900
2021-02-25,124.6800,126.4600,120.5400,120.9900,117.7353,148199500
2021-02-26,122.5900,124.8500,121.2000,121.2600,117.9980,164560400
2021-03-01,123.7500,127.9300,122.7900,127.7900,124.3523,116307900
2021-03-02,128.4100,128.7200,125.0100,125.1200,121.7542,102260900
2021-03-03,124.8100,125.7100,121.8400,122.0600,118.7765,112966300
2021-03-04,121.7500,123.6000,118.6200,120.1300,116.8984,178155000
2021-03-05,120.9800,121.9400,117.5700,121.4200,118.1537,153766600
2021-03-08,120.9300,121.0000,116.2100,116.3600,113.2298,154376600
2021-03-09,119.0300,122.0600,118.7900,121.0900,117.8326,129525800
2021-03-10,121.6900,122.1700,119.4500,119.9800,116.7524,111943300
2021-03-11,122.5400,123.2100,121.2600,121.9600,118.6791,103026500
2021-03-12,120.4000,121.1700,119.1600,121.0300,117.7742,88105100
2021-03-15,121.4100,124.0000,120.4200,123.9900,120.6545,92403800
2021-03-16,125.7000,127.2200,124.7200,125.5700,122.1920,115227900
2021-03-17,124.0500,125.8600,122.3400,124.7600,121.4038,111932600
2021-03-18,122.8800,123.1800,120.3200,120.5300,117.2876,121229700
2021-03-19,119.9000,121.4300,119.6800,119.9900,116.7622,185549500
2021-03-22,120.3300,123.8700,120.2600,123.3900,120.0707,111912300
2021-03-23,123.3300,124.2400,122.1400,122.5400,119.2435,95467100
2021-03-24,122.8200,122.9000,120.0700,120.0900,116.8595,88530500
2021-03-25,119.5400,121.6600,119.0000,120.5900,117.3460,98844700
2021-03-26,120.3500,121.4800,118.9200,121.2100,117.9493,94071200
2021-03-29,121.6500,122.5800,120.7300,121.3900,118.1245,80819200
2021-03-30,120.1100,120.4000,118.8600,119.9000,116.6746,85671900
2021-03-31,121.6500,123.5200,121.1500,122.1500,118.8641,118323800
2021-04-01,123.6600,124.1800,122.4900,123.0000,119.6912,75089100
2021-04-05,123.8700,126.1600,123.0700,125.9000,122.5132,88651200
2021-04-06,126.5000,127.1300,125.6500,126.2100,122.8148,80171300
2021-04-07,125.8300,127.9200,125.1400,127.9000,124.4594,83466700
2021-04-08,128.9500,130.3900,128.5200,130.3600,126.8532,88844600
2021-04-09,129.8000,133.0400,129.4700,133.0000,129.4222,106686700
2021-04-12,132.5200,132.8500,130.6300,131.2400,127.7095,91420000
2021-04-13,132.4400,134.6600,131.9300,134.4300,130.8137,91266500
2021-04-14,134.9400,135.0000,131.6600,132.0300,128.4782,87222800
2021-04-15,133.8200,135.0000,133.6400,134.5000,130.8818,89347100
2021-04-16,134.3000,134.6700,133.2800,134.1600,130.5509,84922400
2021-04-19,133.5100,135.4700,133.3400,134.8400,131.2127,94264200
2021-04-20,135.0200,135.5300,131.8100,133.1100,129.5292,94812300
2021-04-21,132.3600,133.7500,131.3000,133.5000,129.9087,68847100
2021-04-22,133.0400,134.1500,131.4100,131.9400,128.3907,84566500
2021-04-23,132.1600,135.1200,132.1600,134.3200,130.7067,78657500
2021-04-26,134.8300,135.0600,133.5600,134.7200,131.0959,66905100
2021-04-27,135.0100,135.4100,134.1100,134.3900,130.7748,66015800
2021-04-28,134.3100,135.0200,133.0800,133.5800,129.9866,107760100
2021-04-29,136.4700,137.0700,132.4500,133.4800,129.8893,151101000
2021-04-30,131.7800,133.5600,131.0700,131.4600,127.9236,109839500
2021-05-03,132.0400,134.0700,131.8300,132.5400,128.9745,75135100
2021-05-04,131.1900,131.4900,126.7000,127.8500,124.4107,137564700
2021-05-05,129.2000,130.4500,127.9700,128.1000,124.6540,84000900
2021-05-06,127.8900,129.7500,127.1300,129.7400,126.2499,78128300
2021-05-07,130.8500,131.2600,129.4800,130.2100,126.9225,78973300
2021-05-10,129.4100,129.5400,126.8100,126.8500,123.6473,88071200
2021-05-11,123.5000,126.2700,122.7700,125.9100,122.7310,126142800
2021-05-12,123.4000,124.6400,122.2500,122.7700,119.6703,112172300
2021-05-13,124.5800,126.1500,124.2600,124.9700,121.8147,105861300
2021-05-14,126.2500,127.8900,125.8500,127.4500,124.2321,81918000
2021-05-17,126.8200,126.9300,125.1700,126.2700,123.0819,74244600
2021-05-18,126.5600,126.9900,124.7800,124.8500,121.6978,63342900
2021-05-19,123.1600,124.9200,122.8600,124.6900,121.5418,92612000
2021-05-20,125.2300,127.7200,125.1000,127.3100,124.0957,76857100
2021-05-21,127.8200,128.0000,125.2100,125.4300,122.2631,79295400
2021-05-24,126.0100,127.9400,125.9400,127.1000,123.8910,63092900
2021-05-25,127.8200,128.3200,126.3200,126.9000,123.6960,72009500
2021-05-26,126.9600,127.3900,126.4200,126.8500,123.6473,56575900
2021-05-27,126.4400,127.6400,125.0800,125.2800,122.1169,94625600
2021-05-28,125.5700,125.8000,124.5500,124.6100,121.4638,71311100
2021-06-01,125.0800,125.3500,123.9400,124.2800,121.1422,67637100
2021-06-02,124.2800,125.2400,124.0500,125.0600,121.9025,59278900
2021-06-03,124.6800,124.8500,123.1300,123.5400,120.4208,76229200
2021-06-04,124.0700,126.1600,123.8500,125.8900,122.7115,75169300
2021-06-07,126.1700,126.3200,124.8300,125.9000,122.7213,71057600
2021-06-08,126.6000,128.4600,126.2100,126.7400,123.5401,74403800
2021-06-09,127.2100,127.7500,126.5200,127.1300,123.9202,56877900
2021-06-10,127.0200,128.1900,125.9400,126.1100,122.9260,71186400
2021-06-11,126.5300,127.4400,126.1000,127.3500,124.1347,53522400
2021-06-14,127.8200,130.5400,127.0700,130.4800,127.1856,96906500
2021-06-15,129.9400,130.6000,129.3900,129.6400,126.3669,62746300
2021-06-16,130.3700,130.8900,128.4600,130.1500,126.8640,91815000
2021-06-17,129.8000,132.5500,129.6500,131.7900,128.4626,96721700
2021-06-18,130.7100,131.5100,130.2400,130.4600,127.1661,108953300
2021-06-21,130.3000,132.4100,129.2100,132.3000,128.9597,79663300
2021-06-22,132.1300,134.0800,131.6200,133.9800,130.5973,74783600
2021-06-23,133.7700,134.3200,133.2300,133.7000,130.3243,60214200
2021-06-24,134.4500,134.6400,132.9300,133.4100,130.0417,68711000
2021-06-25,133.4600,133.8900,132.8100,133.1100,129.7492,70783700
2021-06-28,133.4100,135.2500,133.3500,134.7800,131.3771,62111300
2021-06-29,134.8000,136.4900,134.3500,136.3300,132.8879,64556100
2021-06-30,136.1700,137.4100,135.8700,136.9600,133.5020,63261400
2021-07-01,136.6000,137.3300,135.7600,137.2700,133.8042,52485800
2021-07-02,137.9000,140.0000,137.7500,139.9600,136.4263,78852600
2021-07-06,140.0700,143.1500,140.0700,142.0200,138.4343,108181800
2021-07-07,143.5400,144.8900,142.6600,144.5700,140.9199,104911600
2021-07-08,141.5800,144.0600,140.6700,143.2400,139.6235,105575500
2021-07-09,142.7500,145.6500,142.6500,145.1100,141.4462,99890800
2021-07-12,146.2100,146.3200,144.0000,144.5000,140.8517,76299700
2021-07-13,144.0300,147.4600,143.6300,145.6400,141.9629,100827100
2021-07-14,148.1000,149.5700,147.6800,149.1500,145.3842,127050800
2021-07-15,149.2400,150.0000,147.0900,148.4800,144.7312,106820300
2021-07-16,148.4600,149.7600,145.8800,146.3900,142.6940,93251400
2021-07-19,143.7500,144.0700,141.6700,142.4500,138.8534,121434600
2021-07-20,143.4600,147.1000,142.9600,146.1500,142.4600,96350000
2021-07-21,145.5300,146.1300,144.6300,145.4000,141.7289,74993500
2021-07-22,145.9400,148.2000,145.8100,146.8000,143.0936,77338200
2021-07-23,147.5500,148.7200,146.9200,148.5600,144.8091,71447400
2021-07-26,148.2700,149.8300,147.7000,148.9900,145.2283,72434100
2021-07-27,149.1200,149.2100,145.5500,146.7700,143.0643,104818600
2021-07-28,144.8100,146.9700,142.5400,144.9800,141.3195,118931200
2021-07-29,144.6900,146.5500,144.5800,145.6400,141.9629,56699500
2021-07-30,144.3800,146.3300,144.1100,145.8600,142.1773,70440600
2021-08-02,146.3600,146.9500,145.2500,145.5200,141.8459,62880000
2021-08-03,145.8100,148.0400,145.1800,147.3600,143.6395,64786600
2021-08-04,147.2700,147.7900,146.2800,146.9500,143.2398,56368300
2021-08-05,146.9800,147.8400,146.1700,147.0600,143.3470,46397700
2021-08-06,146.3500,147.1100,145.6300,146.1400,142.6637,54126800
2021-08-09,146.2000,146.7000,145.5200,146.0900,142.6149,48908700
2021-08-10,146.4400,147.7100,145.3000,145.6000,142.1365,69023100
2021-08-11,146.0500,146.7200,145.5300,145.8600,142.3903,48493500
2021-08-12,146.1900,149.0500,145.8400,148.8900,145.3483,72282600
2021-08-13,148.9700,149.4400,148.2700,149.1000,145.5533,59375000
2021-08-16,148.5400,151.1900,146.4700,151.1200,147.5252,103296000
2021-08-17,150.2300,151.6800,149.0900,150.1900,146.6174,92229700
2021-08-18,149.8000,150.7200,146.1500,146.3600,142.8784,86326000
2021-08-19,145.0300,148.0000,144.5000,146.7000,143.2103,86960300
2021-08-20,147.4400,148.5000,146.7800,148.1900,144.6649,60549600
2021-08-23,148.3100,150.1900,147.8900,149.7100,146.1488,60131800
2021-08-24,149.4500,150.8600,149.1500,149.6200,146.0609,48606400
2021-08-25,149.8100,150.3200,147.8000,148.3600,144.8308,58991300
2021-08-26,148.3500,149.1200,147.5100,147.5400,144.0304,48597200
2021-08-27,147.4800,148.7500,146.8300,148.6000,145.0652,55802400
2021-08-30,149.0000,153.4900,148.6100,153.1200,149.4777,90956700
2021-08-31,152.6600,152.8000,151.2900,151.8300,148.2183,86453100
2021-09-01,152.8300,154.9800,152.3400,152.5100,148.8821,80313700
2021-09-02,153.8700,154.7200,152.4000,153.6500,149.9950,71115500
2021-09-03,153.7600,154.6300,153.0900,154.3000,150.6295,57808700
2021-09-07,154.9700,157.2600,154.3900,156.6900,152.9627,82278300
2021-09-08,156.9800,157.0400,153.9800,155.1100,151.4203,74420200
2021-09-09,155.4900,156.1100,153.9500,154.0700,150.4051,57305700
2021-09-10,155.0000,155.4800,148.7000,148.9700,145.4264,140893200
2021-09-13,150.6300,151.4200,148.7500,149.5500,145.9926,102404300
2021-09-14,150.3500,151.0700,146.9100,148.1200,144.5966,109296300
2021-09-15,148.5600,149.4400,146.3700,149.0300,145.4849,83281300
2021-09-16,148.4400,148.9700,147.2200,148.7900,145.2506,68034100
2021-09-17,148.8200,148.8200,145.7600,146.0600,142.5856,129868800
2021-09-20,143.8000,144.8400,141.2700,142.9400,139.5398,123478900
2021-09-21,143.9300,144.6000,142.7800,143.4300,140.0181,75834000
2021-09-22,144.4500,146.4300,143.7000,145.8500,142.3806,76404300
2021-09-23,146.6500,147.0800,145.6400,146.8300,143.3373,64838200
2021-09-24,145.6600,147.4700,145.5600,146.9200,143.4251,53477900
2021-09-27,145.4700,145.9600,143.8200,145.3700,141.9120,74150700
2021-09-28,143.2500,144.7500,141.6900,141.9100,138.5343,108972300
2021-09-29,142.4700,144.4500,142.0300,142.8300,139.4324,74602000
2021-09-30,143.6600,144.3800,141.2800,141.5000,138.1341,89056700
2021-10-01,141.9000,142.9200,139.1100,142.6500,139.2567,94639600
2021-10-04,141.7600,142.2100,138.2700,139.1400,135.8302,98322000
2021-10-05,139.4900,142.2400,139.3600,141.1100,137.7534,80861100
2021-10-06,139.4700,142.1500,138.3700,142.0000,138.6222,83221100
2021-10-07,143.0600,144.2200,142.7200,143.2900,139.8815,61732700
2021-10-08,144.0300,144.1800,142.5600,142.9000,139.5007,58773200
2021-10-11,142.2700,144.8100,141.8100,142.8100,139.4129,64452200
2021-10-12,143.2300,143.2500,141.0400,141.5100,138.1438,73035900
2021-10-13,141.2400,141.4000,139.2000,140.9100,137.5581,78762700
2021-10-14,142.1100,143.8800,141.5100,143.7600,140.3403,69907100
2021-10-15,143.7700,144.9000,143.5100,144.8400,141.3946,67940300
2021-10-18,143.4500,146.8400,143.1600,146.5500,143.0639,85589200
2021-10-19,147.0100,149.1700,146.5500,148.7600,145.2214,76378900
2021-10-20,148.7000,149.7500,148.1200,149.2600,145.7095,58418800
2021-10-21,148.8100,149.6400,147.8700,149.4800,145.9242,61421000
2021-10-22,149.6900,150.1800,148.6400,148.6900,145.1530,58883400
2021-10-25,148.6800,149.3700,147.6200,148.6400,145.1042,50720600
2021-10-26,149.3300,150.8400,149.0100,149.3200,145.7681,60893400
2021-10-27,149.3600,149.7300,148.4900,148.8500,145.3092,56094900
2021-10-28,149.8200,153.1700,149.7200,152.5700,148.9407,100077900
2021-10-29,147.2200,149.9400,146.4100,149.8000,146.2366,124953200
2021-11-01,148.9900,149.7000,147.8000,148.9600,145.4166,74588300
2021-11-02,148.6600,151.5700,148.6500,150.0200,146.4514,69122000
2021-11-03,150.3900,151.9700,149.8200,151.4900,147.8864,54511500
2021-11-04,151.5800,152.4300,150.6400,150.9600,147.3690,60394600
2021-11-05,151.8900,152.2000,150.0600,151.2800,147.8969,65463900
2021-11-08,151.4100,151.5700,150.1600,150.4400,147.0757,55020900
2021-11-09,150.2000,151.4300,150.0600,150.8100,147.4374,56787900
2021-11-10,150.0200,150.1300,147.8500,147.9200,144.6121,65187100
2021-11-11,148.9600,149.4300,147.6800,147.8700,144.5632,41000000
2021-11-12,148.4300,150.4000,147.4800,149.9900,146.6358,63804000
2021-11-15,150.3700,151.8800,149.4300,150.0000,146.6456,59222800
2021-11-16,149.9400,151.4900,149.3400,151.0000,147.6232,59256200
2021-11-17,151.0000,155.0000,150.9900,153.4900,150.0575,88807000
2021-11-18,153.7100,158.6700,153.0500,157.8700,154.3396,137827700
2021-11-19,157.6500,161.0200,156.5300,160.5500,156.9596,117305600
2021-11-22,161.6800,165.7000,161.0000,161.0200,157.4191,117467900
2021-11-23,161.1200,161.8000,159.0600,161.4100,157.8004,96041900
2021-11-24,160.7500,162.1400,159.6400,161.9400,158.3186,69463600
2021-11-26,159.5700,160.4500,156.3600,156.8100,153.3033,76959800
2021-11-29,159.3700,161.1900,158.7900,160.2400,156.6566,88748200
2021-11-30,159.9900,165.5200,159.9200,165.3000,161.6034,174048100
2021-12-01,167.4800,170.3000,164.5300,164.7700,161.0853,152052500
2021-12-02,158.7400,164.2000,157.8000,163.7600,160.0978,136739200
2021-12-03,164.0200,164.9600,159.7200,161.8400,158.2208,118023100
2021-12-06,164.2900,167.8800,164.2800,165.3200,161.6230,107497000
2021-12-07,169.0800,171.5800,168.3400,171.1800,167.3519,120405400
2021-12-08,172.1300,175.9600,170.7000,175.0800,171.1647,116998900
2021-12-09,174.9100,176.7500,173.9200,174.5600,170.6563,108923700
2021-12-10,175.2100,179.6300,174.6900,179.4500,175.4370,115402700
2021-12-13,181.1200,182.1300,175.5300,175.7400,171.8100,153237000
2021-12-14,175.2500,177.7400,172.2100,174.3300,170.4315,139380400
2021-12-15,175.1100,179.5000,172.3100,179.3000,175.2903,131063300
2021-12-16,179.2800,181.1400,170.7500,172.2600,168.4077,150185800
2021-12-17,169.9300,173.4700,169.6900,171.1400,167.3128,195432700
2021-12-20,168.2800,170.5800,167.4600,169.7500,165.9539,107499100
2021-12-21,171.5600,173.2000,169.1200,172.9900,169.1215,91185900
2021-12-22,173.0400,175.8600,172.1500,175.6400,171.7122,92135300
2021-12-23,175.8500,176.8500,175.2700,176.2800,172.3379,68356600
2021-12-27,177.0900,180.4200,177.0700,180.3300,176.2973,74919600
2021-12-28,180.1600,181.3300,178.5300,179.2900,175.2805,79144300
2021-12-29,179.3300,180.6300,178.1400,179.3800,175.3686,62348900
2021-12-30,179.4700,180.5700,178.0900,178.2000,174.2149,59773000
2021-12-31,178.0900,179.2300,177.2600,177.5700,173.5990,64062300
2022-01-03,177.8300,182.8800,177.7100,182.0100,177.9397,104487900
2022-01-04,182.6300,182.9400,179.1200,179.7000,175.6814,99310400
2022-01-05,179.6100,180.1700,174.6400,174.9200,171.0083,94537600
2022-01-06,172.7000,175.3000,171.6400,172.0000,168.1536,96904000
2022-01-07,172.8900,174.1400,171.0300,172.1700,168.3198,86709100
2022-01-10,169.0800,172.5000,168.1700,172.1900,168.3393,106765600
2022-01-11,172.3200,175.1800,170.8200,175.0800,171.1647,76138300
2022-01-12,176.1200,177.1800,174.8200,175.5300,171.6046,74805200
2022-01-13,175.7800,176.6200,171.7900,172.1900,168.3393,84505800
2022-01-14,171.3400,173.7800,171.0900,173.0700,169.1997,80440800
2022-01-18,171.5100,172.5400,169.4100,169.8000,166.0028,90956700
2022-01-19,170.0000,171.0800,165.9400,166.2300,162.5126,94815000
2022-01-20,166.9800,169.6800,164.1800,164.5100,160.8311,91420500
2022-01-21,164.4200,166.3300,162.3000,162.4100,158.7780,122848900
2022-01-24,160.0200,162.3000,154.7000,161.6200,158.0057,162294600
2022-01-25,158.9800,162.7600,157.0200,159.7800,156.2068,115798400
2022-01-26,163.5000,164.3900,157.8200,159.6900,156.1189,108275300
2022-01-27,162.4500,163.8400,158.2800,159.2200,155.6594,121954600
2022-01-28,165.7100,170.3500,162.8000,170.3300,166.5209,179935700
2022-01-31,170.1600,175.0000,169.5100,174.7800,170.8714,115541600
2022-02-01,174.0100,174.8400,172.3100,174.6100,170.7052,86213900
2022-02-02,174.7500,175.8800,173.3300,175.8400,171.9077,84914300
2022-02-03,174.4800,176.2400,172.1200,172.9000,169.0334,89418100
2022-02-04,171.6800,174.1000,170.6800,172.3900,168.7496,82465400
2022-02-07,172.8600,173.9500,170.9500,171.6600,168.0350,77251200
2022-02-08,171.7300,175.3500,171.4300,174.8300,171.1380,74829200
2022-02-09,176.0500,176.6500,174.9000,176.2800,172.5574,71285000
2022-02-10,174.1400,175.4800,171.5500,172.1200,168.4853,90865900
2022-02-11,172.3300,173.0800,168.0400,168.6400,165.0788,98670700
2022-02-14,167.3700,169.5800,166.5600,168.8800,165.3137,86185500
2022-02-15,170.9700,172.9500,170.2500,172.7900,169.1411,62527400
2022-02-16,171.8500,173.3400,170.0500,172.5500,168.9062,61177400
2022-02-17,171.0300,171.9100,168.4700,168.8800,165.3137,69589300
2022-02-18,169.8200,170.5400,166.1900,167.3000,163.7671,82772700
2022-02-22,164.9800,166.6900,162.1500,164.3200,160.8500,91162800
2022-02-23,165.5400,166.1500,159.7500,160.0700,156.6898,90009200
2022-02-24,152.5800,162.8500,152.0000,162.7400,159.3034,141147500
2022-02-25,163.8400,165.1200,160.8700,164.8500,161.3689,91974200
2022-02-28,163.0600,165.4200,162.4300,165.1200,161.6331,95056600
2022-03-01,164.7000,166.6000,161.9700,163.2000,159.7536,83474400
2022-03-02,164.3900,167.3600,162.9500,166.5600,163.0427,79724800
2022-03-03,168.4700,168.9100,165.5500,166.2300,162.7197,76678400
2022-03-04,164.4900,165.5500,162.1000,163.1700,159.7243,83737200
2022-03-07,163.3600,165.0200,159.0400,159.3000,155.9360,96418800
2022-03-08,158.8200,162.8800,155.8000,157.4400,154.1153,131148300
2022-03-09,161.4800,163.4100,159.4100,162.9500,159.5089,91454900
2022-03-10,160.2000,160.3900,155.9800,158.5200,155.1725,105342000
2022-03-11,158.9300,159.2800,154.5000,154.7300,151.4625,96970100
2022-03-14,151.4500,154.1200,150.1000,150.6200,147.4393,108732100
2022-03-15,150.9000,155.5700,150.3800,155.0900,151.8149,92964300
2022-03-16,157.0500,160.0000,154.4600,159.5900,156.2199,102300200
2022-03-17,158.6100,161.0000,157.6300,160.6200,157.2281,75615400
2022-03-18,160.5100,164.4800,159.7600,163.9800,160.5172,123511700
2022-03-21,163.5100,166.3500,163.0100,165.3800,161.8876,95811400
2022-03-22,165.5100,169.4200,164.9100,168.8200,165.2550,81532000
2022-03-23,167.9900,172.6400,167.6500,170.2100,166.6156,98062700
2022-03-24,171.0600,174.1400,170.2100,174.0700,170.3941,90131400
2022-03-25,173.8800,175.2800,172.7500,174.7200,171.0304,80546200
2022-03-28,172.1700,175.7300,172.0000,175.6000,171.8918,90371900
2022-03-29,176.6900,179.0100,176.3400,178.9600,175.1809,100589400
2022-03-30,178.5500,179.6100,176.7000,177.7700,174.0160,92633200
2022-03-31,177.8400,178.0300,174.4000,174.6100,170.9227,103049300
2022-04-01,174.0300,174.8800,171.9400,174.3100,170.6290,78751300
2022-04-04,174.5700,178.4900,174.4400,178.4400,174.6718,76468400
2022-04-05,177.5000,178.3000,174.4200,175.0600,171.3632,73401800
2022-04-06,172.3600,173.6300,170.1300,171.8300,168.2014,89058800
2022-04-07,171.1600,173.3600,169.8500,172.1400,168.5049,77594700
2022-04-08,171.7800,171.7800,169.2000,170.0900,166.4982,76575500
2022-04-11,168.7100,169.0300,165.5000,165.7500,162.2498,72246700
2022-04-12,168.0200,169.8700,166.6400,167.6600,164.1195,79265200
2022-04-13,167.3900,171.0400,166.7700,170.4000,166.8016,70618900
2022-04-14,170.6200,171.2700,165.0400,165.2900,161.7995,75329400
2022-04-18,163.9200,166.6000,163.5700,165.0700,161.5841,69023900
2022-04-19,165.0200,167.8200,163.9100,167.4000,163.8650,67723800
2022-04-20,168.7600,168.8800,166.1000,167.2300,163.6985,67929800
2022-04-21,168.9100,171.5300,165.9100,166.4200,162.9056,87227800
2022-04-22,166.4600,167.8700,161.5000,161.7900,158.3734,84882400
2022-04-25,161.1200,163.1700,158.4600,162.8800,159.4404,96046400
2022-04-26,162.2500,162.3400,156.7200,156.8000,153.4888,95623200
2022-04-27,155.9100,159.7900,155.3800,156.5700,153.2636,88063200
2022-04-28,159.2500,164.5200,158.9300,163.6400,160.1844,130216800
2022-04-29,161.8400,166.2000,157.2500,157.6500,154.3209,131747600
2022-05-02,156.7100,158.2300,153.2700,157.9600,154.6243,123055300
2022-05-03,158.1500,160.7100,156.3200,159.4800,156.1122,88966500
2022-05-04,159.6700,166.4800,159.2600,166.0200,162.5141,108256500
2022-05-05,163.8500,164.0800,154.9500,156.7700,153.4595,130525300
2022-05-06,156.0100,159.4400,154.1800,157.2800,154.1849,116124600
2022-05-09,154.9300,155.8300,151.4900,152.0600,149.0676,131577900
2022-05-10,155.5200,156.7400,152.9300,154.5100,151.4693,115366700
2022-05-11,153.5000,155.4500,145.8100,146.5000,143.6170,142689800
2022-05-12,142.7700,146.2000,138.8000,142.5600,139.7545,182602000
2022-05-13,144.5900,148.1000,143.1100,147.1100,144.2149,113990900
2022-05-16,145.5500,147.5200,144.1800,145.5400,142.6759,86643800
2022-05-17,148.8600,149.7700,146.6800,149.2400,146.3031,78336300
2022-05-18,146.8500,147.3600,139.9000,140.8200,138.0488,109742900
2022-05-19,139.8800,141.6600,136.6000,137.3500,134.6471,136095600
2022-05-20,139.0900,140.7000,132.6100,137.5900,134.8824,137426100
2022-05-23,137.7900,143.2600,137.6500,143.1100,140.2937,117726300
2022-05-24,140.8100,141.9700,137.3300,140.3600,137.5979,104132700
2022-05-25,138.4300,141.7900,138.3400,140.5200,137.7547,92482700
2022-05-26,137.3900,144.3400,137.1400,143.7800,140.9506,90601500
2022-05-27,145.3900,149.6800,145.2600,149.6400,146.6952,90978500
2022-05-31,149.0700,150.6600,146.8400,148.8400,145.9110,103718400
2022-06-01,149.9000,151.7400,147.6800,148.7100,145.7835,74286600
2022-06-02,147.8300,151.2700,146.8600,151.2100,148.2343,72348100
2022-06-03,146.9000,147.9700,144.4600,145.3800,142.5190,88570300
2022-06-06,147.0300,148.5700,144.9000,146.1400,143.2641,71598400
2022-06-07,144.3500,149.0000,144.1000,148.7100,145.7835,67808200
2022-06-08,148.5800,149.8700,147.4600,147.9600,145.0483,53950200
2022-06-09,147.0800,147.9500,142.5300,142.6400,139.8330,69473000
2022-06-10,140.2800,140.7600,137.0600,137.1300,134.4314,91437900
2022-06-13,132.8700,135.2000,131.4400,131.8800,129.2847,122207100
2022-06-14,133.1300,133.8900,131.4800,132.7600,130.1474,84784300
2022-06-15,134.2900,137.3400,132.1600,135.4300,132.7648,91533000
2022-06-16,132.0800,132.3900,129.0400,130.0600,127.5006,108123900
2022-06-17,130.0700,133.0800,129.8100,131.5600,128.9710,134520300
2022-06-21,133.4200,137.0600,133.3200,135.8700,133.1962,81000500
2022-06-22,134.7900,137.7600,133.9100,135.3500,132.6864,73409200
2022-06-23,136.8200,138.5900,135.6300,138.2700,135.5490,72433800
2022-06-24,139.9000,141.9100,139.7700,141.6600,138.8723,89116800
2022-06-27,142.7000,143.4900,140.9700,141.6600,138.8723,70207900
2022-06-28,142.1300,143.4200,137.3200,137.4400,134.7353,67083400
2022-06-29,137.4600,140.6700,136.6700,139.2300,136.4901,66242400
2022-06-30,137.2500,138.3700,133.7700,136.7200,134.0295,98964500
2022-07-01,136.0400,139.0400,135.6600,138.9300,136.1960,71051600
2022-07-05,137.7700,141.6100,136.9300,141.5600,138.7742,73353800
2022-07-06,141.3500,144.1200,141.0800,142.9200,140.1075,74064300
2022-07-07,143.2900,146.5500,143.2800,146.3500,143.4700,66253700
2022-07-08,145.2600,147.5500,145.0000,147.0400,144.1464,64547800
2022-07-11,145.6700,146.6400,143.7800,144.8700,142.0191,63141600
2022-07-12,145.7600,148.4500,145.0500,145.8600,142.9896,77588800
2022-07-13,142.9900,146.4500,142.1200,145.4900,142.6269,71185600
2022-07-14,144.0800,148.9500,143.2500,148.4700,145.5483,78140700
2022-07-15,149.7800,150.8600,148.2000,150.1700,147.2148,76259900
2022-07-18,150.7400,151.5700,146.7000,147.0700,144.1758,81420900
2022-07-19,147.9200,151.2300,146.9100,151.0000,148.0284,82982400
2022-07-20,151.1200,153.7200,150.3700,153.0400,150.0283,64823400
2022-07-21,154.5000,155.5700,151.9400,155.3500,152.2929,65086600
2022-07-22,155.3900,156.2800,153.4100,154.0900,151.0576,66675400
2022-07-25,154.0100,155.0400,152.2800,152.9500,149.9401,53623900
2022-07-26,152.2600,153.0900,150.8000,151.6000,148.6166,55138700
2022-07-27,152.5800,157.3300,152.1600,156.7900,153.7045,78620700
2022-07-28,156.9800,157.6400,154.4100,157.3500,154.2535,81378700
2022-07-29,161.2400,163.6300,159.5000,162.5100,159.3120,101786900
2022-08-01,161.0100,163.5900,160.8900,161.5100,158.3316,67829400
2022-08-02,160.1000,162.4100,159.6300,160.0100,156.8611,59907000
2022-08-03,160.8400,166.5900,160.7500,166.1300,162.8607,82507500
2022-08-04,166.0100,167.1900,164.4300,165.8100,162.5470,55474100
2022-08-05,163.2100,165.8500,163.0000,165.3500,162.3212,56697000
2022-08-08,166.3700,167.8100,164.2000,164.8700,161.8500,60276900
2022-08-09,164.0200,165.8200,163.2500,164.9200,161.8991,63135500
2022-08-10,167.6800,169.3400,166.9000,169.2400,166.1400,70170500
2022-08-11,170.0600,170.9900,168.1900,168.4900,165.4037,57149200
2022-08-12,169.8200,172.1700,169.4000,172.1000,168.9476,68039400
2022-08-15,171.5200,173.3900,171.3500,173.1900,170.0176,54091700
2022-08-16,172.7800,173.7100,171.6600,173.0300,169.8605,56377100
2022-08-17,172.7700,176.1500,172.5700,174.5500,171.3527,79542000
2022-08-18,173.7500,174.9000,173.1200,174.1500,170.9600,62290100
2022-08-19,173.0300,173.7400,171.3100,171.5200,168.3782,70346300
2022-08-22,169.6900,169.8600,167.1400,167.5700,164.5005,69026800
2022-08-23,167.0800,168.7100,166.6500,167.2300,164.1668,54147100
2022-08-24,167.3200,168.1100,166.2500,167.5300,164.4613,53841500
2022-08-25,168.7800,170.1400,168.3500,170.0300,166.9155,51218200
2022-08-26,170.5700,171.0500,163.5600,163.6200,160.6229,78961000
2022-08-29,161.1500,162.9000,159.8200,161.3800,158.4240,73314000
2022-08-30,162.1300,162.5600,157.7200,158.9100,155.9992,77906200
2022-08-31,160.3100,160.5800,157.1400,157.2200,154.3401,87991100
2022-09-01,156.6400,158.4200,154.6700,157.9600,155.0666,74229900
2022-09-02,159.7500,160.3600,154.9700,155.8100,152.9560,76957800
2022-09-06,156.4700,157.0900,153.6900,154.5300,151.6994,73714800
2022-09-07,154.8200,156.6700,153.6100,155.9600,153.1032,87449600
2022-09-08,154.6400,156.3600,152.6800,154.4600,151.6307,84923800
2022-09-09,155.4700,157.8200,154.7500,157.3700,154.4874,68028800
2022-09-12,159.5900,164.2600,159.3000,163.4300,160.4364,104956000
2022-09-13,159.9000,160.5400,153.3700,153.8400,151.0220,122656600
2022-09-14,154.7900,157.1000,153.6100,155.3100,152.4651,87965400
2022-09-15,154.6500,155.2400,151.3800,152.3700,149.5789,90481100
2022-09-16,151.2100,151.3500,148.3700,150.7000,147.9396,162278800
2022-09-19,149.3100,154.5600,149.1000,154.4800,151.6503,81474200
2022-09-20,153.4000,158.0800,153.0800,156.9000,154.0260,107689800
2022-09-21,157.3400,158.7400,153.6000,153.7200,150.9042,101696800
2022-09-22,152.3800,154.4700,150.9100,152.7400,149.9422,86652500
2022-09-23,151.1900,151.4700,148.5600,150.4300,147.6745,96029900
2022-09-26,149.6600,153.7700,149.6400,150.7700,148.0083,93339400
2022-09-27,152.7400,154.7200,149.9500,151.7600,148.9802,84442700
2022-09-28,147.6400,150.6400,144.8400,149.8400,147.0953,146691400
2022-09-29,146.1000,146.7200,140.6800,142.4800,139.8701,128138200
2022-09-30,141.2800,143.1000,138.0000,138.2000,135.6685,124925300
2022-10-03,138.2100,143.0700,137.6900,142.4500,139.8407,114311700
2022-10-04,145.0300,146.2200,144.2600,146.1000,143.4238,87830100
2022-10-05,144.0700,147.3800,143.0100,146.4000,143.7183,79471000
2022-10-06,145.8100,147.5400,145.2200,145.4300,142.7661,68402200
2022-10-07,142.5400,143.1000,139.4500,140.0900,137.5239,85925600
2022-10-10,140.4200,141.8900,138.5700,140.4200,137.8479,74899000
2022-10-11,139.9000,141.3500,138.2200,138.9800,136.4342,77033700
2022-10-12,139.1300,140.3600,138.1600,138.3400,135.8060,70433700
2022-10-13,134.9900,143.5900,134.3700,142.9900,140.3708,113224000
2022-10-14,144.3100,144.5200,138.1900,138.3800,135.8452,88598000
2022-10-17,141.0700,142.9000,140.2700,142.4100,139.8014,85250900
2022-10-18,145.4900,146.7000,140.6100,143.7500,141.1169,99136600
2022-10-19,141.6900,144.9500,141.5000,143.8600,141.2249,61758300
2022-10-20,143.0200,145.8900,142.6500,143.3900,140.7635,64522000
2022-10-21,142.8700,147.8500,142.6500,147.2700,144.5724,86548600
2022-10-24,147.1900,150.2300,146.0000,149.4500,146.7124,75981900
2022-10-25,150.0900,152.4900,149.3600,152.3400,149.5495,74732300
2022-10-26,150.9600,151.9900,148.0400,149.3500,146.6143,88194300
2022-10-27,148.0700,149.0500,144.1300,144.8000,142.1476,109180200
2022-10-28,148.2000,157.5000,147.8200,155.7400,152.8873,164762400
2022-10-31,153.1600,154.2400,151.9200,153.3400,150.5312,97943200
2022-11-01,155.0800,155.4500,149.1300,150.6500,147.8905,80379300
2022-11-02,148.9500,152.1700,145.0000,145.0300,142.3734,93604600
2022-11-03,142.0600,142.8000,138.7500,138.8800,136.3361,97918500
2022-11-04,142.0900,142.6700,134.3800,138.3800,136.0706,140814800
2022-11-07,137.1100,139.1500,135.6700,138.9200,136.6016,83374600
2022-11-08,140.4100,141.4300,137.4900,139.5000,137.1719,89908500
2022-11-09,138.5000,138.5500,134.5900,134.8700,132.6192,74917800
2022-11-10,141.2400,146.8700,139.5000,146.8700,144.4189,118854000
2022-11-11,145.8200,150.0100,144.3700,149.7000,147.2017,93979700
2022-11-14,148.9700,150.2800,147.4300,148.2800,145.8053,73374100
2022-11-15,152.2200,153.5900,148.5600,150.0400,147.5360,89868300
2022-11-16,149.1300,149.8700,147.2900,148.7900,146.3069,64218300
2022-11-17,146.4300,151.4800,146.1500,150.7200,148.2047,80389400
2022-11-18,152.3100,152.7000,149.9700,151.2900,148.7651,74829600
2022-11-21,150.1600,150.3700,147.7200,148.0100,145.5399,58724100
2022-11-22,148.1300,150.4200,146.9300,150.1800,147.6736,51804100
2022-11-23,149.4500,151.8300,149.3400,151.0700,148.5488,58301400
2022-11-25,148.3100,148.8800,147.1200,148.1100,145.6382,35195900
2022-11-28,145.1400,146.6400,143.3800,144.2200,141.8131,69246000
2022-11-29,144.2900,144.8100,140.3500,141.1700,138.8140,83763800
2022-11-30,141.4000,148.7200,140.5500,148.0300,145.5595,111380900
2022-12-01,148.2100,149.1300,146.6100,148.3100,145.8349,71250400
2022-12-02,145.9600,148.0000,145.6500,147.8100,145.3432,65447400
2022-12-05,147.7700,150.9200,145.7700,146.6300,144.1829,68826400
2022-12-06,147.0700,147.3000,141.9200,142.9100,140.5250,64727200
2022-12-07,142.1900,143.3700,140.0000,140.9400,138.5879,69721100
2022-12-08,142.3600,143.5200,141.1000,142.6500,140.2693,62128300
2022-12-09,142.3400,145.5700,140.9000,142.1600,139.7875,76097000
2022-12-12,142.7000,144.5000,141.0600,144.4900,142.0786,70462700
2022-12-13,149.5000,149.9700,144.2400,145.4700,143.0423,93886200
2022-12-14,145.3500,146.6600,141.1600,143.2100,140.8200,82291200
2022-12-15,141.1100,141.8000,136.0300,136.5000,134.2220,98931900
2022-12-16,136.6900,137.6500,133.7300,134.5100,132.2652,160156900
2022-12-19,135.1100,135.2000,131.3200,132.3700,130.1609,79592600
2022-12-20,131.3900,133.2500,129.8900,132.3000,130.0920,77432800
2022-12-21,132.9800,136.8100,132.7500,135.4500,133.1895,85928000
2022-12-22,134.3500,134.5600,130.3000,132.2300,130.0232,77852100
2022-12-23,130.9200,132.4200,129.6400,131.8600,129.6594,63814900
2022-12-27,131.3800,131.4100,128.7200,130.0300,127.8599,69007800
2022-12-28,129.6700,131.0300,125.8700,126.0400,123.9365,85438400
2022-12-29,127.9900,130.4800,127.7300,129.6100,127.4470,75703700
2022-12-30,128.4100,129.9500,127.4300,129.9300,127.7616,77034200
2023-01-03,130.2800,130.9000,124.1700,125.0700,122.9827,112117500
2023-01-04,126.8900,128.6600,125.0800,126.3600,124.2512,89113600
2023-01-05,127.1300,127.7700,124.7600,125.0200,122.9335,80962700
2023-01-06,126.0100,130.2900,124.8900,129.6200,127.4568,87754700
2023-01-09,130.4700,133.4100,129.8900,130.1500,127.9779,70790800
2023-01-10,130.2600,131.2600,128.1200,130.7300,128.5483,63896200
2023-01-11,131.2500,133.5100,130.4600,133.4900,131.2622,69458900
2023-01-12,133.8800,134.2600,131.4400,133.4100,131.1835,71379600
2023-01-13,132.0300,134.9200,131.6600,134.7600,132.5110,57809700
2023-01-17,134.8300,137.2900,134.1300,135.9400,133.6713,63646600
2023-01-18,136.8200,138.6100,135.0300,135.2100,132.9535,69672800
2023-01-19,134.0800,136.2500,133.7700,135.2700,133.0125,58280400
2023-01-20,135.2800,138.0200,134.2200,137.8700,135.5691,80223600
2023-01-23,138.1200,143.3200,137.9000,141.1100,138.7550,81760300
2023-01-24,140.3100,143.1600,140.3000,142.5300,140.1513,66435100
2023-01-25,140.8900,142.4300,138.8100,141.8600,139.4925,65799300
2023-01-26,143.1700,144.2500,141.9000,143.9600,141.5574,54105100
2023-01-27,143.1600,147.2300,143.0800,145.9300,143.4946,70555800
2023-01-30,144.9600,145.5500,142.8500,143.0000,140.6135,64015300
2023-01-31,142.7000,144.3400,142.2800,144.2900,141.8819,65874500
2023-02-01,143.9700,146.6100,141.3200,145.4300,143.0029,77663600
2023-02-02,148.9000,151.1800,148.1700,150.8200,148.3030,118339000
2023-02-03,148.0300,157.3800,147.8300,154.5000,151.9215,154357300
2023-02-06,152.5700,153.1000,150.7800,151.7300,149.1978,69858300
2023-02-07,150.6400,155.2300,150.6400,154.6500,152.0690,83322600
2023-02-08,153.8800,154.5800,151.1700,151.9200,149.3846,64120100
2023-02-09,153.7800,154.3300,150.4200,150.8700,148.3521,56007100
2023-02-10,149.4600,151.3400,149.2200,151.0100,148.7165,57450700
2023-02-13,150.9500,154.2600,150.9200,153.8500,151.5134,62199000
2023-02-14,152.1200,153.7700,150.8600,153.2000,150.8732,61707600
2023-02-15,153.1100,155.5000,152.8800,155.3300,152.9709,65573800
2023-02-16,153.5100,156.3300,153.3500,153.7100,151.3755,68167900
2023-02-17,152.3500,153.0000,150.8500,152.5500,150.2331,59144100
2023-02-21,150.2000,151.3000,148.4100,148.4800,146.2249,58867200
2023-02-22,148.8700,149.9500,147.1600,148.9100,146.6484,51011300
2023-02-23,150.0900,150.3400,147.2400,149.4000,147.1310,48394200
2023-02-24,147.1100,147.1900,145.7200,146.7100,144.4818,55469600
2023-02-27,147.7100,149.1700,147.4500,147.9200,145.6734,44998500
2023-02-28,147.0500,149.0800,146.8300,147.4100,145.1712,50547000
2023-03-01,146.8300,147.2300,145.0100,145.3100,143.1031,55479000
2023-03-02,144.3800,146.7100,143.9000,145.9100,143.6940,52238100
2023-03-03,148.0400,151.1100,147.3300,151.0300,148.7362,70732300
2023-03-06,153.7900,156.3000,153.4600,153.8300,151.4937,87558000
2023-03-07,153.7000,154.0300,151.1300,151.6000,149.2976,56182000
2023-03-08,152.8100,153.4700,151.8300,152.8700,150.5482,47204800
2023-03-09,153.5600,154.5400,150.2300,150.5900,148.3029,53833600
2023-03-10,150.2100,150.9400,147.6100,148.5000,146.2446,68572400
2023-03-13,147.8100,153.1400,147.7000,150.4700,148.1847,84457100
2023-03-14,151.2800,153.4000,150.1000,152.5900,150.2725,73695900
2023-03-15,151.1900,153.2500,149.9200,152.9900,150.6665,77167900
2023-03-16,152.1600,156.4600,151.6400,155.8500,153.4830,76161100
2023-03-17,156.0800,156.7400,154.2800,155.0000,152.6459,98944600
2023-03-20,155.0700,157.8200,154.1500,157.4000,155.0095,73641400
2023-03-21,157.3200,159.4000,156.5400,159.2800,156.8609,73938300
2023-03-22,159.3000,162.1400,157.8100,157.8300,155.4329,75701800
2023-03-23,158.8300,161.5500,157.6800,158.9300,156.5162,67622100
2023-03-24,158.8600,160.3400,157.8500,160.2500,157.8162,59196500
2023-03-27,159.9400,160.7700,157.8700,158.2800,155.8761,52390300
2023-03-28,157.9700,158.4900,155.9800,157.6500,155.2557,45992200
2023-03-29,159.3700,161.0500,159.3500,160.7700,158.3283,51305700
2023-03-30,161.5300,162.4700,161.2700,162.3600,159.8941,49501700
2023-03-31,162.4400,165.0000,161.9100,164.9000,162.3956,68749800
2023-04-03,164.2700,166.2900,164.2200,166.1700,163.6463,56976200
2023-04-04,166.6000,166.8400,165.1100,165.6300,163.1145,46278300
2023-04-05,164.7400,165.0500,161.8000,163.7600,161.2729,51511700
2023-04-06,162.4300,164.9600,162.0000,164.6600,162.1592,45390100
2023-04-10,161.4200,162.0300,160.0800,162.0300,159.5692,47716900
2023-04-11,162.3500,162.3600,160.5100,160.8000,158.3579,47644200
2023-04-12,161.2200,162.0600,159.7800,160.1000,157.6685,50133100
2023-04-13,161.6300,165.8000,161.4200,165.5600,163.0455,68445600
2023-04-14,164.5900,166.3200,163.8200,165.2100,162.7009,49386500
2023-04-17,165.0900,165.3900,164.0300,165.2300,162.7205,41516200
2023-04-18,166.1000,167.4100,165.6500,166.4700,163.9417,49923000
2023-04-19,165.8000,168.1600,165.5400,167.6300,165.0841,47720200
2023-04-20,166.0900,167.8700,165.5600,166.6500,164.1190,52456400
2023-04-21,165.0500,166.4500,164.4900,165.0200,162.5137,58337300
2023-04-24,165.0000,165.6000,163.8900,165.3300,162.8190,41949600
2023-04-25,165.1900,166.3100,163.7300,163.7700,161.2828,48714100
2023-04-26,163.0600,165.2800,162.8000,163.7600,161.2729,45498800
2023-04-27,165.1900,168.5600,165.1900,168.4100,165.8523,64902300
2023-04-28,168.4900,169.8500,167.8800,169.6800,167.1030,55275900
2023-05-01,169.2800,170.4500,168.6400,169.5900,167.0143,52472900
2023-05-02,170.0900,170.3500,167.5400,168.5400,165.9803,48425700
2023-05-03,169.5000,170.9200,167.1600,167.4500,164.9068,65136000
2023-05-04,164.8900,167.0400,164.3100,165.7900,163.2720,81235400
2023-05-05,170.9800,174.3000,170.7600,173.5700,170.9339,113453200
2023-05-08,172.4800,173.8500,172.1100,173.5000,170.8649,55962800
2023-05-09,173.0500,173.5400,171.6000,171.7700,169.1612,45326900
2023-05-10,173.0200,174.0300,171.9000,173.5600,170.9241,53724500
2023-05-11,173.8500,174.5900,172.1700,173.7500,171.1112,49514700
2023-05-12,173.6200,174.0600,171.0000,172.5700,170.1842,45533100
2023-05-15,173.1600,173.2100,171.4700,172.0700,169.6911,37266700
2023-05-16,171.9900,173.1400,171.8000,172.0700,169.6911,42110300
2023-05-17,171.7100,172.9300,170.4200,172.6900,170.3025,57951600
2023-05-18,173.0000,175.2400,172.5800,175.0500,172.6299,65496700
2023-05-19,176.3900,176.3900,174.9400,175.1600,172.7383,55809500
2023-05-22,173.9800,174.7100,173.4500,174.2000,171.7916,43570900
2023-05-23,173.1300,173.3800,171.2800,171.5600,169.1881,50747300
2023-05-24,171.0900,172.4200,170.5200,171.8400,169.4642,45143500
2023-05-25,172.4100,173.9000,171.6900,172.9900,170.5984,56058300
2023-05-26,173.3200,175.7700,173.1100,175.4300,173.0046,54835000
2023-05-30,176.9600,178.9900,176.5700,177.3000,174.8488,55964400
2023-05-31,177.3300,179.3500,176.7600,177.2500,174.7995,99625300
2023-06-01,177.7000,180.1200,176.9300,180.0900,177.6002,68901800
2023-06-02,181.0300,181.7800,179.2600,180.9500,178.4483,61996900
2023-06-05,182.6300,184.9500,178.0400,179.5800,177.0973,121946500
2023-06-06,179.9700,180.1200,177.4300,179.2100,176.7324,64848400
2023-06-07,178.4400,181.2100,177.3200,177.8200,175.3616,61944600
2023-06-08,177.9000,180.8400,177.4600,180.5700,178.0735,50214900
2023-06-09,181.5000,182.2300,180.6300,180.9600,178.4582,48900000
2023-06-12,181.2700,183.8900,180.9700,183.7900,181.2490,54274900
2023-06-13,182.8000,184.1500,182.4400,183.3100,180.7757,54929100
2023-06-14,183.3700,184.3900,182.0200,183.9500,181.4068,57462900
2023-06-15,183.9600,186.5200,183.7800,186.0100,183.4383,65433200
2023-06-16,186.7300,186.9900,184.2700,184.9200,182.3634,101256200
2023-06-20,184.4100,186.1000,184.4100,185.0100,182.4522,49799100
2023-06-21,184.9000,185.4100,182.5900,183.9600,181.4167,49515700
2023-06-22,183.7400,187.0500,183.6700,187.0000,184.4147,51245300
2023-06-23,185.5500,187.5600,185.0100,186.6800,184.0991,53117000
2023-06-26,186.8300,188.0500,185.2300,185.2700,182.7086,48088700
2023-06-27,185.8900,188.3900,185.6700,188.0600,185.4600,50730800
2023-06-28,187.9300,189.9000,187.6000,189.2500,186.6335,51216800
2023-06-29,189.0800,190.0700,188.9400,189.5900,186.9689,46347300
2023-06-30,191.6300,194.4800,191.2600,193.9700,191.2883,85213200
2023-07-03,193.7800,193.8800,191.7600,192.4600,189.7992,31458200
2023-07-05,191.5700,192.9800,190.6200,191.3300,188.6848,46920300
2023-07-06,189.8400,192.0200,189.2000,191.8100,189.1581,45094300
2023-07-07,191.4100,192.6700,190.2400,190.6800,188.0438,46815000
2023-07-10,189.2600,189.9900,187.0400,188.6100,186.0024,59922200
2023-07-11,189.1600,189.3000,186.6000,188.0800,185.4797,46638100
2023-07-12,189.6800,191.7000,188.4700,189.7700,187.1464,60750200
2023-07-13,190.5000,191.1900,189.7800,190.5400,187.9057,41342300
2023-07-14,190.2300,191.1800,189.6300,190.6900,188.0536,41616200
2023-07-17,191.9000,194.3200,191.8100,193.9900,191.3080,50520200
2023-07-18,193.3500,194.3300,192.4200,193.7300,191.0516,48288200
2023-07-19,193.1000,198.2300,192.6500,195.1000,192.4027,80507300
2023-07-20,195.0900,196.4700,192.5000,193.1300,190.4599,59581200
2023-07-21,194.1000,194.9700,191.2300,191.9400,189.2864,71951700
2023-07-24,193.4100,194.9100,192.2500,192.7500,190.0851,45377800
2023-07-25,193.3300,194.4400,192.9200,193.6200,190.9432,37283200
2023-07-26,193.6700,195.6400,193.3200,194.5000,191.8110,47471900
2023-07-27,196.0200,197.2000,192.5500,193.2200,190.5487,47460200
2023-07-28,194.6700,196.6300,194.1400,195.8300,193.1226,48291400
2023-07-31,196.0600,196.4900,195.2600,196.4500,193.7340,38824100
2023-08-01,196.2400,196.7300,195.2800,195.6100,192.9056,35175100
2023-08-02,195.0400,195.1800,191.8500,192.5800,189.9175,50389300
2023-08-03,191.5700,192.3700,190.6900,191.1700,188.5270,61235200
2023-08-04,185.5200,187.3800,181.9200,181.9900,179.4739,115956800
2023-08-07,182.1300,183.1300,177.3500,178.8500,176.3773,97576100
2023-08-08,179.6900,180.2700,177.5800,179.8000,177.3142,67823000
2023-08-09,180.8700,180.9300,177.0100,178.1900,175.7265,60378500
2023-08-10,179.4800,180.7500,177.6000,177.9700,175.5095,54686900
2023-08-11,177.3200,178.6200,176.5500,177.7900,175.5687,52036700
2023-08-14,177.9700,179.6900,177.3100,179.4600,177.2179,43675600
2023-08-15,178.8800,179.4800,177.0500,177.4500,175.2330,43622600
2023-08-16,177.1300,178.5400,176.5000,176.5700,174.3640,46964900
2023-08-17,177.1400,177.5100,173.4800,174.0000,171.8261,66062900
2023-08-18,172.3000,175.1000,171.9600,174.4900,172.3100,61172200
2023-08-21,175.0700,176.1300,173.7400,175.8400,173.6431,46311900
2023-08-22,177.0600,177.6800,176.2500,177.2300,175.0157,42038900
2023-08-23,178.5200,181.5500,178.3300,181.1200,178.8571,52722800
2023-08-24,180.6700,181.1000,176.0100,176.3800,174.1764,54945800
2023-08-25,177.3800,179.1500,175.8200,178.6100,176.3785,51449600
2023-08-28,180.0900,180.5900,178.5500,180.1900,177.9388,43820700
2023-08-29,179.7000,184.9000,179.5000,184.1200,181.8197,53003900
2023-08-30,184.9400,187.8500,184.7400,187.6500,185.3056,60813900
2023-08-31,187.8400,189.1200,187.4800,187.8700,185.5228,60794500
2023-09-01,189.4900,189.9200,188.2800,189.4600,187.0929,45766500
2023-09-05,188.2800,189.9800,187.6100,189.7000,187.3299,45280000
2023-09-06,188.4000,188.8500,181.4700,182.9100,180.6248,81755800
2023-09-07,175.1800,178.2100,173.5400,177.5600,175.3416,112488800
2023-09-08,178.3500,180.2400,177.7900,178.1800,175.9539,65551300
2023-09-11,180.0700,180.3000,177.3400,179.3600,177.1191,58953100
2023-09-12,179.4900,180.1300,174.8200,176.3000,174.0974,90370200
2023-09-13,176.5100,177.3000,173.9800,174.2100,172.0335,84267900
2023-09-14,174.0000,176.1000,173.5800,175.7400,173.5444,60895800
2023-09-15,176.4800,176.5000,173.8200,175.0100,172.8235,109259500
2023-09-18,176.4800,179.3800,176.1700,177.9700,175.7465,67257600
2023-09-19,177.5200,179.6300,177.1300,179.0700,176.8327,51826900
2023-09-20,179.2600,179.7000,175.4000,175.4900,173.2975,58436200
2023-09-21,174.5500,176.3000,173.8600,173.9300,171.7570,63149100
2023-09-22,174.6700,177.0800,174.0500,174.7900,172.6062,56725400
2023-09-25,174.2000,176.9700,174.1500,176.0800,173.8801,46172700
2023-09-26,174.8200,175.2000,171.6600,171.9600,169.8116,64588900
2023-09-27,172.6200,173.0400,169.0500,170.4300,168.3007,66921800
2023-09-28,169.3400,172.0300,167.6200,170.6900,168.5574,56294400
2023-09-29,172.0200,173.0700,170.3400,171.2100,169.0710,51861100
2023-10-02,171.2200,174.3000,170.9300,173.7500,171.5792,52164500
2023-10-03,172.2600,173.6300,170.8200,172.4000,170.2461,49594600
2023-10-04,171.0900,174.2100,170.9700,173.6600,171.4903,53020300
2023-10-05,173.7900,175.4500,172.6800,174.9100,172.7247,48527900
2023-10-06,173.8000,177.9900,173.1800,177.4900,175.2725,57266700
2023-10-09,176.8100,179.0500,175.8000,178.9900,176.7538,42390800
2023-10-10,178.1000,179.7200,177.9500,178.3900,176.1612,43698000
2023-10-11,178.2000,179.8500,177.6000,179.8000,177.5536,47551100
2023-10-12,180.0700,182.3400,179.0400,180.7100,178.4523,56743100
2023-10-13,181.4200,181.9300,178.1400,178.8500,176.6155,51427100
2023-10-16,176.7500,179.0800,176.5100,178.7200,176.4871,52517000
2023-10-17,176.6500,178.4200,174.8000,177.1500,174.9367,57549400
2023-10-18,175.5800,177.5800,175.1100,175.8400,173.6431,54764400
2023-10-19,176.0400,177.8400,175.1900,175.4600,173.2679,59302900
2023-10-20,175.3100,175.4200,172.6400,172.8800,170.7201,64244000
2023-10-23,170.9100,174.0100,169.9300,173.0000,170.8386,55980100
2023-10-24,173.0500,173.6700,171.4500,173.4400,171.2731,43816600
2023-10-25,171.8800,173.0600,170.6500,171.1000,168.9623,57157000
2023-10-26,170.3700,171.3800,165.6700,166.8900,164.8049,70625300
2023-10-27,166.9100,168.9600,166.8300,168.2200,166.1183,58499100
2023-10-30,169.0200,171.1700,168.8700,170.2900,168.1624,51131000
2023-10-31,169.3500,170.9000,167.9000,170.7700,168.6365,44846000
2023-11-01,171.0000,174.2300,170.1200,173.9700,171.7965,56934900
2023-11-02,175.5200,177.7800,175.4600,177.5700,175.3515,77334800
2023-11-03,174.2400,176.8200,173.3500,176.6500,174.4430,79829200
2023-11-06,176.3800,179.4300,176.2100,179.2300,176.9907,63841300
2023-11-07,179.1800,182.4400,178.9700,181.8200,179.5484,70530000
2023-11-08,182.3500,183.4500,181.5900,182.8900,180.6050,49340300
2023-11-09,182.9600,184.1200,181.8100,182.4100,180.1310,53763500
2023-11-10,183.9700,186.5700,183.5300,186.4000,184.3137,66133400
2023-11-13,185.8200,186.0300,184.2100,184.8000,182.7316,43627500
2023-11-14,187.7000,188.1100,186.3000,187.4400,185.3420,60108400
2023-11-15,187.8500,189.5000,187.7800,188.0100,185.9057,53790500
2023-11-16,189.5700,190.9600,188.6500,189.7100,187.5867,54412900
2023-11-17,190.2500,190.3800,188.5700,189.6900,187.5669,50922700
2023-11-20,189.8900,191.9100,189.8800,191.4500,189.3072,46505100
2023-11-21,191.4100,191.5200,189.7400,190.6400,188.5062,38134500
2023-11-22,191.4900,192.9300,190.8300,191.3100,189.1687,39617700
2023-11-24,190.8700,190.9000,189.2500,189.9700,187.8437,24048300
2023-11-27,189.9200,190.6700,188.9000,189.7900,187.6657,40552600
2023-11-28,189.7800,191.0800,189.4000,190.4000,188.2689,38415400
2023-11-29,190.9000,192.0900,188.9700,189.3700,187.2504,43014200
2023-11-30,189.8400,190.3200,188.1900,189.9500,187.8239,48794400
2023-12-01,190.3300,191.5600,189.2300,191.2400,189.0995,45704800
2023-12-04,189.9800,190.0500,187.4500,189.4300,187.3098,43389500
2023-12-05,190.2100,194.4000,190.1800,193.4200,191.2551,66628400
2023-12-06,194.4500,194.7600,192.1100,192.3200,190.1674,41089700
2023-12-07,193.6300,195.0000,193.5900,194.2700,192.0956,47477700
2023-12-08,194.2000,195.9900,193.6700,195.7100,193.5195,53406400
2023-12-11,193.1100,193.4900,191.4200,193.1800,191.0178,60943700
2023-12-12,193.0800,194.7200,191.7200,194.7100,192.5307,52696900
2023-12-13,195.0900,198.0000,194.8500,197.9600,195.7443,70404200
2023-12-14,198.0200,199.6200,196.1600,198.1100,195.8926,66831600
2023-12-15,197.5300,198.4000,197.0000,197.5700,195.3586,128538400
2023-12-18,196.0900,196.6300,194.3900,195.8900,193.6975,55751900
2023-12-19,196.1600,196.9500,195.8900,196.9400,194.7357,40714100
2023-12-20,196.9000,197.6800,194.8300,194.8300,192.6493,52242800
2023-12-21,196.1000,197.0800,193.5000,194.6800,192.5010,46482500
2023-12-22,195.1800,195.4100,192.9700,193.6000,191.4331,37149600
2023-12-26,193.6100,193.8900,192.8300,193.0500,190.8893,28919300
2023-12-27,192.4900,193.5000,191.0900,193.1500,190.9881,48087700
2023-12-28,194.1400,194.6600,193.1700,193.5800,191.4133,34049900
2023-12-29,193.9000,194.4000,191.7300,192.5300,190.3751,42672100
2024-01-02,187.1500,188.4400,183.8900,185.6400,183.5622,82488700
2024-01-03,184.2200,185.8800,183.4300,184.2500,182.1878,58414500
2024-01-04,182.1500,183.0900,180.8800,181.9100,179.8739,71983600
2024-01-05,181.9900,182.7600,180.1700,181.1800,179.1521,62379700
2024-01-08,182.0900,185.6000,181.5000,185.5600,183.4831,59144500
2024-01-09,183.9200,185.1500,182.7300,185.1400,183.0678,42841800
2024-01-10,184.3500,186.4000,183.9200,186.1900,184.1060,46792900
2024-01-11,186.5400,187.0500,183.6200,185.5900,183.5127,49128400
2024-01-12,186.0600,186.7400,185.1900,185.9200,183.8390,40477800
2024-01-16,182.1600,184.2600,180.9300,183.6300,181.5747,65603000
2024-01-17,181.2700,182.9300,180.3000,182.6800,180.6353,47317400
2024-01-18,186.0900,189.1400,185.8300,188.6300,186.5187,78005800
2024-01-19,189.3300,191.9500,188.8200,191.5600,189.4159,68903000
2024-01-22,192.3000,195.3300,192.2600,193.8900,191.7198,60133900
2024-01-23,195.0200,195.7500,193.8300,195.1800,192.9954,42355600
2024-01-24,195.4200,196.3800,194.3400,194.5000,192.3230,53631300
2024-01-25,195.2200,196.2700,193.1100,194.1700,191.9967,54822100
2024-01-26,194.2700,194.7600,191.9400,192.4200,190.2663,44594000
2024-01-29,192.0100,192.2000,189.5800,191.7300,189.5840,47145600
2024-01-30,190.9400,191.8000,187.4700,188.0400,185.9353,55859400
2024-01-31,187.0400,187.1000,184.3500,184.4000,182.3360,55467800
2024-02-01,183.9900,186.9500,183.8200,186.8600,184.7686,64885400
2024-02-02,179.8600,187.3300,179.2500,185.8500,183.7699,102551700
2024-02-05,188.1500,189.2500,185.8400,187.6800,185.5793,69668800
2024-02-06,186.8600,189.3100,186.7700,189.3000,187.1812,43490800
2024-02-07,190.6400,191.0500,188.6100,189.4100,187.2900,53439000
2024-02-08,189.3900,189.5400,187.3500,188.3200,186.2122,40962000
2024-02-09,188.6500,189.9900,188.0000,188.8500,186.9745,45155200
2024-02-12,188.4200,188.6700,186.7900,187.1500,185.2914,41781900
2024-02-13,185.7700,186.2100,183.5100,185.0400,183.2024,56529500
2024-02-14,185.3200,185.5300,182.4400,184.1500,182.3212,54630500
2024-02-15,183.5500,184.4900,181.3500,183.8600,182.0341,65434500
2024-02-16,183.4200,184.8500,181.6700,182.3100,180.4995,49752500
2024-02-20,181.7900,182.4300,180.0000,181.5600,179.7569,53665600
2024-02-21,181.9400,182.8900,180.6600,182.3200,180.5094,41371400
2024-02-22,183.4800,184.9600,182.4600,184.3700,182.5390,52292200
2024-02-23,185.0100,185.0400,182.2300,182.5200,180.7074,45119700
2024-02-26,182.2400,182.7600,180.6500,181.1600,179.3609,40867400
2024-02-27,181.1000,183.9200,179.5600,182.6300,180.8163,54318900
2024-02-28,182.5100,183.1200,180.1300,181.4200,179.6183,48953900
2024-02-29,181.2700,182.5700,179.5300,180.7500,178.9550,136682600
2024-03-01,179.5500,180.5300,177.3800,179.6600,177.8758,73563100
2024-03-04,176.1500,176.9000,173.7900,175.1000,173.3611,81510100
2024-03-05,170.7600,172.0400,169.6200,170.1200,168.4305,95132400
2024-03-06,171.0600,171.2400,168.6800,169.1200,167.4405,68587700
2024-03-07,169.1500,170.7300,168.4900,169.0000,167.3217,71765100
2024-03-08,169.0000,173.7000,168.9400,170.7300,169.0345,76267000
2024-03-11,172.9400,174.3800,172.0500,172.7500,171.0344,60139500
2024-03-12,173.1500,174.0300,171.0100,173.2300,171.5097,59825400
2024-03-13,172.7700,173.1900,170.7600,171.1300,169.4305,52488700
2024-03-14,172.9100,174.3100,172.0500,173.0000,171.2819,72913500
2024-03-15,171.1700,172.6200,170.2900,172.6200,170.9057,121752700
2024-03-18,175.5700,177.7100,173.5200,173.7200,171.9948,75604200
2024-03-19,174.3400,176.6100,173.0300,176.0800,174.3313,55215200
2024-03-20,175.7200,178.6700,175.0900,178.6700,176.8956,53423100
2024-03-21,177.0500,177.4900,170.8400,171.3700,169.6681,106181300
2024-03-22,171.7600,173.0500,170.0600,172.2800,170.5691,71160100
2024-03-25,170.5700,171.9400,169.4500,170.8500,169.1533,54288300
2024-03-26,170.0000,171.4200,169.5800,169.7100,168.0246,57388400
2024-03-27,170.4100,173.6000,170.1100,173.3100,171.5889,60273300
2024-03-28,171.7500,172.2300,170.5100,171.4800,169.7770,65672700
2024-04-01,171.1900,171.2500,169.4800,170.0300,168.3414,46240500
2024-04-02,169.0800,169.3400,168.2300,168.8400,167.1633,49329500
2024-04-03,168.7900,170.6800,168.5800,169.6500,167.9652,47691700
2024-04-04,170.2900,171.9200,168.8200,168.8200,167.1435,53704400
2024-04-05,169.5900,170.3900,168.9500,169.5800,167.8959,42104800
2024-04-08,169.0300,169.2000,168.2400,168.4500,166.7772,37425500
2024-04-09,168.7000,170.0800,168.3500,169.6700,167.9850,42373800
2024-04-10,168.8000,169.0900,167.1100,167.7800,166.1138,49709300
2024-04-11,168.3400,175.4600,168.1600,175.0400,173.3017,91070300
2024-04-12,174.2600,178.3600,174.2100,176.5500,174.7967,101670900
2024-04-15,175.3600,176.6300,172.5000,172.6900,170.9750,73531800
2024-04-16,171.7500,173.7600,168.2700,169.3800,167.6979,73711200
2024-04-17,169.6100,170.6500,168.0000,168.0000,166.3316,50901200
2024-04-18,168.0300,168.6400,166.5500,167.0400,165.3811,43122900
2024-04-19,166.2100,166.4000,164.0800,165.0000,163.3614,68149400
2024-04-22,165.5200,167.2600,164.7700,165.8400,164.1931,48116400
2024-04-23,165.3500,167.0500,164.9200,166.9000,165.2425,49537800
2024-04-24,166.5400,169.3000,166.2100,169.0200,167.3415,48251800
2024-04-25,169.5300,170.6100,168.1500,169.8900,168.2028,50558300
2024-04-26,169.8800,171.3400,169.1800,169.3000,167.6187,44838400
2024-04-29,173.3700,176.0300,173.1000,173.5000,171.7770,68169400
2024-04-30,173.3300,174.9900,170.0000,170.3300,168.6385,65934800
2024-05-01,169.5800,172.7100,169.1100,169.3000,167.6187,50383100
2024-05-02,172.5100,173.4200,170.8900,173.0300,171.3116,94214900
2024-05-03,186.6500,187.0000,182.6600,183.3800,181.5589,163224100
2024-05-06,182.3500,184.2000,180.4200,181.7100,179.9055,78569700
2024-05-07,183.4500,184.9000,181.3200,182.4000,180.5886,77305800
2024-05-08,182.8500,183.0700,181.4500,182.7400,180.9252,45057100
2024-05-09,182.5600,184.6600,182.1100,184.5700,182.7371,48983000
2024-05-10,184.9000,185.0900,182.1300,183.0500,181.4780,50759500
2024-05-13,185.4400,187.1000,184.6200,186.2800,184.6802,72044800
2024-05-14,187.5100,188.3000,186.2900,187.4300,185.8203,52393600
2024-05-15,187.9100,190.6500,187.3700,189.7200,188.0907,70400000
2024-05-16,190.4700,191.1000,189.6600,189.8400,188.2096,52845200
2024-05-17,189.5100,190.8100,189.1800,189.8700,188.2394,41282900
2024-05-20,189.3300,191.9200,189.0100,191.0400,189.3993,44361300
2024-05-21,191.0900,192.7300,190.9200,192.3500,190.6981,42309400
2024-05-22,192.2700,192.8200,190.2700,190.9000,189.2605,34648500
2024-05-23,190.9800,191.0000,186.6300,186.8800,185.2750,51005900
2024-05-24,188.8200,190.5800,188.0400,189.9800,188.3484,36327000
2024-05-28,191.5100,193.0000,189.1000,189.9900,188.3584,52280100
2024-05-29,189.6100,192.2500,189.5100,190.2900,188.6558,53068000
2024-05-30,190.7600,192.1800,190.6300,191.2900,189.6472,49889100
2024-05-31,191.4400,192.5700,189.9100,192.2500,190.5989,75158300
2024-06-03,192.9000,194.9900,192.5200,194.0300,192.3637,50080500
2024-06-04,194.6400,195.3200,193.0300,194.3500,192.6809,47471400
2024-06-05,195.4000,196.9000,194.8700,195.8700,194.1879,54156800
2024-06-06,195.6900,196.5000,194.1700,194.4800,192.8098,41181800
2024-06-07,194.6500,196.9400,194.1400,196.8900,195.1991,53103900
2024-06-10,196.9000,197.3000,192.1500,193.1200,191.4615,97010200
2024-06-11,193.6500,207.1600,193.6300,207.1500,205.3710,172373300
2024-06-12,207.3700,220.2000,206.9000,213.0700,211.2401,198134300
2024-06-13,214.7400,216.7500,211.6000,214.2400,212.4001,97862700
2024-06-14,213.8500,215.1700,211.3000,212.4900,210.6651,70122700
2024-06-17,213.3700,218.9500,212.7200,216.6700,214.8092,93728300
2024-06-18,217.5900,218.6300,213.0000,214.2900,212.4497,79943300
2024-06-20,213.9300,214.2400,208.8500,209.6800,207.8792,86172500
2024-06-21,210.3900,211.8900,207.1100,207.4900,205.7081,241805100
2024-06-24,207.7200,212.7000,206.5900,208.1400,206.3525,80727000
2024-06-25,209.1500,211.3800,208.6100,209.0700,207.2745,55549700
2024-06-26,211.5000,214.8600,210.6400,213.2500,211.4186,66213200
2024-06-27,214.6900,215.7400,212.3500,214.1000,212.2613,49772700
2024-06-28,215.7700,216.0700,210.3000,210.6200,208.8112,82542700
2024-07-01,212.0900,217.5100,211.9200,216.7500,214.8885,60402900
2024-07-02,216.1500,220.3800,215.1000,220.2700,218.3783,58046200
2024-07-03,220.0000,221.5500,219.0300,221.5500,219.6473,37369800
2024-07-05,221.6500,226.4500,221.6500,226.3400,224.3961,60412400
2024-07-08,227.0900,227.8500,223.2500,227.8200,225.8635,59085900
2024-07-09,227.9300,229.4000,226.3700,228.6800,226.7161,48076100
2024-07-10,229.3000,233.0800,229.2500,232.9800,230.9792,62627700
2024-07-11,231.3900,232.3900,225.7700,227.5700,225.6156,64710600
2024-07-12,228.9200,232.6400,228.6800,230.5400,228.5601,53046500
2024-07-15,236.4800,237.2300,233.0900,234.4000,232.3869,62631300
2024-07-16,235.0000,236.2700,232.3300,234.8200,232.8034,43234300
2024-07-17,229.4500,231.4600,226.6400,228.8800,226.9144,57345900
2024-07-18,230.2800,230.4400,222.2700,224.1800,222.2547,66034600
2024-07-19,224.8200,226.8000,223.2800,224.3100,222.3836,49151500
2024-07-22,227.0100,227.7800,223.0900,223.9600,222.0367,48201800
2024-07-23,224.3700,226.9400,222.6800,225.0100,223.0776,39960300
2024-07-24,224.0000,224.8000,217.1300,218.5400,216.6632,61777600
2024-07-25,218.9300,220.8500,214.6200,217.4900,215.6222,51391200
2024-07-26,218.7000,219.4900,216.0100,217.9600,216.0882,41601300
2024-07-29,216.9600,219.3000,215.7500,218.2400,216.3657,36311800
2024-07-30,219.1900,220.3300,216.1200,218.8000,216.9209,41643800
2024-07-31,221.4400,223.8200,220.6300,222.0800,220.1728,50036300
2024-08-01,224.3700,224.4800,217.0200,218.3600,216.4847,62501000
2024-08-02,219.1500,225.6000,217.7100,219.8600,217.9718,105568600
2024-08-05,199.0900,213.5000,196.0000,209.2700,207.4728,119548600
2024-08-06,205.3000,209.9900,201.0700,207.2300,205.4503,69660500
2024-08-07,206.9000,213.6400,206.3900,209.8200,208.0181,63516400
2024-08-08,213.1100,214.2000,208.8300,213.3100,211.4781,47161100
2024-08-09,212.1000,216.7800,211.9700,216.2400,214.3829,42201600
2024-08-12,216.0700,219.5100,215.6000,217.5300,215.9115,38028100
2024-08-13,219.0100,221.8900,219.0100,221.2700,219.6236,44155300
2024-08-14,220.5700,223.0300,219.7000,221.7200,220.0703,41960600
2024-08-15,224.6000,225.3500,222.7600,224.7200,223.0479,46414000
2024-08-16,223.9200,226.8300,223.6500,226.0500,224.3681,44340200
2024-08-19,225.7200,225.9900,223.0400,225.8900,224.2093,40687800
2024-08-20,225.7700,227.1700,225.4500,226.5100,224.8246,30299000
2024-08-21,226.5200,227.9800,225.0500,226.4000,224.7155,34765500
2024-08-22,227.7900,228.3400,223.9000,224.5300,222.8594,43695300
2024-08-23,225.6600,228.2200,224.3300,226.8400,225.1522,38677300
2024-08-26,226.7600,227.2800,223.8900,227.1800,225.4897,30602200
2024-08-27,226.0000,228.8500,224.8900,228.0300,226.3333,35934600
2024-08-28,227.9200,229.8600,225.6800,226.4900,224.8048,38052200
2024-08-29,230.1000,232.9200,228.8800,229.7900,228.0802,51906300
2024-08-30,230.1900,230.4000,227.4800,229.0000,227.2961,52990800
2024-09-03,228.5500,229.0000,221.1700,222.7700,221.1125,50190600
2024-09-04,221.6600,221.7800,217.4800,220.8500,219.2068,43840200
2024-09-05,221.6300,225.4800,221.5200,222.3800,220.7254,36615400
2024-09-06,223.9500,225.2400,219.7700,220.8200,219.1770,48423000
2024-09-09,220.8200,221.2700,216.7100,220.9100,219.2663,67180000
2024-09-10,218.9200,221.4800,216.7300,220.1100,218.4723,51591000
2024-09-11,221.4600,223.0900,217.8900,222.6600,221.0033,44587100
2024-09-12,222.5000,223.5500,219.8200,222.7700,221.1125,37455600
2024-09-13,223.5800,224.0400,221.9100,222.5000,220.8445,36766600
2024-09-16,216.5400,217.2200,213.9200,216.3200,214.7105,59357400
2024-09-17,215.7500,216.9000,214.5000,216.7900,215.1770,45519300
2024-09-18,217.5500,222.7100,217.5400,220.6900,219.0479,59894900
2024-09-19,224.9900,229.8200,224.6300,228.8700,227.1671,66781300
2024-09-20,229.9700,233.0900,227.6200,228.2000,226.5021,318679900
2024-09-23,227.3400,229.4500,225.8100,226.4700,224.7850,54146000
2024-09-24,228.6500,229.3500,225.7300,227.3700,225.6783,43556100
2024-09-25,224.9300,227.2900,224.0200,226.3700,224.6857,42308700
2024-09-26,227.3000,228.5000,225.4100,227.5200,225.8271,36636700
2024-09-27,228.4600,229.5200,227.3000,227.7900,226.0951,34026000
2024-09-30,230.0400,233.0000,229.6500,233.0000,231.2664,54541900
2024-10-01,229.5200,229.6500,223.7400,226.2100,224.5269,63285000
2024-10-02,225.8900,227.3700,223.0200,226.7800,225.0926,32880600
2024-10-03,225.1400,226.8100,223.3200,225.6700,223.9909,34044200
2024-10-04,227.9000,228.0000,224.1300,226.8000,225.1125,37245100
2024-10-07,224.5000,225.6900,221.3300,221.6900,220.0405,39505400
2024-10-08,224.3000,225.9800,223.2500,225.7700,224.0901,31855700
2024-10-09,225.2300,229.7500,224.8300,229.5400,227.8321,33591100
2024-10-10,227.7800,229.5000,227.1700,229.0400,227.3358,28183500
2024-10-11,229.3000,229.4100,227.3400,227.5500,225.8569,31759200
2024-10-14,228.7000,231.7300,228.6000,231.3000,229.5790,39882100
2024-10-15,233.6100,237.4900,232.3700,233.8500,232.1100,64751400
2024-10-16,231.6000,232.1200,229.8400,231.7800,230.0554,34082200
2024-10-17,233.4300,233.8500,230.5200,232.1500,230.4227,32993800
2024-10-18,236.1800,236.1800,234.0100,235.0000,233.2515,46431500
2024-10-21,234.4500,236.8500,234.4500,236.4800,234.7205,36254500
2024-10-22,233.8900,236.2200,232.6000,235.8600,234.1051,38846600
2024-10-23,234.0800,235.1400,227.7600,230.7600,229.0430,52287000
2024-10-24,229.9800,230.8200,228.4100,230.5700,228.8544,31109500
2024-10-25,229.7400,233.2200,229.5700,231.4100,229.6882,38802300
2024-10-28,233.3200,234.7300,232.5500,233.4000,231.6634,36087100
2024-10-29,233.1000,234.3300,232.3200,233.6700,231.9314,35417200
2024-10-30,232.6100,233.4700,229.5500,230.1000,228.3879,47070900
2024-10-31,229.3400,229.8300,225.3700,225.9100,224.2291,64370100
2024-11-01,220.9700,225.3500,220.2700,222.9100,221.2514,65276700
2024-11-04,220.9900,222.7900,219.7100,222.0100,220.3581,44944500
2024-11-05,221.8000,223.9500,221.1400,223.4500,221.7874,28111300
2024-11-06,222.6100,226.0700,221.1900,222.7200,221.0629,54561100
2024-11-07,224.6300,227.8800,224.5700,227.4800,225.7874,42137700
2024-11-08,227.1700,228.6600,226.4100,226.9600,225.5191,38328800
2024-11-11,225.0000,225.7000,221.5000,224.2300,222.8065,42005600
2024-11-12,224.5500,225.5900,223.3600,224.2300,222.8065,40398300
2024-11-13,224.0100,226.6500,222.7600,225.1200,223.6908,48566200
2024-11-14,225.0200,228.8700,225.0000,228.2200,226.7712,44923900
2024-11-15,226.4000,226.9200,224.2700,225.0000,223.5716,47923700
2024-11-18,225.2500,229.7400,225.1700,228.0200,226.5724,44633700
2024-11-19,226.9800,230.1600,226.6600,228.2800,226.8307,36211800
2024-11-20,228.0600,229.9300,225.8900,229.0000,227.5462,35169600
2024-11-21,228.8800,230.1600,225.7100,228.5200,227.0692,42108300
2024-11-22,228.0600,230.7200,228.0600,229.8700,228.4106,38168300
2024-11-25,231.4600,233.2500,229.7400,232.8700,231.3916,90152800
2024-11-26,233.3300,235.5700,233.3300,235.0600,233.5677,45986200
2024-11-27,234.4700,235.6900,233.8100,234.9300,233.4385,33498400
2024-11-29,234.8100,237.8100,233.9700,237.3300,235.8233,28481400
2024-12-02,237.2700,240.7900,237.1600,239.5900,238.0690,48137100
2024-12-03,239.8100,242.7600,238.9000,242.6500,241.1095,38861000
2024-12-04,242.8700,244.1100,241.2500,243.0100,241.4673,44383900
2024-12-05,243.9900,244.5400,242.1300,243.0400,241.4971,40033900
2024-12-06,242.9100,244.6300,242.0800,242.8400,241.2983,36870600
2024-12-09,241.8300,247.2400,241.7500,246.7500,245.1835,44649200
2024-12-10,246.8900,248.2100,245.3400,247.7700,246.1970,36914800
2024-12-11,247.9600,250.8000,246.2600,246.4900,244.9252,45205800
2024-12-12,246.8900,248.7400,245.6800,247.9600,246.3858,32777500
2024-12-13,247.8200,249.2900,246.2400,248.1300,246.5548,33155300
2024-12-16,247.9900,251.3800,247.6500,251.0400,249.4463,51694800
2024-12-17,250.0800,253.8300,249.7800,253.4800,251.8708,51356400
2024-12-18,252.1600,254.2800,247.7400,248.0500,246.4753,56774100
2024-12-19,247.5000,252.0000,247.0900,249.7900,248.2042,60882300
2024-12-20,248.0400,255.0000,245.6900,254.4900,252.8744,147495300
2024-12-23,254.7700,255.6500,253.4500,255.2700,253.6494,40858800
2024-12-24,255.4900,258.2100,255.2900,258.2000,256.5608,23234700
2024-12-26,258.1900,260.1000,257.6300,259.0200,257.3756,27237100
2024-12-27,257.8300,258.7000,253.0600,255.5900,253.9674,42355300
2024-12-30,252.2300,253.5000,250.7500,252.2000,250.5989,35557500
2024-12-31,252.4400,253.2800,249.4300,250.4200,248.8302,39480700
2025-01-02,248.9300,249.1000,241.8200,243.8500,242.3019,55740700
2025-01-03,243.3600,244.1800,241.8900,243.3600,241.8150,40244100
2025-01-06,244.3100,247.3300,243.2000,245.0000,243.4446,45045600
2025-01-07,242.9800,245.5500,241.3500,242.2100,240.6723,40856000
2025-01-08,241.9200,243.7100,240.0500,242.7000,241.1592,37628900
2025-01-10,240.0100,240.1600,233.0000,236.8500,235.3464,61710900
2025-01-13,233.5300,234.6700,229.7200,234.4000,232.9119,49630700
2025-01-14,234.7500,236.1200,232.4700,233.2800,231.7990,39435300
2025-01-15,234.6400,238.9600,234.4300,237.8700,236.3599,39832000
2025-01-16,237.3500,238.0100,228.0300,228.2600,226.8109,71759100
2025-01-17,232.1200,232.2900,228.4800,229.9800,228.5199,68488300
2025-01-21,224.0000,224.4200,219.3800,222.6400,221.2266,98070400
2025-01-22,219.7900,224.1200,219.7900,223.8300,222.4090,64126500
2025-01-23,224.7400,227.0300,222.3000,223.6600,222.2401,60234800
2025-01-24,224.7800,225.6300,221.4100,222.7800,221.3657,54697900
2025-01-27,224.0200,232.1500,223.9800,229.8600,228.4007,94863400
2025-01-28,230.8500,240.1900,230.8100,238.2600,236.7474,75707600
2025-01-29,234.1200,239.8600,234.0100,239.3600,237.8404,45486100
2025-01-30,238.6700,240.7900,237.2100,237.5900,236.0817,55658300
2025-01-31,247.1900,247.1900,233.4400,236.0000,234.5018,100959800
2025-02-03,229.9900,231.8300,225.7000,228.0100,226.5625,73063300
2025-02-04,227.2500,233.1300,226.6500,232.8000,231.3221,45067300
2025-02-05,228.5300,232.6700,228.2700,232.4700,230.9942,39620300
2025-02-06,231.2900,233.8000,230.4300,233.2200,231.7394,29925300
2025-02-07,232.6000,234.0000,227.2600,227.6300,226.1849,39707200
2025-02-10,229.5700,230.5900,227.2000,227.6500,226.4535,33115600
2025-02-11,228.2000,235.2300,228.1300,232.6200,231.3974,53718400
2025-02-12,231.2000,236.9600,230.6800,236.8700,235.6250,45243300
2025-02-13,236.9100,242.3400,235.5700,241.5300,240.2605,53614100
2025-02-14,241.2500,245.5500,240.9900,244.6000,243.3144,40896200
2025-02-18,244.1500,245.1800,241.8400,244.4700,243.1851,48822500
2025-02-19,244.6600,246.0100,243.1600,244.8700,243.5830,32204200
2025-02-20,244.9400,246.7800,244.2900,245.8300,244.5379,32316900
2025-02-21,245.9500,248.6900,245.2200,245.5500,244.2594,53197400
2025-02-24,244.9300,248.8600,244.4200,247.1000,245.8013,51326400
2025-02-25,248.0000,250.0000,244.9100,247.0400,245.7415,48013300
2025-02-26,244.3300,244.9800,239.1300,240.3600,239.0967,44433600
2025-02-27,239.4100,242.4600,237.0600,237.3000,236.0527,41153600
2025-02-28,236.9500,242.0900,230.2000,241.8400,240.5689,56833400
2025-03-03,241.7900,244.0300,236.1100,238.0300,236.7789,47184000
2025-03-04,237.7100,240.0700,234.6800,235.9300,234.6899,53798100
2025-03-05,235.4200,236.5500,229.2300,235.7400,234.5009,47227600
2025-03-06,234.4400,237.8600,233.1600,235.3300,234.0931,45170400
2025-03-07,235.1100,241.3700,234.7600,239.0700,237.8135,46273600
2025-03-10,235.5400,236.1600,224.2200,227.4800,226.2844,72071200
2025-03-11,223.8100,225.8400,217.4500,220.8400,219.6793,76137400
2025-03-12,220.1400,221.7500,214.9100,216.9800,215.8396,62547500
2025-03-13,215.9500,216.8400,208.4200,209.6800,208.5779,61368300
2025-03-14,211.2500,213.9500,209.5800,213.4900,212.3679,60107600
2025-03-17,213.3100,215.2200,209.9700,214.0000,212.8752,48073400
2025-03-18,214.1600,215.1500,211.4900,212.6900,211.5721,42432400
2025-03-19,214.2200,218.7600,213.7500,215.2400,214.1087,54385400
2025-03-20,213.9900,217.4900,212.2200,214.1000,212.9747,48862900
2025-03-21,211.5600,218.8400,211.2800,218.2700,217.1228,94127800
2025-03-24,221.0000,221.4800,218.5800,220.7300,219.5698,44299500
2025-03-25,220.7700,224.1000,220.0800,223.7500,222.5740,34493600
2025-03-26,223.5100,225.0200,220.4700,221.5300,220.3657,34466100
2025-03-27,221.3900,224.9900,220.5600,223.8500,222.6735,37094800
2025-03-28,221.6700,223.8100,217.6800,217.9000,216.7547,39818600
2025-03-31,217.0100,225.6200,216.2300,222.1300,220.9625,65299300
2025-04-01,219.8100,223.6800,218.9000,223.1900,222.0169,36412700
2025-04-02,221.3200,225.1900,221.0200,223.8900,222.7132,35905900
2025-04-03,205.5400,207.4900,201.2500,203.1900,202.1220,103419000
2025-04-04,193.8900,199.8800,187.3400,188.3800,187.3899,125910900
2025-04-07,177.2000,194.1500,174.6200,181.4600,180.5063,160466300
2025-04-08,186.7000,190.3400,169.2100,172.4200,171.5137,120859500
2025-04-09,171.9500,200.6100,171.8900,198.8500,197.8049,184395900
2025-04-10,189.0700,194.7800,183.0000,190.4200,189.4191,121880000
2025-04-11,186.1000,199.5400,186.0600,198.1500,197.1085,87435900
2025-04-14,211.4400,212.9400,201.1600,202.5200,201.4556,101352900
2025-04-15,201.8600,203.5100,199.8000,202.1400,201.0775,51343900
2025-04-16,198.3600,200.7000,192.3700,194.2700,193.2489,59732400
2025-04-17,197.2000,198.8300,194.4200,196.9800,195.9447,52164700
2025-04-21,193.2700,193.8000,189.8100,193.1600,192.1448,46742500
2025-04-22,196.1200,201.5900,195.9700,199.7400,198.6902,52976400
2025-04-23,206.0000,208.0000,202.8000,204.6000,203.5246,52929200
2025-04-24,204.8900,208.8300,202.9400,208.3700,207.2748,47311000
2025-04-25,206.3700,209.7500,206.2000,209.2800,208.1800,38222300
2025-04-28,210.0000,211.5000,207.4600,210.1400,209.0355,38743100
2025-04-29,208.6900,212.2400,208.3700,211.2100,210.0999,36827600
2025-04-30,209.3000,213.5800,206.6700,212.5000,211.3831,52286500
2025-05-01,209.0800,214.5600,208.9000,213.3200,212.1988,57365700
2025-05-02,206.0900,206.9900,202.1600,205.3500,204.2707,101010600
2025-05-05,203.1000,204.1000,198.2100,198.8900,197.8447,69018500
2025-05-06,198.2100,200.6500,197.0200,198.5100,197.4666,51216500
2025-05-07,199.1700,199.4400,193.2500,196.2500,195.2185,68536700
2025-05-08,197.7200,200.0500,194.6800,197.4900,196.4520,50478900
2025-05-09,199.0000,200.5400,197.5400,198.5300,197.4865,36453900
2025-05-12,210.9700,211.2700,206.7500,210.7900,209.9571,63775800
2025-05-13,210.4300,213.4000,209.0000,212.9300,212.0886,51909300
2025-05-14,212.4300,213.9400,210.5800,212.3300,211.4910,49325800
2025-05-15,210.9500,212.9600,209.5400,211.4500,210.6145,45029500
2025-05-16,212.3600,212.5700,209.7700,211.2600,210.4252,54737900
2025-05-19,207.9100,209.4800,204.2600,208.7800,207.9550,46140500
2025-05-20,207.6700,208.4700,205.0300,206.8600,206.0426,42496600
2025-05-21,205.1700,207.0400,200.7100,202.0900,201.2914,59211800
2025-05-22,200.7100,202.7500,199.7000,201.3600,200.5643,46742400
2025-05-23,193.6700,197.7000,193.4600,195.2700,194.4984,78432900
2025-05-27,198.3000,200.7400,197.4300,200.2100,199.4189,56288500
2025-05-28,200.5900,202.7300,199.9000,200.4200,199.6280,45339700
2025-05-29,203.5800,203.8100,198.5100,199.9500,199.1599,51396800
2025-05-30,199.3700,201.9600,196.7800,200.8500,200.0563,70819900
2025-06-02,200.2800,202.1300,200.1200,201.7000,200.9030,35423300
2025-06-03,201.3500,203.7700,200.9600,203.2700,202.4668,46381600
2025-06-04,202.9100,206.2400,202.1000,202.8200,202.0186,43604000
2025-06-05,203.5000,204.7500,200.1500,200.6300,199.8372,55126100
2025-06-06,203.0000,205.7000,202.0500,203.9200,203.1142,46607700
2025-06-09,204.3900,206.0000,200.0200,201.4500,200.6539,72862600
2025-06-10,200.6000,204.3500,200.5700,202.6700,201.8691,54672600
2025-06-11,203.5000,204.5000,198.4100,198.7800,197.9945,60989900
2025-06-12,199.0800,199.6800,197.3600,199.2000,198.4129,43904600
2025-06-13,199.7300,200.3700,195.7000,196.4500,195.6737,51447300
2025-06-16,197.3000,198.6900,196.5600,198.4200,197.6359,43020700
2025-06-17,197.2000,198.3900,195.2100,195.6400,194.8669,38856200
2025-06-18,195.9400,197.5700,195.0700,196.5800,195.8032,45394700
2025-06-20,198.2400,201.7000,196.8600,201.0000,200.2057,96813500
2025-06-23,201.6300,202.3000,198.9600,201.5000,200.7038,55814300
2025-06-24,202.5900,203.4400,200.2000,200.3000,199.5085,54064000
2025-06-25,201.4500,203.6700,200.6200,201.5600,200.7635,39525700
2025-06-26,201.4300,202.6400,199.4600,201.0000,200.2057,50799100
2025-06-27,201.8900,203.2200,200.0000,201.0800,200.2854,73188600
2025-06-30,202.0100,207.3900,199.2600,205.1700,204.3593,91912800
2025-07-01,206.6700,210.1900,206.1400,207.8200,206.9988,78788900
2025-07-02,208.9100,213.3400,208.1400,212.4400,211.6005,67941800
2025-07-03,212.1500,214.6500,211.8100,213.5500,212.7061,34955800
2025-07-07,212.6800,216.2300,208.8000,209.9500,209.1204,50229000
2025-07-08,210.1000,211.4300,208.4500,210.0100,209.1801,42848900
2025-07-09,209.5300,211.3300,207.2200,211.1400,210.3057,48749400
2025-07-10,210.5100,213.4800,210.0300,212.4100,211.5706,44443600
2025-07-11,210.5700,212.1300,209.8600,211.1600,210.3256,39765800
2025-07-14,209.9300,210.9100,207.5400,208.6200,207.7956,38840100
2025-07-15,209.2200,211.8900,208.9200,209.1100,208.2837,42296300
2025-07-16,210.3000,212.4000,208.6400,210.1600,209.3296,47490500
2025-07-17,210.5700,211.8000,209.5900,210.0200,209.1901,48068100
2025-07-18,210.8700,211.7900,209.7000,211.1800,210.3455,48974600
2025-07-21,212.1000,215.7800,211.6300,212.4800,211.6404,51377400
2025-07-22,213.1400,214.9500,212.2300,214.4000,213.5528,46404100
2025-07-23,215.0000,215.1500,212.4100,214.1500,213.3038,46989300
2025-07-24,213.9000,215.6900,213.5300,213.7600,212.9153,46022600
2025-07-25,214.7000,215.2400,213.4000,213.8800,213.0348,40268800
2025-07-28,214.0300,214.8500,213.0600,214.0500,213.2042,37858000
2025-07-29,214.1800,214.8100,210.8200,211.2700,210.4352,51411700
2025-07-30,211.9000,212.3900,207.7200,209.0500,208.2239,45512500
2025-07-31,208.4900,209.8400,207.1600,207.5700,206.7498,80698400
2025-08-01,210.8700,213.5800,201.5000,202.3800,201.5803,104434500
2025-08-04,204.5100,207.8800,201.6800,203.3500,202.5465,75109300
2025-08-05,203.4000,205.3400,202.1600,202.9200,202.1181,44155100
2025-08-06,205.6300,215.3800,205.5900,213.2500,212.4073,108483100
2025-08-07,218.8800,220.8500,216.5800,220.0300,219.1605,90224800
2025-08-08,220.8300,231.0000,219.2500,229.3500,228.4437,113854000
2025-08-11,227.9200,229.5600,224.7600,227.1800,226.5391,61806100
2025-08-12,228.0100,230.8000,227.0700,229.6500,229.0021,55626200
2025-08-13,231.0700,235.0000,230.4300,233.3300,232.6718,69878500
2025-08-14,234.0600,235.1200,230.8500,232.7800,232.1233,51916300
2025-08-15,234.0000,234.2800,229.3400,231.5900,230.9367,56038700
2025-08-18,231.7000,233.1200,230.1100,230.8900,230.2386,37476200
2025-08-19,231.2800,232.8700,229.3500,230.5600,229.9096,39402600
2025-08-20,229.9800,230.4700,225.7700,226.0100,225.3724,42263900
2025-08-21,226.2700,226.5200,223.7800,224.9000,224.2655,30621200
2025-08-22,226.1700,229.0900,225.4100,227.7600,227.1175,42477800
2025-08-25,226.4800,229.3000,226.2300,227.1600,226.5192,30983100
2025-08-26,226.8700,229.4900,224.6900,229.3100,228.6631,54575100
2025-08-27,228.6100,230.9000,228.2600,230.4900,229.8398,31259500
2025-08-28,230.8200,233.4100,229.3400,232.5600,231.9039,38074700
2025-08-29,232.5100,233.3800,231.3700,232.1400,231.4851,39418400
2025-09-02,229.2500,230.8500,226.9700,229.7200,229.0719,44075600
2025-09-03,237.2100,238.8500,234.3600,238.4700,237.7973,66427800
2025-09-04,238.4500,239.9000,236.7400,239.7800,239.1035,47549400
2025-09-05,240.0000,241.3200,238.4900,239.6900,239.0138,54870400
2025-09-08,239.3000,240.1500,236.3400,237.8800,237.2089,48999500
2025-09-09,237.0000,238.7800,233.3600,234.3500,233.6889,66313900
2025-09-10,232.1900,232.4200,225.9500,226.7900,226.1502,83440800
2025-09-11,226.8800,230.4500,226.6500,230.0300,229.3811,50208600
2025-09-12,229.2200,234.5100,229.0200,234.0700,233.4097,55824200
2025-09-15,237.0000,238.1900,235.0300,236.7000,236.0322,42699500
2025-09-16,237.1800,241.2200,236.3200,238.1500,237.4781,63421100
2025-09-17,238.9700,240.1000,237.7300,238.9900,238.3158,46508000
2025-09-18,239.9700,241.2000,236.6500,237.8800,237.2089,44249600
2025-09-19,241.2300,246.3000,240.2100,245.5000,244.8074,163741300
2025-09-22,248.3000,256.6400,248.1200,256.0800,255.3576,105517400
2025-09-23,255.8800,257.3400,253.5800,254.4300,253.7122,60275200
2025-09-24,255.2200,255.7400,251.0400,252.3100,251.5982,42303700
2025-09-25,253.2100,257.1700,251.7100,256.8700,256.1453,55202100
2025-09-26,254.1000,257.6000,253.7800,255.4600,254.7393,46076300
2025-09-29,254.5600,255.0000,253.0100,254.4300,253.7122,40127700
2025-09-30,254.8600,255.9200,253.1100,254.6300,253.9117,37704300
2025-10-01,255.0400,258.7900,254.9300,255.4500,254.7293,48713900
2025-10-02,256.5800,258.1800,254.1500,257.1300,256.4046,42630200
2025-10-03,254.6700,259.2400,253.9500,258.0200,257.2921,49155600
2025-10-06,257.9900,259.0700,255.0500,256.6900,255.9659,44664100
2025-10-07,256.8100,257.4000,255.4300,256.4800,255.7565,31955800
2025-10-08,256.5200,258.5200,256.1100,258.0600,257.3320,36496900
2025-10-09,257.8100,258.0000,253.1400,254.0400,253.3233,38322000
2025-10-10,254.9400,256.3800,244.0000,245.2700,244.5781,61999100
2025-10-13,249.3800,249.6900,245.5600,247.6600,246.9613,38142900
2025-10-14,246.6000,248.8500,244.7000,247.7700,247.0710,35478000
2025-10-15,249.4900,251.8200,247.4700,249.3400,248.6366,33893600
2025-10-16,248.2500,249.0400,245.1300,247.4500,246.7519,39777000
2025-10-17,248.0200,253.3800,247.2700,252.2900,251.5782,49147000
2025-10-20,255.8900,264.3800,255.6300,262.2400,261.5002,90483000
2025-10-21,261.8800,265.2900,261.8300,262.7700,262.0287,46695900
2025-10-22,262.6500,262.8500,255.4300,258.4500,257.7209,45015300
2025-10-23,259.9400,260.6200,258.0100,259.5800,258.8477,32754900
2025-10-24,261.1900,264.1300,259.1800,262.8200,262.0786,38253700
2025-10-27,264.8800,269.1200,264.6500,268.8100,268.0516,44888200
2025-10-28,268.9900,269.8900,268.1500,269.0000,268.2411,41534800
2025-10-29,269.2800,271.4100,267.1100,269.7000,268.9391,51086700
2025-10-30,271.9900,274.1400,268.4800,271.4000,270.6343,69886500
2025-10-31,276.9900,277.3200,269.1600,270.3700,269.6072,86167100
2025-11-03,270.4200,270.8500,266.2500,269.0500,268.2910,50194600
2025-11-04,268.3300,271.4900,267.6200,270.0400,269.2782,49274800
2025-11-05,268.6100,271.7000,266.9300,270.1400,269.3779,43683100
2025-11-06,267.8900,273.4000,267.8900,269.7700,269.0089,51204000
2025-11-07,269.8000,272.2900,266.7700,268.4700,267.7126,48227400
2025-11-10,268.9600,273.7300,267.4600,269.4300,268.9303,41312400
2025-11-11,269.8100,275.9100,269.8000,275.2500,274.7396,46208300
2025-11-12,275.0000,275.7300,271.7000,273.4700,272.9629,48398000
2025-11-13,274.1100,276.7000,272.0900,272.9500,272.4438,49602800
2025-11-14,271.0500,275.9600,269.6000,272.4100,271.9048,47431300
2025-11-17,268.8200,270.4900,265.7300,267.4600,266.9640,45018300
2025-11-18,269.9900,270.7100,265.3200,267.4400,266.9440,45677300
2025-11-19,265.5300,272.2100,265.5000,268.5600,268.0620,40424500
2025-11-20,270.8300,275.4300,265.9200,266.2500,265.7563,45823600
2025-11-21,265.9500,273.3300,265.6700,271.4900,270.9865,59030800
2025-11-24,270.9000,277.0000,270.9000,275.9200,275.4084,65585800
2025-11-25,275.2700,280.3800,275.2500,276.9700,276.4564,46914200
2025-11-26,276.9600,279.5300,276.6300,277.5500,277.0353,33431400
2025-11-28,277.2600,279.0000,275.9900,278.8500,278.3329,20135600
2025-12-01,278.0100,283.4200,276.1400,283.1000,282.5750,46587700
2025-12-02,283.0000,287.4000,282.6300,286.1900,285.6593,53669500
2025-12-03,286.2000,288.6200,283.3000,284.1500,283.6230,43538700
2025-12-04,284.1000,284.7300,278.5900,280.7000,280.1794,43989100
2025-12-05,280.5400,281.1400,278.0500,278.7800,278.2630,47265800
2025-12-08,278.1300,279.6700,276.1500,277.8900,277.3747,38211800
2025-12-09,278.1600,280.0300,276.9200,277.1800,276.6660,32193300
2025-12-10,277.7500,279.7500,276.4400,278.7800,278.2630,33038300
2025-12-11,279.1000,279.5900,273.8100,278.0300,277.5144,33248000
2025-12-12,277.9000,279.2200,276.8200,278.2800,277.7639,39532900
2025-12-15,280.1500,280.1500,272.8400,274.1100,273.6017,50409100
2025-12-16,272.8200,275.5000,271.7900,274.6100,274.1007,37648600
2025-12-17,275.0100,276.1600,271.6400,271.8400,271.3359,50138700
2025-12-18,273.6100,273.6300,266.9500,272.1900,271.6852,51630700
2025-12-19,272.1500,274.6000,269.9000,273.6700,273.1625,144632000
2025-12-22,272.8600,273.8800,270.5100,270.9700,270.4675,36571800
2025-12-23,270.8400,272.5000,269.5600,272.3600,271.8549,29642000
2025-12-24,272.3400,275.4300,272.2000,273.8100,273.3022,17910600
2025-12-26,274.1600,275.3700,272.8600,273.4000,272.8930,21521800
2025-12-29,272.6900,274.3600,272.3500,273.7600,273.2523,23715200
2025-12-30,272.8100,274.0800,272.2800,273.0800,272.5735,22139600
2025-12-31,273.0600,273.6800,271.7500,271.8600,271.3558,27293600
