date,open,high,low,close,adj_close,volume
2015-01-02,112.4900,114.8000,112.3200,114.0800,114.0800,7109600
2015-01-05,114.7800,116.0000,114.7300,115.8000,115.8000,8177400
2015-01-06,116.2200,117.5000,115.8000,117.1200,117.1200,11238300
2015-01-07,116.4700,116.8800,116.1700,116.4300,116.4300,6434200
2015-01-08,116.4500,116.8700,115.8500,115.9400,115.9400,7033700
2015-01-09,116.5100,117.3400,116.5000,117.2600,117.2600,7962900
2015-01-12,117.4600,118.7100,117.3200,118.5600,118.5600,8318200
2015-01-13,118.9600,119.1900,117.8700,118.1600,118.1600,7693200
2015-01-14,119.0800,119.3200,117.9000,117.9700,117.9700,7727400
2015-01-15,120.4100,121.7000,120.3400,120.9400,120.9400,17692500
2015-01-16,121.7300,123.1500,121.7100,122.5200,122.5200,14428200
2015-01-20,123.6300,124.6000,123.4900,124.2000,124.2000,14968600
2015-01-21,125.1800,125.3400,123.3700,124.2300,124.2300,11082700
2015-01-22,125.0700,125.5800,124.1500,125.2300,125.2300,10518400
2015-01-23,124.4300,124.5000,123.3500,124.2300,124.2300,6270900
2015-01-26,123.3300,123.3400,122.5200,122.9900,122.9900,6768600
2015-01-27,123.5600,124.6400,123.5100,124.4000,124.4000,9584800
2015-01-28,123.5200,123.8900,122.9400,123.4200,123.4200,8470600
2015-01-29,121.9900,122.2900,120.2600,120.7600,120.7600,11998000
2015-01-30,121.3000,123.5500,120.9200,123.4500,123.4500,14555900
2015-02-02,121.8400,123.1600,121.8200,122.4200,122.4200,8885200
2015-02-03,121.7400,121.7600,120.5600,121.0500,121.0500,8255900
2015-02-04,121.6300,122.2200,120.9200,121.5800,121.5800,5386700
2015-02-05,120.9800,121.8300,120.6100,121.7900,121.7900,6879900
2015-02-06,119.1500,119.5200,117.9500,118.6400,118.6400,13206900
2015-02-09,118.8300,119.4000,118.7700,119.1700,119.1700,5237200
2015-02-10,118.6300,119.0600,118.2100,118.4700,118.4700,4086300
2015-02-11,118.4900,118.5700,117.0000,117.0700,117.0700,6784400
2015-02-12,117.6800,117.8200,117.0900,117.3400,117.3400,4344400
2015-02-13,118.0500,118.5800,117.7900,117.9800,117.9800,4108900
2015-02-17,116.4000,116.5400,115.5800,116.0100,116.0100,7225200
2015-02-18,115.9900,116.5300,114.9900,116.3400,116.3400,8336000
2015-02-19,116.4000,116.5400,115.7400,115.9400,115.9400,6528700
2015-02-20,116.1000,116.4600,115.0500,115.2800,115.2800,6681700
2015-02-23,115.1100,116.2200,115.0700,115.4300,115.4300,4812400
2015-02-24,115.0000,115.5500,114.2900,115.2600,115.2600,7612900
2015-02-25,115.8300,115.8900,115.3300,115.7000,115.7000,5032500
2015-02-26,116.5400,116.5500,115.8300,116.0700,116.0700,4025400
2015-02-27,116.7400,117.0700,116.1600,116.1600,116.1600,8255600
2015-03-02,116.5000,116.6400,115.6200,115.6800,115.6800,7993300
2015-03-03,116.0400,116.6100,115.3500,115.4700,115.4700,4738300
2015-03-04,115.7000,115.7900,115.0200,115.1100,115.1100,4762400
2015-03-05,115.4300,116.1200,114.8400,115.0000,115.0000,5872200
2015-03-06,113.1700,113.2600,111.7000,111.8600,111.8600,11190800
2015-03-09,112.4200,112.6200,111.9500,111.9700,111.9700,5534000
2015-03-10,112.0900,112.3500,111.2200,111.4200,111.4200,7019800
2015-03-11,111.2300,111.2500,110.1600,110.7500,110.7500,6550400
2015-03-12,111.1500,111.2000,110.2500,110.7200,110.7200,6631500
2015-03-13,111.1000,111.2800,110.5100,110.8800,110.8800,4557600
2015-03-16,111.0900,111.2100,110.4200,110.8100,110.8100,3265300
2015-03-17,109.9200,111.3500,109.7700,110.2100,110.2100,8923300
2015-03-18,110.3300,112.8700,110.0900,112.3700,112.3700,12448000
2015-03-19,111.8500,112.5800,111.5800,112.2900,112.2900,6537700
2015-03-20,112.7100,114.0000,112.6700,113.5700,113.5700,8033400
2015-03-23,113.7000,114.3700,113.4900,114.2900,114.2900,4240300
2015-03-24,114.3500,114.6500,113.8200,114.5700,114.5700,2979300
2015-03-25,115.1100,115.1400,114.6500,114.7300,114.7300,3021400
2015-03-26,115.7300,115.8400,115.3400,115.4800,115.4800,5495200
2015-03-27,115.1400,115.3600,114.4500,115.0600,115.0600,4921700
2015-03-30,113.9000,114.0100,113.5400,113.7500,113.7500,4383900
2015-03-31,113.8400,114.2800,113.4100,113.6600,113.6600,4383300
2015-04-01,114.5600,115.9900,114.5400,115.6000,115.6000,7324000
2015-04-02,115.4700,115.7200,114.6800,115.2800,115.2800,3884100
2015-04-06,117.3200,117.4700,116.5200,116.6900,116.6900,5914200
2015-04-07,116.2700,116.5100,115.9400,116.1100,116.1100,2468500
2015-04-08,115.9800,116.0300,114.9000,115.4700,115.4700,5568500
2015-04-09,114.8000,114.8500,114.4800,114.6700,114.6700,4707000
2015-04-10,116.0000,116.1900,115.5000,115.9700,115.9700,3932400
2015-04-13,115.3500,115.3900,114.8000,115.1400,115.1400,3190100
2015-04-14,114.6900,115.0700,114.3900,114.4400,114.4400,3651500
2015-04-15,114.8000,115.6000,114.4700,115.4300,115.4300,3656000
2015-04-16,115.5500,115.6600,114.6400,115.0300,115.0300,3132300
2015-04-17,115.3800,115.7900,115.2300,115.6000,115.6000,3496300
2015-04-20,114.8200,114.9500,114.3200,114.7200,114.7200,3932800
2015-04-21,114.7200,115.5600,114.6500,115.3800,115.3800,3317700
2015-04-22,114.8300,114.9600,113.7700,113.8300,113.8300,5696000
2015-04-23,113.9000,114.9600,113.8100,114.6600,114.6600,3459500
2015-04-24,113.9600,114.0700,112.7700,113.0500,113.0500,7152900
2015-04-27,113.8700,115.8200,113.6700,115.3300,115.3300,7487600
2015-04-28,115.3600,116.6200,115.3400,116.3300,116.3300,8054400
2015-04-29,116.0600,116.3900,115.2800,115.5100,115.5100,7170500
2015-04-30,113.8800,113.8800,112.9600,113.4700,113.4700,9440300
2015-05-01,112.4200,113.3100,112.2800,113.0800,113.0800,7597000
2015-05-04,114.1800,114.4400,113.8800,114.1000,114.1000,3648100
2015-05-05,114.8900,115.1100,114.3900,114.4200,114.4200,3856500
2015-05-06,114.5900,114.7500,114.0200,114.3600,114.3600,3280700
2015-05-07,113.8400,114.0100,113.3200,113.4200,113.4200,5455100
2015-05-08,114.3400,114.4300,113.5900,113.9700,113.9700,9964100
2015-05-11,114.0900,114.3100,113.0800,113.5300,113.5300,2916700
2015-05-12,114.1000,114.6700,114.0600,114.5000,114.5000,3256700
2015-05-13,115.7400,116.9300,115.6800,116.5500,116.5500,11768200
2015-05-14,117.2800,117.7500,117.0300,117.1800,117.1800,6923000
2015-05-15,116.8000,117.6300,116.6800,117.5300,117.5300,4447300
2015-05-18,117.7800,117.8800,117.2700,117.5200,117.5200,5079900
2015-05-19,116.5500,116.7300,115.6500,115.8900,115.8900,5052100
2015-05-20,116.0300,116.3800,115.7600,116.0800,116.0800,4432600
2015-05-21,115.5300,116.0000,115.4700,115.6900,115.6900,2514700
2015-05-22,115.5100,115.9300,115.3200,115.6000,115.6000,1780200
2015-05-26,113.8400,114.2300,113.7000,113.9100,113.9100,5769600
2015-05-27,113.7800,114.0100,113.6300,113.8900,113.8900,2681100
2015-05-28,113.8500,114.1600,113.2100,114.0200,114.0200,5266000
2015-05-29,114.1400,114.4800,114.0000,114.1000,114.1000,3407500
2015-06-01,115.0200,115.5000,113.9000,114.0000,114.0000,8254000
2015-06-02,114.3600,114.6500,114.1700,114.4600,114.4600,3988600
2015-06-03,114.1300,114.3700,113.0800,113.6400,113.6400,4885200
2015-06-04,112.9800,113.1500,112.4800,112.8400,112.8400,5566600
2015-06-05,111.6000,112.3900,111.5700,112.2400,112.2400,5561300
2015-06-08,112.3900,112.6600,112.1300,112.5700,112.5700,3122100
2015-06-09,113.1500,113.2300,112.7100,112.8200,112.8200,3529900
2015-06-10,114.1400,114.1400,113.6900,113.7800,113.7800,5452900
2015-06-11,113.2700,113.4100,112.9200,113.2600,113.2600,4434700
2015-06-12,113.0600,113.5000,112.9600,113.2300,113.2300,2998500
2015-06-15,113.2800,114.1500,113.2100,113.7300,113.7300,5055100
2015-06-16,113.0800,113.4500,112.7900,113.3200,113.3200,4033300
2015-06-17,113.0700,114.0400,112.6300,113.8500,113.8500,6456000
2015-06-18,115.1900,115.6100,114.8900,115.3200,115.3200,8041300
2015-06-19,115.3400,115.4600,114.9500,115.1200,115.1200,4611600
2015-06-22,113.7900,113.9400,113.3400,113.6400,113.6400,5763700
2015-06-23,112.9600,113.1700,112.7900,112.8900,112.8900,4522800
2015-06-24,112.4800,112.7400,112.3100,112.5900,112.5900,2975500
2015-06-25,112.4300,112.7100,112.3200,112.4400,112.4400,2904700
2015-06-26,112.2000,112.6800,112.1300,112.5600,112.5600,4392600
2015-06-29,112.8100,113.2300,112.5300,113.0700,113.0700,5820200
2015-06-30,112.2400,113.0500,111.8400,112.3700,112.3700,7897000
2015-07-01,112.1200,112.5100,111.9400,111.9800,111.9800,4409000
2015-07-02,111.6600,111.8400,111.4100,111.7600,111.7600,3838600
2015-07-06,111.7100,112.5800,111.6300,112.0600,112.0600,4259800
2015-07-07,111.0800,111.1400,110.0500,110.7600,110.7600,9073400
2015-07-08,111.3800,111.6500,111.0800,111.0900,111.0900,5694900
2015-07-09,111.8000,111.9300,111.1500,111.3600,111.3600,3802900
2015-07-10,111.1800,111.7100,111.0300,111.4900,111.4900,3594900
2015-07-13,110.4300,111.1400,110.3600,110.9900,110.9900,4279300
2015-07-14,111.0000,111.0800,110.6300,110.7400,110.7400,2601000
2015-07-15,110.0000,110.1900,109.5800,110.1600,110.1600,9286200
2015-07-16,109.6700,110.0100,109.6000,109.7600,109.7600,4629700
2015-07-17,109.1100,109.1600,108.4000,108.6500,108.6500,14858300
2015-07-20,106.6000,106.6500,105.6200,105.7000,105.7000,15751700
2015-07-21,105.8100,106.3200,105.2500,105.3700,105.3700,10519800
2015-07-22,104.3900,105.0900,104.1800,104.8000,104.8000,8349200
2015-07-23,104.9800,105.3000,104.2000,104.3300,104.3300,5779300
2015-07-24,103.6100,105.5900,103.4300,105.3500,105.3500,11572700
2015-07-27,104.9400,105.6800,104.6600,104.8600,104.8600,10690100
2015-07-28,105.0900,105.3300,104.8300,105.0200,105.0200,5549200
2015-07-29,104.9300,105.6300,104.4900,105.1700,105.1700,5616900
2015-07-30,104.0300,104.9700,103.8600,104.2700,104.2700,6652000
2015-07-31,105.4100,105.7500,104.6900,104.9300,104.9300,6689200
2015-08-03,104.5900,104.8200,104.0500,104.1000,104.1000,3528600
2015-08-04,104.5600,104.7500,103.9500,104.3100,104.3100,3241000
2015-08-05,104.4200,104.5000,103.7800,103.9300,103.9300,5041000
2015-08-06,104.1500,104.8600,104.1400,104.3900,104.3900,3908100
2015-08-07,104.5600,105.3800,104.5500,104.6500,104.6500,4400900
2015-08-10,105.0300,106.2700,104.9200,105.7200,105.7200,5892600
2015-08-11,106.4900,106.6300,105.7700,106.2600,106.2600,4060900
2015-08-12,106.9900,107.9100,106.9300,107.7500,107.7500,10022500
2015-08-13,106.9500,107.1800,106.7100,106.8600,106.8600,4761700
2015-08-14,107.0700,107.4100,106.5400,106.8500,106.8500,3509200
2015-08-17,107.3700,107.5100,107.0000,107.1300,107.1300,5769100
2015-08-18,106.6700,107.3300,106.3100,107.1100,107.1100,4121800
2015-08-19,107.6300,108.6700,107.6300,108.5500,108.5500,7035100
2015-08-20,109.8100,110.6100,109.7000,110.4400,110.4400,12549000
2015-08-21,110.9300,111.3300,110.1200,111.1300,111.1300,13917600
2015-08-24,111.5400,112.1200,109.7700,110.5300,110.5300,18388700
2015-08-25,110.0100,110.0500,108.7200,109.1600,109.1600,9974200
2015-08-26,107.7200,108.0600,107.0800,107.6700,107.6700,10856600
2015-08-27,107.3300,108.0400,107.1100,107.7300,107.7300,8102100
2015-08-28,108.1700,109.3000,108.1200,108.7000,108.7000,7558900
2015-08-31,108.1900,108.9200,108.0300,108.8200,108.8200,4532100
2015-09-01,109.6300,109.7700,108.9400,109.2000,109.2000,7077800
2015-09-02,109.0100,109.3400,108.4600,108.6200,108.6200,4115700
2015-09-03,107.7700,108.3200,107.5600,107.8400,107.8400,3913100
2015-09-04,107.1400,107.5600,107.0700,107.4900,107.4900,4025000
2015-09-08,107.6000,107.9400,107.3100,107.5200,107.5200,5982100
2015-09-09,106.6400,106.7100,105.4800,106.1300,106.1300,8855100
2015-09-10,106.6100,106.7000,106.1800,106.3800,106.3800,6204000
2015-09-11,105.6500,106.2000,105.2700,106.1600,106.1600,4023900
2015-09-14,105.8600,106.3900,105.7800,106.2200,106.2200,2350800
2015-09-15,105.8300,106.0600,105.6800,105.9000,105.9000,2905000
2015-09-16,106.6000,107.7100,106.5600,107.3100,107.3100,5315600
2015-09-17,107.0700,108.5800,106.9600,108.4100,108.4100,8403800
2015-09-18,109.1000,109.3800,108.8200,109.2100,109.2100,6794300
2015-09-21,108.4900,108.6600,108.3300,108.5300,108.5300,4104800
2015-09-22,107.5800,107.9600,107.4400,107.7900,107.7900,5483300
2015-09-23,108.5400,108.6400,108.2000,108.2200,108.2200,2744200
2015-09-24,109.6700,110.8200,109.6300,110.4900,110.4900,11024300
2015-09-25,109.8700,110.0300,109.5500,109.8100,109.8100,5209500
2015-09-28,108.3700,108.9100,108.2700,108.4200,108.4200,3809600
2015-09-29,108.2400,108.6900,107.8800,107.9800,107.9800,4043600
2015-09-30,106.7800,107.0800,106.4700,106.8600,106.8600,7405600
2015-10-01,106.9800,107.2100,106.6300,106.7300,106.7300,4278600
2015-10-02,108.5400,109.3200,108.5400,108.9900,108.9900,7730600
2015-10-05,109.1400,109.3800,108.4600,108.7700,108.7700,5490200
2015-10-06,109.8000,110.2600,109.6300,109.8600,109.8600,7513900
2015-10-07,109.7500,110.1400,109.3400,109.7000,109.7000,5355500
2015-10-08,109.1600,110.2700,109.0600,109.1400,109.1400,5038200
2015-10-09,110.5400,111.0500,110.2300,110.8700,110.8700,7907300
2015-10-12,111.6700,111.7300,111.0100,111.3100,111.3100,6257900
2015-10-13,111.3600,111.8700,111.2800,111.8600,111.8600,5149600
2015-10-14,112.6300,113.9500,112.3000,113.8100,113.8100,10207800
2015-10-15,113.2000,113.9900,112.9400,113.2900,113.2900,14083900
2015-10-16,113.2400,113.4400,112.4300,112.4900,112.4900,7328000
2015-10-19,112.6400,112.6900,111.8900,112.0200,112.0200,3959400
2015-10-20,112.3800,113.0900,112.3800,112.7300,112.7300,4903200
2015-10-21,112.3700,112.3700,111.4100,111.7300,111.7300,3908800
2015-10-22,111.5200,112.2100,111.4300,111.6900,111.6900,3436400
2015-10-23,111.8100,111.8400,110.9600,111.5000,111.5000,4868400
2015-10-26,111.7300,111.9800,111.3300,111.4300,111.4300,2573500
2015-10-27,111.3100,111.8100,111.2900,111.6800,111.6800,2646100
2015-10-28,112.6800,113.2500,110.3100,110.7800,110.7800,8201200
2015-10-29,110.2300,110.6000,109.6600,109.7200,109.7200,5150800
2015-10-30,109.5000,109.5800,109.0600,109.3000,109.3000,5543200
2015-11-02,108.6400,108.8400,108.4600,108.5900,108.5900,5843300
2015-11-03,107.7900,107.8100,106.6800,106.9800,106.9800,7145300
2015-11-04,107.0200,107.0900,105.9200,105.9700,105.9700,7617800
2015-11-05,106.0100,106.1000,105.5800,105.6400,105.6400,5931100
2015-11-06,104.1700,104.4200,104.0200,104.1000,104.1000,8831900
2015-11-09,104.2900,104.5800,104.1900,104.4000,104.4000,4129200
2015-11-10,104.0900,104.6500,103.8700,104.1800,104.1800,4450800
2015-11-11,104.0900,104.2300,103.7800,103.8300,103.8300,3527600
2015-11-12,103.0900,104.3200,103.0400,103.8500,103.8500,6300500
2015-11-13,103.5400,103.7400,103.4500,103.5600,103.5600,3224200
2015-11-16,103.9800,104.0300,103.5200,103.7100,103.7100,2951200
2015-11-17,103.3800,103.4000,101.9800,102.3400,102.3400,8593100
2015-11-18,102.3900,102.9500,102.0400,102.4300,102.4300,5043800
2015-11-19,103.0700,104.0900,103.0700,103.5600,103.5600,5087600
2015-11-20,103.5800,103.6600,102.9700,103.0900,103.0900,5971600
2015-11-23,102.4800,102.7500,102.1600,102.2600,102.2600,4042500
2015-11-24,103.1200,103.2500,102.6900,102.9400,102.9400,3479600
2015-11-25,102.4700,102.6900,102.2100,102.4600,102.4600,2931300
2015-11-27,101.0100,101.6200,100.9900,101.2500,101.2500,4993600
2015-11-30,101.5300,102.3800,101.5200,101.9200,101.9200,6773000
2015-12-01,102.3000,102.4300,101.8100,102.2800,102.2800,4645900
2015-12-02,101.3500,101.3500,100.5300,100.6900,100.6900,10223500
2015-12-03,101.2300,101.9700,100.8500,101.7600,101.7600,6499900
2015-12-04,102.7400,104.2100,102.6500,104.0200,104.0200,10670200
2015-12-07,103.3200,103.3700,102.5000,102.6700,102.6700,4393500
2015-12-08,103.1300,103.2600,102.5300,102.8400,102.8400,3412300
2015-12-09,103.6300,103.6600,102.3200,102.6400,102.6400,6026300
2015-12-10,102.5100,102.8300,102.3400,102.5500,102.5500,3853500
2015-12-11,101.9100,103.3200,101.8500,103.1100,103.1100,6798400
2015-12-14,102.5800,102.7200,101.7400,101.7900,101.7900,5563800
2015-12-15,101.7100,102.0600,101.4100,101.5200,101.5200,6831100
2015-12-16,102.5900,103.2000,101.6600,102.7500,102.7500,8292200
2015-12-17,100.9200,100.9900,100.2300,100.5000,100.5000,10156200
2015-12-18,101.3500,102.5300,101.3000,102.0400,102.0400,8345900
2015-12-21,102.9500,103.5200,102.8300,103.1500,103.1500,6378900
2015-12-22,103.0900,103.2000,102.5600,102.6100,102.6100,4123500
2015-12-23,102.4000,102.5900,102.2100,102.3100,102.3100,2821400
2015-12-24,102.8200,103.0500,102.7700,103.0500,103.0500,1710200
2015-12-28,102.4800,102.6000,102.0300,102.2700,102.2700,3356200
2015-12-29,102.5200,102.5800,102.1100,102.2000,102.2000,2832200
2015-12-30,101.4700,101.6000,101.3500,101.4200,101.4200,3745000
2015-12-31,101.4800,101.7200,101.3100,101.4600,101.4600,3823600
2016-01-04,103.1300,103.6700,102.4900,102.8900,102.8900,6440000
2016-01-05,103.1300,103.4600,102.9300,103.1800,103.1800,3500300
2016-01-06,104.3700,104.8000,103.9300,104.6700,104.6700,9316600
2016-01-07,105.8300,106.2400,105.1900,106.1500,106.1500,11730400
2016-01-08,105.4800,105.8000,105.0400,105.6800,105.6800,7678200
2016-01-11,105.4700,105.5700,104.7100,104.7400,104.7400,6272400
2016-01-12,104.0900,104.5900,103.6500,104.2100,104.2100,5540200
2016-01-13,103.8900,104.8200,103.7800,104.7200,104.7200,7324200
2016-01-14,103.7500,104.1800,102.5000,103.0200,103.0200,9989100
2016-01-15,104.9200,104.9600,103.9700,104.0800,104.0800,10052700
2016-01-19,104.0600,104.4500,103.6500,103.9800,103.9800,4588400
2016-01-20,105.1700,106.1600,104.9400,105.3700,105.3700,10120900
2016-01-21,104.9900,105.4900,104.5200,105.4900,105.4900,5425000
2016-01-22,104.9300,105.5100,104.7600,105.0000,105.0000,4185300
2016-01-25,105.7600,106.0900,105.6000,106.0800,106.0800,6819400
2016-01-26,106.3200,107.4300,106.2600,107.2900,107.2900,8443400
2016-01-27,106.8600,107.9300,106.6500,107.6900,107.6900,8273400
2016-01-28,106.5500,106.8600,106.4800,106.5400,106.5400,5914200
2016-01-29,106.6100,107.0000,106.2600,106.9500,106.9500,8098700
2016-02-01,107.5400,108.1500,107.5300,108.0500,108.0500,10471800
2016-02-02,107.9200,108.1800,107.3500,108.0900,108.0900,6656000
2016-02-03,107.9100,109.5800,107.9000,109.2500,109.2500,15785200
2016-02-04,110.4500,110.7000,109.9200,110.5700,110.5700,13213700
2016-02-05,109.7900,112.3500,109.5800,112.3200,112.3200,14777300
2016-02-08,113.6700,114.8700,113.3900,113.8300,113.8300,28341200
2016-02-09,114.4300,114.6900,113.5500,113.5800,113.5800,18156700
2016-02-10,113.9200,114.5200,112.9800,114.4600,114.4600,13311100
2016-02-11,118.5900,120.8400,117.7700,119.0600,119.0600,49139000
2016-02-12,118.1200,118.7400,117.8800,118.3600,118.3600,16981200
2016-02-16,116.0000,116.3100,114.7400,114.7700,114.7700,14601700
2016-02-17,115.4700,116.0700,114.8900,115.4800,115.4800,10582400
2016-02-18,115.3000,118.6000,115.2900,118.2900,118.2900,13586500
2016-02-19,117.2600,117.9700,117.1000,117.5800,117.5800,15192000
2016-02-22,115.4400,116.1900,115.4100,115.4900,115.4900,10677800
2016-02-23,116.6800,117.4200,116.5200,117.2200,117.2200,9033400
2016-02-24,119.0000,119.8600,117.3500,117.6100,117.6100,17938800
2016-02-25,117.6200,118.9100,117.5400,117.9200,117.9200,12500300
2016-02-26,117.4300,117.7200,115.8600,117.1100,117.1100,12505100
2016-02-29,117.5900,118.7000,117.5300,118.6400,118.6400,11517500
2016-03-01,118.7400,119.1100,117.3400,117.7700,117.7700,14139300
2016-03-02,118.3400,118.9700,118.0700,118.6800,118.6800,8903000
2016-03-03,118.8600,121.3000,118.8100,120.7300,120.7300,18724100
2016-03-04,121.1300,122.3700,120.2200,120.5400,120.5400,16261100
2016-03-07,121.1800,121.5800,120.4100,121.1400,121.1400,9358600
2016-03-08,121.7900,121.8800,120.4700,120.5800,120.5800,11531000
2016-03-09,119.2000,120.3900,118.8400,119.5800,119.5800,8672900
2016-03-10,120.5000,121.7600,120.4200,121.5000,121.5000,18104900
2016-03-11,121.1900,121.3900,119.3600,119.4100,119.4100,10812300
2016-03-14,120.2700,120.3100,117.5000,117.8700,117.8700,14236200
2016-03-15,117.7800,118.0400,117.3600,117.9600,117.9600,9941800
2016-03-16,117.4200,120.7600,117.3400,120.5900,120.5900,17334000
2016-03-17,121.1600,121.1800,120.0300,120.1300,120.1300,9914300
2016-03-18,119.5900,120.3400,119.5100,119.8000,119.8000,16965900
2016-03-21,119.0000,119.3300,118.7300,118.9600,118.9600,7240600
2016-03-22,119.7300,120.1600,118.9600,119.3100,119.3100,6786800
2016-03-23,116.7400,117.1200,116.1600,116.6100,116.6100,15993700
2016-03-24,116.7700,116.9400,116.3000,116.3300,116.3300,6280900
2016-03-28,116.7300,116.9100,116.2700,116.6000,116.6000,3879100
2016-03-29,117.3600,118.8100,116.8000,118.7600,118.7600,14472400
2016-03-30,117.8800,118.2000,116.9100,117.1000,117.1000,10769100
2016-03-31,118.1600,118.3900,117.6000,117.6400,117.6400,9348200
2016-04-01,116.0800,116.9800,115.5500,116.9300,116.9300,10405400
2016-04-04,116.6700,116.7300,116.0700,116.1500,116.1500,7643700
2016-04-05,117.7600,117.9300,117.1500,117.6600,117.6600,8865900
2016-04-06,116.7000,117.3900,116.2600,116.9400,116.9400,7549400
2016-04-07,118.6500,118.8500,115.0000,118.6100,118.6100,11900500
2016-04-08,118.0700,118.7700,117.9800,118.4300,118.4300,9078900
2016-04-11,119.4700,120.3000,119.4200,120.0300,120.0300,9846000
2016-04-12,120.2300,120.3500,119.5500,120.0500,120.0500,9689500
2016-04-13,119.3700,119.4300,118.5600,118.7700,118.7700,8841500
2016-04-14,118.0900,118.1900,116.9500,117.1100,117.1100,13165800
2016-04-15,117.3300,118.1200,117.1900,117.9200,117.9200,7838100
2016-04-18,118.5300,118.5600,117.6300,117.7400,117.7400,5809800
2016-04-19,119.8700,120.0900,119.3700,119.5800,119.5800,21031500
2016-04-20,119.6700,120.0800,118.7200,118.9700,118.9700,10233200
2016-04-21,120.4200,120.5500,119.1300,119.4200,119.4200,14612800
2016-04-22,118.7100,119.0200,117.2800,117.8900,117.8900,10047000
2016-04-25,118.1400,118.7100,118.1100,118.2300,118.2300,4369400
2016-04-26,118.7900,118.8900,118.4500,118.7000,118.7000,9906800
2016-04-27,118.9700,119.7000,118.4300,119.0400,119.0400,7976400
2016-04-28,119.9200,121.4200,119.7300,121.2900,121.2900,15133600
2016-04-29,122.4300,123.9300,122.3400,123.6500,123.6500,19043900
2016-05-02,123.7800,123.9600,123.0500,123.2400,123.2400,12137500
2016-05-03,123.7300,123.8200,122.5100,122.9600,122.9600,9063600
2016-05-04,122.8500,123.2300,121.5100,122.2100,122.2100,9398200
2016-05-05,122.6300,122.7300,121.2500,122.0700,122.0700,8846900
2016-05-06,122.8300,123.8100,122.5900,123.1800,123.1800,11366800
2016-05-09,121.2000,121.2900,120.5900,120.6500,120.6500,9236200
2016-05-10,120.7400,121.3800,120.0800,120.9800,120.9800,9845000
2016-05-11,121.8500,122.1600,121.3800,122.1200,122.1200,7590100
2016-05-12,122.0200,122.3900,121.0000,121.1600,121.1600,7447100
2016-05-13,121.0900,121.8600,120.6600,121.7100,121.7100,7672800
2016-05-16,122.9300,122.9700,121.3800,121.8000,121.8000,7103000
2016-05-17,121.5800,122.5200,121.4800,122.2200,122.2200,8619800
2016-05-18,121.2200,121.9200,119.8800,120.1000,120.1000,13381700
2016-05-19,119.0000,119.9800,118.9200,119.8700,119.8700,14339700
2016-05-20,120.1900,120.3200,119.3100,119.7100,119.7100,10379400
2016-05-23,118.8600,119.6000,118.7500,119.3700,119.3700,8628200
2016-05-24,118.1700,118.2300,117.2500,117.3000,117.3000,12772000
2016-05-25,116.5900,117.0600,116.3200,116.9800,116.9800,10487300
2016-05-26,117.5700,117.6300,116.3900,116.5800,116.5800,5893500
2016-05-27,116.2700,116.3600,115.2900,115.6200,115.6200,8686700
2016-05-31,115.7600,116.4000,115.5000,116.0600,116.0600,8187600
2016-06-01,115.9700,116.1400,115.2000,115.9400,115.9400,8399600
2016-06-02,115.7800,115.9700,115.5800,115.6700,115.6700,4591600
2016-06-03,118.2500,118.8900,118.2300,118.8800,118.8800,14605100
2016-06-06,118.8900,119.1700,118.4600,118.9200,118.9200,9887900
2016-06-07,118.5000,119.0200,118.4100,118.8200,118.8200,4602900
2016-06-08,120.3000,120.7800,120.2300,120.5800,120.5800,11661700
2016-06-09,120.6100,121.4800,120.5500,121.2500,121.2500,12174000
2016-06-10,121.5500,122.1000,121.1800,121.7400,121.7400,13940000
2016-06-13,122.8000,122.8300,122.0300,122.6400,122.6400,12594200
2016-06-14,123.0000,123.0600,122.3000,122.7700,122.7700,11651700
2016-06-15,122.5200,123.8700,122.3800,123.6800,123.6800,15053000
2016-06-16,125.1700,125.6700,122.2300,122.3800,122.3800,26635000
2016-06-17,123.2600,124.1000,122.6900,123.9500,123.9500,15573800
2016-06-20,122.2600,123.3300,122.1300,123.2100,123.2100,11866200
2016-06-21,121.6500,121.8600,120.7700,120.8400,120.8400,14585600
2016-06-22,120.8300,121.2500,120.6800,120.9000,120.9000,7861000
2016-06-23,120.4900,121.0300,120.0600,120.1100,120.1100,10704900
2016-06-24,126.6200,126.8200,125.0000,126.0000,126.0000,35782900
2016-06-27,126.4400,127.0500,125.8300,126.6800,126.6800,21228800
2016-06-28,125.5600,126.0200,125.0600,125.3200,125.3200,16001500
2016-06-29,125.9100,126.8100,125.7000,125.8400,125.8400,12218400
2016-06-30,125.9500,126.5200,125.5000,126.4700,126.4700,15981600
2016-07-01,127.6600,128.4200,127.4400,128.4100,128.4100,14940700
2016-07-05,128.8000,129.5900,128.1700,129.4700,129.4700,19026200
2016-07-06,130.5000,131.1500,129.8200,130.2300,130.2300,17376700
2016-07-07,129.8200,130.1200,128.9800,129.7400,129.7400,16508500
2016-07-08,129.8500,130.5200,128.9700,130.5200,130.5200,17634200
2016-07-11,129.4900,129.9000,129.1600,129.2900,129.2900,10855600
2016-07-12,128.5200,128.5400,126.9900,127.1500,127.1500,26459600
2016-07-13,128.0000,128.4300,127.6100,128.3200,128.3200,7377700
2016-07-14,126.3100,127.3700,126.0300,127.3300,127.3300,12132400
2016-07-15,126.3800,127.1900,126.3300,126.8400,126.8400,13892100
2016-07-18,127.0200,127.5000,126.6300,127.0400,127.0400,8489700
2016-07-19,126.9500,127.3500,126.8200,127.2100,127.2100,5170700
2016-07-20,125.5000,126.1200,125.3100,125.3900,125.3900,11777700
2016-07-21,125.6600,127.3700,125.6000,127.3000,127.3000,9399200
2016-07-22,126.4300,126.5200,126.0100,126.3500,126.3500,7716000
2016-07-25,125.5300,126.2100,125.1100,125.4700,125.4700,13139400
2016-07-26,126.0900,126.1400,125.7500,126.0000,126.0000,7613200
2016-07-27,126.7900,128.1200,126.0400,128.0300,128.0300,17066400
2016-07-28,128.0900,128.2000,127.2100,127.6600,127.6600,9261800
2016-07-29,128.4200,129.4100,127.8800,128.9800,128.9800,13708200
2016-08-01,128.5700,129.3400,128.5600,129.2200,129.2200,7109900
2016-08-02,130.0400,130.5500,129.9400,130.2700,130.2700,7652800
2016-08-03,129.9500,129.9600,129.2700,129.6500,129.6500,5010700
2016-08-04,130.0100,130.2800,129.8200,129.8700,129.8700,4908100
2016-08-05,128.4600,128.5500,127.3900,127.5500,127.5500,16205100
2016-08-08,127.2900,127.7000,127.2700,127.4400,127.4400,6773800
2016-08-09,127.9400,128.1400,127.7500,127.9600,127.9600,7500400
2016-08-10,129.1200,129.2000,128.1500,128.5600,128.5600,6196200
2016-08-11,128.6100,129.1900,127.4800,127.6700,127.6700,9763800
2016-08-12,127.6700,129.2600,127.2000,127.4000,127.4000,15395800
2016-08-15,127.6200,128.2500,127.6000,127.8400,127.8400,4530800
2016-08-16,128.1200,129.0400,128.0000,128.4700,128.4700,8678100
2016-08-17,128.1700,128.9900,127.4600,128.5000,128.5000,12034800
2016-08-18,128.8900,129.1700,128.5800,129.1100,129.1100,9500600
2016-08-19,128.0800,128.6700,127.8600,127.9700,127.9700,10660100
2016-08-22,127.6300,127.9200,127.4500,127.7800,127.7800,8627200
2016-08-23,128.1400,128.2200,127.6100,127.7600,127.7600,9038500
2016-08-24,126.9200,126.9700,126.3000,126.3400,126.3400,13539700
2016-08-25,125.9800,126.3100,125.9600,126.2300,126.2300,5926300
2016-08-26,126.8800,128.1100,125.8200,126.0500,126.0500,17967700
2016-08-29,126.0000,126.4800,125.9300,126.3000,126.3000,5562400
2016-08-30,125.7300,125.9500,124.8800,125.0300,125.0300,9877000
2016-08-31,124.7300,125.1100,124.6400,124.7800,124.7800,13324100
2016-09-01,124.6700,125.5100,124.5500,125.2900,125.2900,12877700
2016-09-02,126.2900,126.5700,125.5800,126.5700,126.5700,11318600
2016-09-06,127.4000,129.0800,127.2700,128.7100,128.7100,15115300
2016-09-07,128.7900,128.8600,128.1200,128.2700,128.2700,8859800
2016-09-08,128.1600,128.5200,127.4000,127.5900,127.5900,10561800
2016-09-09,127.2400,127.5100,126.7000,126.7500,126.7500,12485600
2016-09-12,126.3100,126.9200,125.9700,126.5900,126.5900,11140300
2016-09-13,126.4700,126.6000,125.5300,125.7500,125.7500,8866400
2016-09-14,126.1000,126.5400,126.0300,126.1800,126.1800,5820700
2016-09-15,125.7300,126.1000,124.9100,125.3700,125.3700,12790400
2016-09-16,124.8100,125.2500,124.6700,125.0600,125.0600,18995100
2016-09-19,125.6100,125.6200,125.2500,125.3200,125.3200,4959600
2016-09-20,125.3100,125.5900,125.1700,125.4400,125.4400,5672000
2016-09-21,126.3300,127.4200,125.9600,127.2700,127.2700,13646400
2016-09-22,127.5700,128.2000,127.5000,127.5700,127.5700,15188000
2016-09-23,127.6000,127.8600,127.4300,127.6500,127.6500,7702300
2016-09-26,127.9600,128.0400,127.4200,127.5500,127.5500,5842700
2016-09-27,126.8600,126.9000,126.3400,126.6200,126.6200,6220700
2016-09-28,126.2500,126.4000,125.7300,126.2200,126.2200,6757700
2016-09-29,125.8400,126.3400,125.5400,126.0700,126.0700,7448400
2016-09-30,126.5200,126.5500,125.2400,125.6400,125.6400,11204300
2016-10-03,125.3200,125.4600,124.9000,125.3200,125.3200,9044100
2016-10-04,123.1600,123.1800,120.8600,120.9700,120.9700,24372700
2016-10-05,121.3300,121.5900,120.4000,120.7800,120.7800,14718100
2016-10-06,119.6900,119.9800,119.2400,119.6600,119.6600,17917700
2016-10-07,120.4900,120.5800,118.4200,119.7400,119.7400,17907300
2016-10-10,119.7400,120.4200,119.7400,120.1600,120.1600,4514400
2016-10-11,119.9200,120.1600,119.5300,119.5500,119.5500,6065300
2016-10-12,119.7200,120.0700,119.2900,119.7400,119.7400,4848600
2016-10-13,120.0000,120.4200,119.8000,120.0300,120.0300,7184600
2016-10-14,119.3700,120.1600,119.2900,119.3600,119.3600,6577300
2016-10-17,119.7000,119.9200,119.5800,119.6800,119.6800,4777900
2016-10-18,120.0800,120.6400,119.8200,120.4200,120.4200,4919700
2016-10-19,121.1300,121.4600,120.8900,121.1100,121.1100,6019800
2016-10-20,121.3900,121.5900,120.6300,120.7400,120.7400,6496700
2016-10-21,120.9000,120.9300,120.5500,120.8300,120.8300,6707800
2016-10-24,121.2800,121.3000,120.1600,120.5600,120.5600,5481100
2016-10-25,120.8900,121.7600,120.8600,121.4700,121.4700,6141100
2016-10-26,121.3700,121.5300,120.6100,120.7900,120.7900,3905900
2016-10-27,121.1100,121.1800,120.7500,121.0100,121.0100,4336000
2016-10-28,121.2000,122.4800,120.8100,121.5800,121.5800,11639900
2016-10-31,121.5100,122.0000,121.2300,121.9400,121.9400,7722100
2016-11-01,122.8000,123.2100,122.5700,122.7300,122.7300,13384300
2016-11-02,123.7600,124.7600,123.5600,123.6400,123.6400,15692400
2016-11-03,123.3600,124.3300,123.3500,124.3000,124.3000,10093100
2016-11-04,124.4000,124.5400,124.0400,124.3900,124.3900,8594600
2016-11-07,122.6600,122.7100,121.8800,122.1500,122.1500,10015000
2016-11-08,122.1200,123.0900,121.3600,121.6400,121.6400,9480600
2016-11-09,124.3000,124.3500,121.1100,121.5600,121.5600,18236500
2016-11-10,121.5200,121.5400,119.3800,119.7500,119.7500,22268000
2016-11-11,119.6500,119.6900,116.2300,117.1000,117.1000,20381800
2016-11-14,116.1200,117.1400,115.4900,116.1100,116.1100,20729400
2016-11-15,116.4600,117.2400,116.2900,117.1200,117.1200,9348600
2016-11-16,117.2700,117.2700,116.5800,116.7700,116.7700,5486100
2016-11-17,116.9100,117.2200,115.4400,116.1700,116.1700,10342300
2016-11-18,115.5200,115.7700,114.9600,115.1500,115.1500,10444300
2016-11-21,115.7200,115.9400,115.2900,115.5800,115.5800,6654200
2016-11-22,115.7200,115.7900,114.9800,115.5400,115.5400,6391900
2016-11-23,113.8700,113.8800,112.6500,113.2500,113.2500,20982100
2016-11-25,113.4200,113.5100,112.3500,112.6100,112.6100,5345900
2016-11-28,113.2300,113.8400,112.7700,113.8000,113.8000,5655400
2016-11-29,112.7600,113.4800,112.6900,113.2700,113.2700,7438600
2016-11-30,112.6900,112.7900,111.5000,111.7500,111.7500,10925500
2016-12-01,111.1100,111.9900,110.6300,111.5400,111.5400,10237000
2016-12-02,111.8900,112.3200,111.7800,112.1400,112.1400,7416500
2016-12-05,111.1500,112.1100,110.3100,111.5400,111.5400,10187900
2016-12-06,111.6900,112.0300,111.1900,111.4300,111.4300,5533700
2016-12-07,112.1300,112.5000,111.7700,111.8300,111.8300,4901800
2016-12-08,111.7200,111.8700,111.4600,111.5700,111.5700,5977800
2016-12-09,111.1800,111.2500,110.1900,110.4000,110.4000,10507700
2016-12-12,110.5900,111.1100,110.2700,110.8200,110.8200,6156700
2016-12-13,110.5700,110.7900,110.0600,110.4500,110.4500,7961600
2016-12-14,110.9500,110.9800,108.5200,108.8300,108.8300,12933600
2016-12-15,107.8500,107.9900,107.0000,107.3400,107.3400,14427500
2016-12-16,107.9500,108.7800,107.4800,108.0500,108.0500,10602800
2016-12-19,108.6000,108.8800,108.3400,108.5900,108.5900,5339100
2016-12-20,107.4700,108.0000,107.2900,107.7900,107.7900,7321100
2016-12-21,108.2500,108.3100,107.6800,107.8500,107.8500,5188700
2016-12-22,107.6800,108.1000,107.4900,107.5900,107.5900,4942800
2016-12-23,107.8400,108.2500,107.8000,107.9300,107.9300,5012200
2016-12-27,108.6100,108.6700,108.2400,108.5600,108.5600,3685500
2016-12-28,108.4000,108.9100,108.2900,108.8600,108.8600,5091200
2016-12-29,109.2300,110.5300,109.1600,110.2900,110.2900,7563900
2016-12-30,110.3800,110.6200,109.5300,109.6100,109.6100,8873700
2017-01-03,109.6200,111.0000,109.3700,110.4700,110.4700,7527400
2017-01-04,111.0600,111.2200,110.6100,110.8600,110.8600,4904100
2017-01-05,112.1600,112.9400,112.0700,112.5800,112.5800,9606800
2017-01-06,111.8100,112.3800,111.5700,111.7500,111.7500,7686100
2017-01-09,112.3900,113.0400,112.1800,112.6700,112.6700,5674600
2017-01-10,112.9400,113.4500,112.6400,113.1500,113.1500,6093400
2017-01-11,112.8700,114.1900,112.1700,113.5000,113.5000,9918700
2017-01-12,114.5200,114.9300,113.8100,113.9100,113.9100,8457300
2017-01-13,113.6500,114.3100,113.1900,114.2100,114.2100,7261500
2017-01-17,115.8900,115.9600,115.5000,115.8500,115.8500,9142400
2017-01-18,115.7400,115.9200,114.5600,114.8700,114.8700,6498100
2017-01-19,114.3200,114.9600,113.9400,114.7700,114.7700,6437000
2017-01-20,114.6500,115.7600,114.3200,115.0500,115.0500,12261500
2017-01-23,115.5100,116.1700,115.2000,115.7900,115.7900,6373100
2017-01-24,115.6900,116.0200,114.9400,115.2700,115.2700,5798800
2017-01-25,114.1400,114.4400,113.6800,114.3200,114.3200,6697500
2017-01-26,113.2400,113.5100,112.8300,113.2600,113.2600,5390500
2017-01-27,112.9300,113.5500,112.8100,113.4900,113.4900,6706600
2017-01-30,113.6100,114.3000,113.5400,113.9700,113.9700,7687800
2017-01-31,115.2700,115.8200,115.1800,115.5500,115.5500,10421900
2017-02-01,114.6600,115.4500,114.1400,115.2000,115.2000,6932900
2017-02-02,116.2600,116.5700,115.6300,115.8400,115.8400,7189500
2017-02-03,115.7300,116.3700,115.7100,116.1300,116.1300,9455500
2017-02-06,117.0700,117.7400,116.7400,117.7000,117.7000,8547800
2017-02-07,117.3100,117.7400,117.2000,117.4600,117.4600,8621000
2017-02-08,118.0900,118.5900,117.8100,118.1900,118.1900,9633400
2017-02-09,118.1900,118.5800,117.2000,117.2900,117.2900,8177200
2017-02-10,116.6800,117.8600,116.6700,117.6000,117.6000,9072100
2017-02-13,116.7300,116.9500,116.1500,116.8000,116.8000,7354900
2017-02-14,117.5100,117.5600,116.3800,116.9300,116.9300,6927800
2017-02-15,116.3300,117.4800,116.2500,117.4500,117.4500,7088400
2017-02-16,117.9300,118.3500,117.8300,118.0800,118.0800,6378700
2017-02-17,118.1900,118.4000,117.6200,117.6800,117.6800,7338100
2017-02-21,117.0400,118.0000,116.7700,117.7500,117.7500,6166900
2017-02-22,117.8600,118.0200,117.2400,117.9100,117.9100,6057200
2017-02-23,118.7600,119.1600,118.6800,118.9400,118.9400,7523300
2017-02-24,119.7400,119.8800,119.2500,119.7000,119.7000,9809000
2017-02-27,119.7300,120.4000,119.1200,119.1200,119.1200,9263500
2017-02-28,119.7100,119.8400,118.8200,119.2300,119.2300,8727800
2017-03-01,117.9800,119.1200,117.9500,119.0600,119.0600,8679600
2017-03-02,117.7600,118.3400,117.2300,117.5800,117.5800,10986300
2017-03-03,116.9500,117.7300,116.4400,117.5100,117.5100,10665800
2017-03-06,117.3500,117.3500,116.6300,116.7200,116.7200,4883500
2017-03-07,116.1300,116.2500,115.6200,115.7800,115.7800,6846300
2017-03-08,114.9900,115.3600,114.9500,115.0600,115.0600,7620900
2017-03-09,114.7800,115.0300,114.4100,114.4700,114.4700,6410900
2017-03-10,114.4500,114.7300,114.1300,114.7200,114.7200,7929500
2017-03-13,114.6300,114.9100,114.5100,114.7400,114.7400,5807400
2017-03-14,114.5400,115.0100,114.0300,114.1200,114.1200,5301800
2017-03-15,114.2900,116.2500,114.0200,116.2500,116.2500,13524100
2017-03-16,117.2700,117.2900,116.6900,116.7300,116.7300,9322000
2017-03-17,117.0400,117.2700,116.9100,116.9900,116.9900,4683000
2017-03-20,117.3100,117.6000,117.2100,117.5100,117.5100,4000200
2017-03-21,117.7700,118.8000,117.7600,118.5400,118.5400,9567900
2017-03-22,118.8700,119.1500,118.6800,118.8300,118.8300,7287400
2017-03-23,119.1500,119.2500,118.3200,118.6700,118.6700,6201100
2017-03-24,118.5000,119.2100,118.3900,118.8600,118.8600,6879600
2017-03-27,119.9300,120.0800,119.2700,119.5300,119.5300,8519600
2017-03-28,119.7400,119.8300,118.7800,119.0400,119.0400,7112800
2017-03-29,119.2200,119.4500,119.0500,119.3300,119.3300,4911000
2017-03-30,118.7700,119.1200,118.3200,118.4700,118.4700,6894600
2017-03-31,118.6100,119.0800,118.4600,118.7200,118.7200,8520800
2017-04-03,118.6900,119.3700,118.6700,119.3500,119.3500,6105700
2017-04-04,119.5900,119.7700,119.3800,119.6200,119.6200,4687300
2017-04-05,118.6200,119.6300,118.4000,119.6200,119.6200,8106000
2017-04-06,119.2200,119.4200,118.9800,119.1800,119.1800,4633500
2017-04-07,120.3000,120.6700,119.1400,119.4600,119.4600,12351100
2017-04-10,119.0400,119.6900,118.8500,119.4600,119.4600,4623700
2017-04-11,120.3300,121.4000,120.2900,121.1900,121.1900,12455300
2017-04-12,121.3800,122.2200,121.1400,122.0200,122.0200,9502500
2017-04-13,122.5400,122.6500,122.0300,122.6000,122.6000,9892600
2017-04-17,122.5500,123.0700,121.9900,122.2400,122.2400,8469600
2017-04-18,122.4300,123.0300,121.7300,122.8200,122.8200,10903700
2017-04-19,122.2500,122.2600,121.2800,121.7300,121.7300,8472700
2017-04-20,121.8200,122.1700,121.5000,121.9600,121.9600,11787300
2017-04-21,122.1400,122.6100,121.7300,122.3100,122.3100,15608000
2017-04-24,120.7700,121.5100,120.6600,121.4800,121.4800,11053600
2017-04-25,120.5300,120.8700,120.0500,120.2500,120.2500,10344800
2017-04-26,120.2100,120.9600,119.8700,120.8400,120.8400,9758800
2017-04-27,120.4200,120.6000,119.9700,120.3900,120.3900,8267000
2017-04-28,120.3400,120.7700,120.2700,120.7700,120.7700,9134200
2017-05-01,120.2100,120.7500,119.3500,119.6700,119.6700,9331800
2017-05-02,119.3000,119.6500,119.2400,119.6500,119.6500,4900800
2017-05-03,119.1800,119.3400,117.9200,117.9800,117.9800,10811100
2017-05-04,116.8100,117.2800,116.6300,116.7900,116.7900,12406900
2017-05-05,116.8600,117.0700,116.6800,117.0100,117.0100,7127200
2017-05-08,117.0300,117.1400,116.6800,116.7500,116.7500,5438400
2017-05-09,116.1800,116.2400,115.5600,116.0500,116.0500,6801300
2017-05-10,116.4200,116.5000,115.8600,116.0400,116.0400,4290500
2017-05-11,116.2100,116.8500,116.1900,116.5000,116.5000,6274400
2017-05-12,117.0700,117.1600,116.7300,116.8300,116.8300,5434500
2017-05-15,117.5200,117.5400,116.9900,117.1400,117.1400,5019600
2017-05-16,117.4500,117.9100,117.4000,117.6500,117.6500,4942800
2017-05-17,119.3600,120.0200,119.2700,119.7900,119.7900,13936900
2017-05-18,119.7700,119.8400,118.5600,118.8100,118.8100,10341100
2017-05-19,119.3900,119.5500,118.8800,119.4000,119.4000,6787300
2017-05-22,119.6300,120.1400,119.5800,119.9000,119.9000,5132500
2017-05-23,120.1300,120.1900,118.9800,119.1400,119.1400,8305400
2017-05-24,119.0700,119.7400,118.9200,119.6100,119.6100,7025000
2017-05-25,119.5200,119.7000,119.2900,119.4800,119.4800,4105100
2017-05-26,120.4900,120.7900,120.3300,120.5400,120.5400,6791600
2017-05-30,120.2400,120.3300,119.9500,120.1400,120.1400,4507500
2017-05-31,120.3100,121.2300,120.2600,120.6200,120.6200,10360700
2017-06-01,120.1700,120.7400,120.0600,120.7200,120.7200,8702500
2017-06-02,121.3100,121.7100,121.1900,121.6100,121.6100,7268100
2017-06-05,121.9100,121.9400,121.5800,121.7300,121.7300,3979200
2017-06-06,123.0900,123.3100,122.7700,123.1000,123.1000,10798500
2017-06-07,122.7900,123.1600,122.0200,122.4500,122.4500,9039200
2017-06-08,122.0700,122.0800,120.9500,121.6500,121.6500,8169800
2017-06-09,120.4600,120.9100,120.4000,120.5400,120.5400,7054700
2017-06-12,120.3300,120.6900,120.2700,120.3600,120.3600,4927400
2017-06-13,119.9500,120.7100,119.9200,120.4800,120.4800,3786600
2017-06-14,121.5100,121.8800,119.5700,119.8200,119.8200,21124800
2017-06-15,119.2200,119.5000,119.1300,119.3200,119.3200,6796700
2017-06-16,119.3500,119.5000,119.2400,119.3400,119.3400,6435700
2017-06-19,118.7400,118.8400,118.3300,118.4300,118.4300,6787000
2017-06-20,118.4200,118.4600,118.0700,118.1800,118.1800,4617400
2017-06-21,118.1500,118.6600,118.1500,118.5200,118.5200,4723700
2017-06-22,119.1300,119.2000,118.6000,118.9200,118.9200,5811900
2017-06-23,119.6500,119.6600,119.3100,119.4300,119.4300,9258600
2017-06-26,118.2900,118.5400,118.1700,118.3600,118.3600,6593400
2017-06-27,118.8700,119.0500,118.4800,118.8100,118.8100,5759300
2017-06-28,119.0600,119.0600,118.6900,118.9000,118.9000,4220100
2017-06-29,117.9700,118.6400,117.9100,118.3200,118.3200,7705200
2017-06-30,118.0800,118.4100,117.9500,118.0200,118.0200,7272600
2017-07-03,116.5400,116.8500,115.9400,116.0900,116.0900,12145000
2017-07-05,115.9100,116.6700,115.8700,116.5200,116.5200,7223300
2017-07-06,116.5800,116.6100,116.2400,116.4700,116.4700,4443400
2017-07-07,115.7800,115.7900,114.8000,115.2800,115.2800,11153600
2017-07-10,115.0200,115.5700,114.8300,115.4700,115.4700,4970900
2017-07-11,115.2600,115.7700,114.8800,115.6200,115.6200,6637900
2017-07-12,116.2100,116.3300,115.8700,116.0300,116.0300,4654400
2017-07-13,116.0400,116.0400,115.6700,115.8200,115.8200,4148900
2017-07-14,117.0400,117.2500,116.6400,116.7700,116.7700,5788200
2017-07-17,117.4200,117.5300,117.2300,117.2900,117.2900,5170800
2017-07-18,117.9900,118.3300,117.8800,118.1100,118.1100,7158600
2017-07-19,118.1800,118.2700,117.8400,118.0800,118.0800,3205100
2017-07-20,117.9200,118.6200,117.6600,118.2400,118.2400,5571600
2017-07-21,119.0000,119.3900,118.7500,119.2600,119.2600,10135900
2017-07-24,119.5200,119.5800,119.1800,119.3100,119.3100,3654300
2017-07-25,118.9900,119.3200,118.7900,118.9200,118.9200,6203000
2017-07-26,118.5700,120.1500,118.5500,119.8800,119.8800,8527900
2017-07-27,120.1000,120.1400,119.2800,119.7900,119.7900,6385200
2017-07-28,120.1500,120.8600,120.1400,120.6900,120.6900,7393600
2017-07-31,120.5000,120.8100,120.4500,120.7500,120.7500,3944600
2017-08-01,120.4400,121.1400,120.4400,120.6500,120.6500,7365100
2017-08-02,120.5100,121.0200,120.3400,120.4000,120.4000,5945300
2017-08-03,120.3100,120.8300,120.3100,120.5900,120.5900,4275600
2017-08-04,119.9700,120.0400,119.2200,119.6500,119.6500,8644800
2017-08-07,119.4300,119.7900,119.4300,119.5100,119.5100,3010100
2017-08-08,120.0200,120.1200,118.9700,119.8600,119.8600,7227200
2017-08-09,121.0200,121.5500,120.7600,121.3100,121.3100,9186200
2017-08-10,122.0800,122.4400,122.0300,122.2100,122.2100,9817900
2017-08-11,122.2400,122.8300,122.0300,122.7900,122.7900,8019500
2017-08-14,121.9800,122.2400,121.6800,121.9200,121.9200,6035300
2017-08-15,120.6000,121.2300,120.5800,120.9800,120.9800,6731300
2017-08-16,120.6600,122.0600,120.6600,121.8700,121.8700,8267300
2017-08-17,122.2900,122.6100,121.7600,122.4900,122.4900,8183800
2017-08-18,123.3700,123.5400,122.0000,122.3000,122.3000,13654200
2017-08-21,122.5400,122.9800,122.5000,122.7600,122.7600,5549700
2017-08-22,122.5600,122.5600,121.8500,122.2100,122.2100,6493900
2017-08-23,122.5800,122.6900,122.3100,122.6700,122.6700,5038400
2017-08-24,122.3900,122.6400,122.1300,122.2900,122.2900,4193400
2017-08-25,122.7700,123.0200,121.2900,122.7400,122.7400,12398200
2017-08-28,123.3300,124.7300,123.3300,124.6900,124.6900,11578300
2017-08-29,125.8100,125.8700,124.0500,124.4200,124.4200,9861500
2017-08-30,124.3300,124.6200,124.1600,124.3600,124.3600,6328400
2017-08-31,124.5800,125.8400,124.5500,125.8200,125.8200,11775500
2017-09-01,126.0100,126.1700,125.1200,126.0600,126.0600,11567400
2017-09-05,126.6500,127.7800,126.5700,127.4600,127.4600,11813100
2017-09-06,127.3400,127.4400,126.5500,126.8100,126.8100,10059300
2017-09-07,127.5600,128.3200,127.3900,128.1300,128.1300,10219700
2017-09-08,128.2100,128.3000,127.5900,127.9700,127.9700,9020000
2017-09-11,126.7400,126.9400,126.0500,126.1900,126.1900,9126600
2017-09-12,126.0300,126.5900,125.9400,126.5600,126.5600,8349000
2017-09-13,126.4000,126.4500,125.5000,125.6100,125.6100,8491000
2017-09-14,125.6600,126.4400,125.6200,126.1600,126.1600,5330700
2017-09-15,125.9900,125.9900,125.4100,125.5300,125.5300,8375100
2017-09-18,124.7100,124.7600,123.9700,124.3600,124.3600,8859800
2017-09-19,124.4900,124.6500,124.0300,124.6200,124.6200,5826500
2017-09-20,124.6800,125.0600,123.1500,123.6200,123.6200,11415400
2017-09-21,122.5600,123.0700,122.4900,122.6800,122.6800,7757900
2017-09-22,123.0300,123.3900,122.9300,123.2400,123.2400,6011900
2017-09-25,122.7800,124.6600,122.7100,124.5300,124.5300,10257200
2017-09-26,123.5700,123.8100,122.9000,123.1400,123.1400,8673600
2017-09-27,122.0400,122.5100,121.8800,121.9800,121.9800,6903900
2017-09-28,122.0400,122.4800,121.8300,122.2100,122.2100,5968200
2017-09-29,122.2900,122.3000,121.5500,121.5800,121.5800,10208000
2017-10-02,121.1700,121.3400,120.7400,120.7700,120.7700,11755400
2017-10-03,120.7200,121.1000,120.7000,120.8300,120.8300,3728700
2017-10-04,121.2100,121.2700,120.7100,121.1700,121.1700,6475200
2017-10-05,121.1500,121.2400,120.4000,120.5200,120.5200,6205400
2017-10-06,120.2600,121.2100,119.7800,121.0900,121.0900,10013300
2017-10-09,121.6400,122.1100,121.5500,122.0800,122.0800,5264100
2017-10-10,122.6200,122.9700,122.3600,122.4000,122.4000,9315500
2017-10-11,122.5700,122.8800,122.0300,122.7900,122.7900,5649400
2017-10-12,122.8400,123.0400,122.5000,122.8900,122.8900,3037600
2017-10-13,123.6600,123.8600,123.3400,123.8200,123.8200,6820300
2017-10-16,123.8200,123.9700,122.5700,122.9700,122.9700,8202000
2017-10-17,122.0300,122.3200,121.7300,122.1300,122.1300,7041300
2017-10-18,121.7100,121.9400,121.5500,121.6700,121.6700,3666400
2017-10-19,122.2000,122.5500,122.1100,122.3900,122.3900,5567300
2017-10-20,121.6800,121.9800,121.3900,121.6100,121.6100,8481100
2017-10-23,120.9800,121.9000,120.9600,121.8000,121.8000,5069700
2017-10-24,121.2600,121.7100,120.9800,121.3300,121.3300,5114100
2017-10-25,121.3100,121.5900,120.8400,121.3500,121.3500,4282400
2017-10-26,121.1600,121.1600,120.2200,120.3300,120.3300,6438800
2017-10-27,120.3800,120.9900,120.2100,120.9000,120.9000,6664200
2017-10-30,120.3800,121.4700,120.3800,121.1300,121.1300,5119200
2017-10-31,120.8200,120.8400,120.3800,120.6700,120.6700,3910500
2017-11-01,120.9800,121.5500,120.8400,121.1100,121.1100,4647800
2017-11-02,121.2900,121.9600,121.0500,121.1900,121.1900,5369500
2017-11-03,121.3600,121.4300,120.1800,120.6200,120.6200,6330600
2017-11-06,120.7200,121.8500,120.6800,121.6500,121.6500,6953800
2017-11-07,121.5100,121.5600,120.7800,121.2100,121.2100,4165900
2017-11-08,121.9500,122.2500,121.5900,121.6300,121.6300,5565200
2017-11-09,121.8500,122.4100,121.7300,122.1300,122.1300,6072400
2017-11-10,121.9900,122.1100,120.9400,121.1300,121.1300,7116200
2017-11-13,121.4300,121.5500,121.2700,121.3100,121.3100,6249300
2017-11-14,120.9000,121.9100,120.7700,121.5600,121.5600,6189000
2017-11-15,122.1300,122.3600,121.2500,121.4100,121.4100,4984800
2017-11-16,121.4500,121.7100,121.2900,121.4000,121.4000,2796500
2017-11-17,122.1500,123.1700,121.9500,122.8600,122.8600,10614000
2017-11-20,122.3000,122.4100,121.0400,121.3100,121.3100,8356700
2017-11-21,121.6700,122.0000,121.5000,121.5100,121.5100,4956500
2017-11-22,122.2600,122.9500,122.1700,122.6300,122.6300,5211800
2017-11-24,122.3600,122.6100,122.2200,122.3200,122.3200,1779700
2017-11-27,123.2600,123.3300,122.6700,122.8300,122.8300,4961200
2017-11-28,123.0500,123.1700,122.5300,122.8100,122.8100,5603100
2017-11-29,122.2400,122.3300,121.7400,122.0400,122.0400,6138900
2017-11-30,121.4400,121.7000,120.6400,121.1000,121.1000,7936300
2017-12-01,120.9400,122.4300,120.7400,121.5900,121.5900,13080100
2017-12-04,121.1500,121.2000,120.8400,121.1800,121.1800,6943700
2017-12-05,120.1000,120.5100,119.7200,120.3200,120.3200,10041200
2017-12-06,120.0400,120.4400,119.8700,120.0700,120.0700,6643000
2017-12-07,119.0100,119.2400,118.1000,118.4900,118.4900,12900200
2017-12-08,118.4900,118.9200,118.3300,118.4800,118.4800,5231300
2017-12-11,118.3700,118.5400,117.8000,118.0100,118.0100,4522200
2017-12-12,117.6500,118.1700,117.4000,118.1500,118.1500,8020100
2017-12-13,118.1900,119.3500,118.0100,119.1700,119.1700,10086700
2017-12-14,119.1000,119.2900,118.7100,118.9300,118.9300,6993600
2017-12-15,119.4100,119.5000,118.9700,119.1800,119.1800,7532000
2017-12-18,119.6300,119.9900,119.6000,119.7300,119.7300,5452200
2017-12-19,119.6700,119.9000,119.5300,119.8200,119.8200,4018900
2017-12-20,119.9800,120.3600,119.8100,120.1400,120.1400,5734600
2017-12-21,120.0700,120.4500,120.0000,120.3100,120.3100,4823700
2017-12-22,120.6700,121.1400,120.5700,120.9400,120.9400,5791300
2017-12-26,121.5500,121.8700,121.5100,121.7700,121.7700,8224400
2017-12-27,122.0000,122.3400,121.8800,122.2300,122.2300,6232700
2017-12-28,122.8200,122.9200,122.5600,122.8500,122.8500,5732700
2017-12-29,123.7000,124.0900,123.4600,123.6500,123.6500,7852100
2018-01-02,124.6600,125.1800,124.3900,125.1500,125.1500,11762500
2018-01-03,125.0500,125.0900,124.1000,124.8200,124.8200,7904300
2018-01-04,124.8900,125.8500,124.7400,125.4600,125.4600,7329700
2018-01-05,124.9300,125.4800,124.8300,125.3300,125.3300,5739900
2018-01-08,125.2000,125.3200,124.9000,125.3100,125.3100,3566700
2018-01-09,124.4900,124.8600,124.2300,124.7300,124.7300,9153600
2018-01-10,125.1700,125.3100,124.7200,125.0300,125.0300,14809300
2018-01-11,125.3700,125.6600,125.2500,125.4400,125.4400,5994700
2018-01-12,126.0100,127.1300,125.8100,126.9600,126.9600,9258600
2018-01-16,126.6000,127.1800,126.4000,127.1700,127.1700,8083900
2018-01-17,126.7700,127.2200,125.9000,126.1400,126.1400,10130500
2018-01-18,126.1300,126.5200,125.8000,125.8600,125.8600,6289300
2018-01-19,126.5700,126.7300,126.4100,126.4200,126.4200,8773800
2018-01-22,126.5100,126.7500,126.2800,126.6500,126.6500,4893500
2018-01-23,126.5300,127.3500,126.3400,127.2800,127.2800,6190400
2018-01-24,128.3900,129.2600,128.2300,128.8300,128.8300,11827600
2018-01-25,128.6900,129.5100,127.3600,127.9700,127.9700,15219700
2018-01-26,128.2400,128.5200,127.9700,128.0700,128.0700,7828700
2018-01-29,127.5800,127.6300,126.9200,127.3500,127.3500,6956400
2018-01-30,127.9100,127.9200,126.7400,126.8000,126.8000,9736100
2018-01-31,127.4500,127.8500,126.4000,127.6500,127.6500,13418900
2018-02-01,127.1800,128.1500,127.0800,128.0700,128.0700,10854600
2018-02-02,126.8100,126.8500,125.9600,126.3900,126.3900,16789200
2018-02-05,126.8200,127.3100,126.4400,126.7100,126.7100,13596300
2018-02-06,126.5400,126.5500,125.2200,125.3800,125.3800,17672500
2018-02-07,125.4800,125.7700,124.4100,124.7900,124.7900,8558500
2018-02-08,124.9200,125.4400,124.5100,124.9800,124.9800,7343600
2018-02-09,124.6500,125.1400,124.3900,124.7700,124.7700,14140700
2018-02-12,125.1900,125.8200,125.1100,125.3700,125.3700,6984900
2018-02-13,125.6700,126.1800,125.5200,126.0800,126.0800,5321300
2018-02-14,126.4700,128.5900,126.2900,128.2300,128.2300,16416400
2018-02-15,128.4300,128.5700,127.9400,128.3800,128.3800,7276500
2018-02-16,128.3000,128.7000,127.5700,127.9600,127.9600,7956900
2018-02-20,127.2800,127.4000,126.0400,126.2400,126.2400,11148700
2018-02-21,126.3600,126.7600,125.4400,125.6600,125.6600,7908800
2018-02-22,125.9200,126.3700,125.8800,126.3000,126.3000,5346300
2018-02-23,126.0600,126.3000,125.8500,126.1400,126.1400,4239700
2018-02-26,126.4500,126.6200,126.1800,126.4500,126.4500,3194300
2018-02-27,126.0600,126.1500,124.5900,125.1300,125.1300,7082300
2018-02-28,125.0900,125.4600,124.8100,125.0000,125.0000,4534900
2018-03-01,124.1500,125.3100,123.5800,124.7200,124.7200,12910100
2018-03-02,125.6700,125.6900,124.9700,125.3900,125.3900,9994300
2018-03-05,125.3500,125.4800,124.9600,125.1800,125.1800,5778300
2018-03-06,126.2000,126.9600,126.1300,126.5300,126.5300,8676800
2018-03-07,126.2200,126.2900,125.4200,125.7200,125.7200,5158700
2018-03-08,125.6900,125.7000,125.1300,125.4200,125.4200,3474900
2018-03-09,124.9400,125.6900,124.7800,125.5400,125.5400,5066800
2018-03-12,125.0400,125.5700,124.8400,125.5400,125.5400,2884300
2018-03-13,125.6700,125.9900,125.0500,125.7800,125.7800,4798300
2018-03-14,125.4900,125.7600,125.3400,125.7000,125.7000,3777000
2018-03-15,125.1200,125.2100,124.7200,124.9000,124.9000,6130100
2018-03-16,124.8400,124.8700,124.2100,124.6000,124.6000,7402200
2018-03-19,124.5700,125.1600,124.4200,124.8700,124.8700,4335400
2018-03-20,124.4100,124.5500,123.9600,124.3100,124.3100,3399400
2018-03-21,125.4000,126.7600,125.0300,126.4800,126.4800,12532000
2018-03-22,126.0900,126.3400,125.6400,125.9800,125.9800,5298700
2018-03-23,127.8200,128.0600,127.6100,127.6100,127.6100,12025900
2018-03-26,128.0500,128.5800,128.0100,128.2800,128.2800,6169800
2018-03-27,127.2300,127.6200,127.0500,127.4900,127.4900,6180700
2018-03-28,126.4800,126.6100,125.5100,125.7300,125.7300,10254900
2018-03-29,125.4200,125.8100,125.3100,125.7900,125.7900,7102000
2018-04-02,126.6500,127.5400,126.3800,127.2600,127.2600,11421100
2018-04-03,126.5400,126.5900,126.0100,126.3000,126.3000,6083700
2018-04-04,127.5000,127.5300,126.3200,126.4500,126.4500,7488300
2018-04-05,125.4500,126.0800,125.4300,125.8000,125.8000,5333000
2018-04-06,126.5700,126.6000,126.1300,126.3900,126.3900,6121200
2018-04-09,126.4500,126.8600,126.2300,126.8200,126.8200,4189900
2018-04-10,127.0200,127.3100,126.6700,127.1200,127.1200,5268800
2018-04-11,128.0900,129.4700,127.7800,128.1100,128.1100,12348600
2018-04-12,127.2500,127.3400,126.4700,126.6200,126.6200,8141300
2018-04-13,127.0700,127.7500,127.0300,127.4500,127.4500,6821300
2018-04-16,127.7400,128.0500,127.5700,127.6300,127.6300,4600000
2018-04-17,127.0200,127.7800,127.0000,127.7500,127.7500,4184100
2018-04-18,128.3200,128.5400,127.7500,127.8500,127.8500,6755600
2018-04-19,127.8100,127.8800,127.1300,127.6000,127.6000,8736100
2018-04-20,126.6900,126.9700,126.5500,126.6300,126.6300,10403100
2018-04-23,125.6200,125.7600,125.3400,125.6200,125.6200,6921500
2018-04-24,125.7800,126.3400,125.6700,126.2300,126.2300,4733100
2018-04-25,125.2300,125.5100,125.0600,125.4100,125.4100,5985700
2018-04-26,125.5400,125.5700,124.6900,124.9700,124.9700,7517100
2018-04-27,125.2000,125.6200,125.1700,125.5000,125.5000,5654000
2018-04-30,124.4100,125.2000,124.1900,124.5900,124.5900,9830600
2018-05-01,123.9000,123.9800,123.3900,123.7100,123.7100,7551600
2018-05-02,123.9000,124.5400,123.5800,123.6500,123.6500,7614000
2018-05-03,124.6600,124.7600,124.2400,124.2800,124.2800,4857400
2018-05-04,124.1000,124.6500,124.0000,124.5400,124.5400,5883600
2018-05-07,124.5000,124.7000,124.3000,124.5700,124.5700,3397500
2018-05-08,124.1400,124.9500,123.7900,124.5900,124.5900,5551100
2018-05-09,124.4500,124.8700,124.2400,124.3300,124.3300,4405600
2018-05-10,125.2200,125.3700,124.7500,125.1800,125.1800,5218400
2018-05-11,125.5700,125.5900,124.9400,125.0000,125.0000,4299200
2018-05-14,125.1600,125.2100,124.4400,124.4900,124.4900,3753200
2018-05-15,122.8200,122.8200,122.1300,122.4800,122.4800,10911900
2018-05-16,122.3800,122.6100,122.0300,122.2900,122.2900,4943300
2018-05-17,122.2300,122.4300,122.0400,122.3600,122.3600,7781300
2018-05-18,122.0500,122.6500,122.0100,122.4100,122.4100,6837100
2018-05-21,122.1600,122.5300,121.9700,122.4800,122.4800,4126700
2018-05-22,122.7000,122.7400,122.3400,122.4100,122.4100,4579600
2018-05-23,122.1400,122.7400,122.1100,122.5400,122.5400,7007300
2018-05-24,123.1000,123.8200,123.0800,123.5900,123.5900,8850100
2018-05-25,123.6600,123.7000,123.2100,123.2100,123.2100,7920700
2018-05-29,122.8400,123.6400,122.6600,123.1900,123.1900,9013200
2018-05-30,123.1700,123.6100,123.1700,123.3700,123.3700,4573700
2018-05-31,123.2600,123.7800,123.1000,123.1000,123.1000,7862500
2018-06-01,122.5800,123.0900,122.4400,122.4900,122.4900,8059100
2018-06-04,122.8500,122.9300,122.3700,122.3700,122.3700,4345400
2018-06-05,122.5500,123.2300,122.2800,122.8500,122.8500,6864200
2018-06-06,123.0800,123.3500,122.6300,122.9200,122.9200,4083700
2018-06-07,122.9600,123.1500,122.6900,122.8600,122.8600,3700700
2018-06-08,123.0800,123.1200,122.9100,123.0100,123.0100,3865700
2018-06-11,123.1000,123.4200,123.0200,123.2300,123.2300,3201200
2018-06-12,122.9500,123.1800,122.6400,122.8200,122.8200,7279600
2018-06-13,122.8400,123.3400,122.4700,123.1900,123.1900,5867700
2018-06-14,123.6300,123.8600,123.3200,123.3800,123.3800,8015400
2018-06-15,122.1800,122.2000,120.8300,121.3400,121.3400,14537000
2018-06-18,121.3500,121.4400,120.9900,121.1100,121.1100,3846000
2018-06-19,120.8100,121.0300,120.5800,120.8000,120.8000,4925800
2018-06-20,120.7900,120.8100,120.1600,120.2600,120.2600,4548500
2018-06-21,119.9200,120.3200,119.8200,120.0500,120.0500,5681900
2018-06-22,120.2100,120.4000,120.1000,120.3400,120.3400,4489400
2018-06-25,120.0000,120.2300,119.8300,119.8900,119.8900,9300200
2018-06-26,119.2800,119.5900,119.0900,119.2600,119.2600,8674500
2018-06-27,118.9600,119.0500,118.4800,118.5800,118.5800,6480100
2018-06-28,118.5900,118.6700,118.0100,118.2200,118.2200,7760500
2018-06-29,118.4300,118.9400,118.2600,118.6500,118.6500,8002800
2018-07-02,118.1800,118.2100,117.4000,117.4600,117.4600,12021900
2018-07-03,118.4100,119.0800,118.3800,118.6500,118.6500,8901000
2018-07-05,118.9200,119.3300,118.7700,119.0500,119.0500,4951900
2018-07-06,118.9700,119.0300,118.7300,118.8600,118.8600,2946900
2018-07-09,119.6500,119.7300,119.1400,119.1500,119.1500,4074900
2018-07-10,118.8900,119.0000,118.6100,118.9300,118.9300,3754800
2018-07-11,118.4500,118.5300,117.6200,117.6400,117.6400,6974500
2018-07-12,118.0000,118.2600,117.9400,118.1300,118.1300,4585300
2018-07-13,117.6200,117.7500,117.4500,117.6100,117.6100,5444300
2018-07-16,117.5100,117.6300,117.2800,117.5500,117.5500,3670700
2018-07-17,116.7200,116.9300,116.1200,116.2800,116.2800,7939600
2018-07-18,116.0300,116.3500,115.8300,116.3100,116.3100,5391800
2018-07-19,115.1300,116.4700,115.1200,115.8100,115.8100,14227600
2018-07-20,116.4000,116.7100,116.2400,116.5600,116.5600,7892000
2018-07-23,116.2500,116.3100,115.7600,116.0000,116.0000,6247100
2018-07-24,116.2200,116.4300,115.9100,116.0400,116.0400,4801000
2018-07-25,116.7900,116.8400,116.2700,116.6800,116.6800,5479600
2018-07-26,116.2400,116.5100,115.7700,115.7700,115.7700,6382700
2018-07-27,115.9200,116.2400,115.7700,115.8300,115.8300,5242000
2018-07-30,115.8000,116.0200,115.6400,115.6500,115.6500,4157400
2018-07-31,115.4700,116.3500,115.3900,115.9900,115.9900,5508500
2018-08-01,115.6300,115.7000,115.1300,115.1400,115.1400,7941700
2018-08-02,115.1700,115.2300,114.4200,114.5200,114.5200,6204200
2018-08-03,115.0900,115.5300,114.8600,114.9200,114.9200,5953200
2018-08-06,114.5600,114.7200,114.3100,114.3300,114.3300,5811600
2018-08-07,114.8500,114.9400,114.4200,114.5900,114.5900,5188000
2018-08-08,114.7500,114.9500,114.4100,114.9100,114.9100,3808000
2018-08-09,115.0200,115.1200,114.6900,114.7400,114.7400,4253000
2018-08-10,114.8100,115.2300,114.6100,114.6900,114.6900,6757900
2018-08-13,113.8100,113.8100,112.8300,112.9600,112.9600,9150900
2018-08-14,113.2500,113.4800,112.8400,113.0700,113.0700,7085900
2018-08-15,112.1700,112.1800,111.0600,111.1900,111.1900,12398400
2018-08-16,111.4600,111.8800,111.1000,111.1000,111.1000,7484600
2018-08-17,111.6900,112.1500,111.3800,112.1300,112.1300,8471000
2018-08-20,112.3800,112.7400,112.1600,112.6900,112.6900,5313400
2018-08-21,112.7700,113.1000,112.4400,113.0200,113.0200,5042400
2018-08-22,113.3900,113.4900,113.0700,113.2700,113.2700,6215600
2018-08-23,112.6800,112.8800,112.0600,112.2000,112.2000,5500100
2018-08-24,113.2500,114.4200,113.2100,114.1600,114.1600,9214700
2018-08-27,114.1200,114.7800,114.1200,114.5900,114.5900,4364000
2018-08-28,114.7600,114.8700,113.5500,113.6800,113.6800,6101400
2018-08-29,114.1600,114.2100,113.8500,114.2000,114.2000,5616300
2018-08-30,113.9200,113.9300,113.2400,113.6400,113.6400,5431600
2018-08-31,113.7200,114.0600,113.4400,113.5100,113.5100,5048700
2018-09-04,112.7500,113.0700,112.6100,112.9300,112.9300,6617500
2018-09-05,113.3600,113.4400,113.1200,113.3200,113.3200,4459200
2018-09-06,113.8900,114.2600,113.2800,113.5400,113.5400,4784700
2018-09-07,113.2600,113.6000,112.9700,113.2300,113.2300,3714000
2018-09-10,113.2600,113.4300,113.0000,113.1500,113.1500,2316500
2018-09-11,112.6500,113.3700,112.4200,113.2200,113.2200,3791300
2018-09-12,113.1200,114.3900,113.0600,114.1700,114.1700,6315900
2018-09-13,114.7200,114.7800,113.5800,113.7600,113.7600,5635900
2018-09-14,113.7900,113.9000,112.9100,113.0200,113.0200,5375600
2018-09-17,113.6000,114.0300,113.5500,113.6100,113.6100,4727300
2018-09-18,113.7900,113.9100,113.2800,113.4400,113.4400,4737800
2018-09-19,113.9400,114.1500,113.6800,113.8800,113.8800,4223200
2018-09-20,114.2100,114.3700,113.8600,114.2700,114.2700,4384200
2018-09-21,112.8700,113.6800,112.7900,113.4900,113.4900,6831400
2018-09-24,113.6800,113.9600,113.4300,113.4700,113.4700,4435300
2018-09-25,113.7500,113.8900,113.5700,113.6500,113.6500,3004800
2018-09-26,113.1100,113.6000,112.6600,113.0500,113.0500,8297300
2018-09-27,112.1000,112.4200,111.8500,112.0500,112.0500,7683400
2018-09-28,112.1600,113.0000,112.0700,112.7600,112.7600,6020600
2018-10-01,112.4000,112.6200,112.1500,112.5700,112.5700,3892600
2018-10-02,113.7000,114.3300,113.6100,113.8700,113.8700,10776700
2018-10-03,113.8700,114.0500,113.2600,113.4200,113.4200,6674500
2018-10-04,113.8300,114.1900,113.2600,113.4800,113.4800,6616200
2018-10-05,113.8100,114.1000,113.5700,113.8000,113.8000,7994400
2018-10-08,112.2500,112.5900,111.9000,112.5400,112.5400,12111600
2018-10-09,112.3700,112.6700,111.9700,112.6000,112.6000,8352300
2018-10-10,112.4700,112.9600,112.2500,112.8800,112.8800,10571300
2018-10-11,114.2000,116.0400,114.0900,115.7800,115.7800,26810900
2018-10-12,115.5800,115.7100,115.0800,115.2300,115.2300,12939300
2018-10-15,116.1200,116.5300,115.8900,116.0000,116.0000,11828400
2018-10-16,116.4900,116.6000,115.8000,115.8000,115.8000,9531800
2018-10-17,115.8900,116.3300,115.6800,115.7900,115.7900,7078600
2018-10-18,115.8300,116.4100,115.6300,115.9200,115.9200,7964100
2018-10-19,116.2300,116.2400,115.9600,116.0100,116.0100,7453900
2018-10-22,115.5700,115.7800,115.4300,115.7100,115.7100,5200500
2018-10-23,117.1600,117.2500,116.3300,116.3900,116.3900,12704200
2018-10-24,116.3800,116.7200,116.1100,116.6600,116.6600,8563300
2018-10-25,116.5800,116.7300,116.1900,116.4000,116.4000,8303500
2018-10-26,116.8300,117.6500,116.4600,116.7700,116.7700,15733100
2018-10-29,116.4100,116.5400,115.8400,116.3100,116.3100,8732500
2018-10-30,115.8500,116.0400,115.6400,115.8000,115.8000,7233300
2018-10-31,114.8900,115.1700,114.6600,115.1500,115.1500,11409300
2018-11-01,116.3300,117.0700,116.1800,116.6300,116.6300,13662900
2018-11-02,116.6100,116.9800,116.3900,116.6500,116.6500,8796900
2018-11-05,116.2800,116.6700,116.2300,116.3700,116.3700,6291500
2018-11-06,116.4400,116.5300,115.7400,116.0400,116.0400,7270800
2018-11-07,116.2600,116.3500,115.9000,116.0300,116.0300,8392100
2018-11-08,115.7700,116.1500,115.5000,115.7800,115.7800,7638800
2018-11-09,114.6000,114.7500,114.1400,114.4800,114.4800,14159200
2018-11-12,114.0100,114.0500,113.5800,113.6600,113.6600,7498600
2018-11-13,113.7200,113.9300,113.4200,113.7000,113.7000,9309000
2018-11-14,113.5300,115.0600,113.4600,114.6400,114.6400,13950200
2018-11-15,114.8300,114.9900,114.5600,114.7700,114.7700,8910600
2018-11-16,115.8300,115.8800,115.3700,115.6200,115.6200,8577000
2018-11-19,115.4500,115.9200,115.3700,115.6700,115.6700,8508300
2018-11-20,115.9400,115.9500,115.3700,115.6700,115.6700,9075100
2018-11-21,115.9400,116.3500,115.8600,115.8600,115.8600,8834200
2018-11-23,115.7600,115.8800,115.5900,115.7700,115.7700,3726600
2018-11-26,115.8400,115.8700,115.5300,115.6400,115.6400,4018600
2018-11-27,115.5500,115.6300,114.6000,114.9500,114.9500,9671100
2018-11-28,114.7600,116.0700,114.5900,115.3800,115.3800,13788800
2018-11-29,115.9700,116.2400,115.5600,115.7400,115.7400,6479300
2018-11-30,115.4200,115.6600,115.0400,115.5400,115.5400,8169600
2018-12-03,116.6000,116.7700,116.3000,116.4100,116.4100,8469500
2018-12-04,117.3700,117.3900,116.9300,117.1200,117.1200,7186100
2018-12-06,117.3800,117.6900,116.9200,117.1400,117.1400,9267600
2018-12-07,117.6200,118.2300,117.5400,118.0900,118.0900,10402900
2018-12-10,117.7000,117.9400,117.4200,117.6800,117.6800,8117900
2018-12-11,117.6700,117.8900,117.3500,117.5400,117.5400,6395400
2018-12-12,117.7000,117.9500,117.6100,117.7900,117.7900,4136800
2018-12-13,117.5400,117.6200,117.2600,117.5300,117.5300,4131800
2018-12-14,116.6300,117.3000,116.5800,117.0600,117.0600,7501700
2018-12-17,117.3700,118.0300,117.3500,117.8700,117.8700,8454900
2018-12-18,117.8500,118.2000,117.8100,118.1500,118.1500,7542900
2018-12-19,118.2400,118.9600,117.4000,117.4300,117.4300,13827500
2018-12-20,119.1100,119.7400,118.6800,119.2400,119.2400,18615100
2018-12-21,119.1900,119.2500,118.5700,118.7200,118.7200,13629800
2018-12-24,119.5700,120.1400,119.5700,120.0200,120.0200,9736400
2018-12-26,120.6200,121.0000,119.5700,119.6600,119.6600,14293500
2018-12-27,120.5700,120.9000,120.1400,120.5700,120.5700,11874400
2018-12-28,120.8000,121.0800,120.7200,121.0600,121.0600,6864700
2018-12-31,120.9800,121.2600,120.8300,121.2500,121.2500,8449400
2019-01-02,121.3500,121.7500,120.8800,121.3300,121.3300,12776200
2019-01-03,121.7800,122.4600,121.7300,122.4300,122.4300,15440800
2019-01-04,121.3200,121.6000,120.6900,121.4400,121.4400,13334000
2019-01-07,122.1600,122.2200,121.5700,121.8600,121.8600,7473600
2019-01-08,121.1500,121.7100,121.0600,121.5300,121.5300,7643100
2019-01-09,121.4500,122.3400,121.4400,122.3100,122.3100,10555900
2019-01-10,121.9800,122.1800,121.5700,121.5900,121.5900,6672000
2019-01-11,121.7400,122.0500,121.6600,121.8000,121.8000,8622400
2019-01-14,122.1500,122.2400,121.8700,122.0900,122.0900,6477100
2019-01-15,122.2800,122.3800,121.6200,121.8800,121.8800,7512500
2019-01-16,122.0400,122.4400,122.0200,122.2700,122.2700,6878100
2019-01-17,122.0300,122.2600,121.8100,122.1100,122.1100,8558500
2019-01-18,121.2300,121.5200,121.0200,121.0200,121.0200,10896000
2019-01-22,121.1800,121.5000,120.9000,121.4500,121.4500,7896500
2019-01-23,120.9600,121.5400,120.8600,121.2800,121.2800,5224900
2019-01-24,121.1600,121.3600,120.9200,121.0900,121.0900,5662500
2019-01-25,122.0200,122.9100,122.0200,122.8600,122.8600,11103300
2019-01-28,122.7500,123.2900,122.7200,123.2900,123.2900,8522200
2019-01-29,123.7100,124.0000,123.4600,123.9800,123.9800,11610200
2019-01-30,123.9100,125.0700,123.7000,124.6900,124.6900,12104000
2019-01-31,125.1800,125.2300,124.6200,124.7500,124.7500,10209500
2019-02-01,124.8900,125.0500,124.3700,124.5000,124.5000,12485500
2019-02-04,123.9900,124.2900,123.8200,123.9600,123.9600,6878900
2019-02-05,124.2900,124.4200,124.0500,124.2800,124.2800,6291100
2019-02-06,124.1600,124.1900,123.4000,123.4400,123.4400,6595100
2019-02-07,123.8000,123.9500,123.4400,123.7400,123.7400,5935500
2019-02-08,124.0500,124.3300,123.9800,124.2100,124.2100,4235200
2019-02-11,123.1900,123.8200,123.1900,123.6000,123.6000,4821800
2019-02-12,123.9600,124.0300,123.6100,123.8600,123.8600,4271900
2019-02-13,123.8400,124.5500,123.3100,123.3700,123.3700,7640500
2019-02-14,123.8400,124.2000,123.5300,124.0600,124.0600,6276500
2019-02-15,124.5900,125.0000,124.1800,124.8000,124.8000,12190100
2019-02-19,125.9800,126.7900,125.9300,126.7000,126.7000,15614000
2019-02-20,127.0000,127.2100,126.3100,126.4800,126.4800,8889700
2019-02-21,126.1500,126.2200,125.0500,125.0500,125.0500,8634600
2019-02-22,125.5300,125.9500,125.3900,125.5000,125.5000,5439400
2019-02-25,125.7800,125.9000,125.2300,125.3700,125.3700,4882600
2019-02-26,125.3300,125.6200,125.0500,125.5800,125.5800,5153200
2019-02-27,125.1700,125.2300,124.4000,124.6900,124.6900,7935600
2019-02-28,124.7100,124.7100,123.9800,123.9900,123.9900,7811700
2019-03-01,123.4800,123.9600,121.8700,121.8800,121.8800,16411700
2019-03-04,121.5600,121.8500,121.1800,121.5600,121.5600,10272600
2019-03-05,121.3800,121.7300,121.0300,121.7200,121.7200,7120100
2019-03-06,121.4300,121.6400,121.2600,121.6100,121.6100,4820400
2019-03-07,121.2700,121.7100,121.1800,121.5100,121.5100,6088800
2019-03-08,122.7000,122.8900,122.3700,122.8400,122.8400,10427700
2019-03-11,122.5200,122.5400,121.9200,122.2400,122.2400,6708700
2019-03-12,122.5400,123.0300,122.4000,122.9800,122.9800,6289900
2019-03-13,123.5600,123.8800,123.4300,123.8400,123.8400,7377300
2019-03-14,122.3300,122.5500,122.1200,122.4100,122.4100,6778200
2019-03-15,123.0600,123.4000,122.9100,122.9700,122.9700,9412000
2019-03-18,123.3000,123.4000,122.8900,123.0400,123.0400,7783200
2019-03-19,123.7200,123.7900,123.3400,123.3800,123.3800,6558700
2019-03-20,123.6600,124.4200,122.6500,124.1800,124.1800,11304900
2019-03-21,124.3600,124.3700,123.1100,123.6800,123.6800,7739800
2019-03-22,123.9300,124.2200,123.7300,123.9700,123.9700,5874000
2019-03-25,124.5600,125.1100,124.4800,124.9200,124.9200,7288300
2019-03-26,124.4800,124.5100,124.0700,124.3000,124.3000,5056100
2019-03-27,124.3500,124.3800,123.5600,123.6500,123.6500,6595000
2019-03-28,122.2800,122.3600,121.7100,121.9000,121.9000,11878300
2019-03-29,122.6400,122.7500,122.0100,122.0100,122.0100,7093900
2019-04-01,122.4000,122.4300,121.4600,121.5300,121.5300,13560000
2019-04-02,121.7200,122.0100,121.6800,121.9800,121.9800,4475000
2019-04-03,121.7300,122.0100,121.6800,121.8000,121.8000,6152200
2019-04-04,121.1000,122.2400,120.9600,122.1100,122.1100,7508400
2019-04-05,121.8800,122.1300,121.6600,121.9800,121.9800,5114500
2019-04-08,122.9700,123.0200,122.4000,122.5100,122.5100,4270800
2019-04-09,123.2600,123.3500,123.0300,123.1500,123.1500,4648400
2019-04-10,123.2200,123.7700,123.1900,123.5300,123.5300,6344800
2019-04-11,122.5400,122.7500,121.7900,121.9500,121.9500,11694500
2019-04-12,121.9600,122.3100,121.8000,121.8300,121.8300,5272800
2019-04-15,121.2000,121.8200,121.1000,121.6000,121.6000,4252400
2019-04-16,120.3800,120.6300,120.1900,120.5100,120.5100,10097800
2019-04-17,120.4600,120.5100,120.2000,120.2800,120.2800,4693900
2019-04-18,120.2400,120.5400,120.1500,120.3700,120.3700,4090400
2019-04-22,120.4600,120.5000,120.2700,120.3700,120.3700,2250900
2019-04-23,119.6700,120.2000,119.5500,120.1200,120.1200,5574800
2019-04-24,120.0600,120.7200,120.0400,120.4700,120.4700,4173000
2019-04-25,120.7200,121.1000,120.5000,120.5700,120.5700,4836900
2019-04-26,121.2600,121.6700,121.2200,121.3700,121.3700,6022700
2019-04-29,120.8800,120.9100,120.6700,120.8300,120.8300,4469300
2019-04-30,120.8900,121.3600,120.8500,121.2000,121.2000,4758600
2019-05-01,121.0300,121.5500,120.1800,120.4000,120.4000,12331800
2019-05-02,119.6900,120.1100,119.5400,119.9400,119.9400,6759600
2019-05-03,120.5600,121.0800,120.4800,120.6500,120.6500,8414400
2019-05-06,120.6100,121.1200,120.5400,120.8100,120.8100,3479600
2019-05-07,121.0200,121.4200,120.9100,121.2100,121.2100,4010700
2019-05-08,121.5400,121.5400,120.7700,120.9100,120.9100,4178800
2019-05-09,120.9600,121.6200,120.8600,121.2000,121.2000,5015500
2019-05-10,121.4100,121.7300,121.3000,121.4300,121.4300,4586000
2019-05-13,122.6300,122.8500,122.3300,122.6700,122.6700,11130900
2019-05-14,122.6000,122.6600,122.1200,122.4600,122.4600,5556000
2019-05-15,122.7100,122.7700,122.2200,122.3900,122.3900,10299000
2019-05-16,122.0300,122.0700,121.1900,121.5100,121.5100,6349400
2019-05-17,121.0300,121.0600,120.3300,120.6500,120.6500,6589300
2019-05-20,120.5100,120.7400,120.4200,120.6400,120.6400,4345800
2019-05-21,120.0800,120.3600,119.8300,120.3600,120.3600,3845600
2019-05-22,120.3500,120.5000,120.1900,120.2400,120.2400,3741800
2019-05-23,120.8200,121.5200,120.7700,121.1700,121.1700,6054600
2019-05-24,121.1300,121.3100,120.8900,121.3000,121.3000,2324700
2019-05-28,120.8000,120.8400,120.4600,120.8300,120.8300,4303500
2019-05-29,121.1100,121.2600,120.7500,120.8700,120.8700,4133200
2019-05-30,120.9600,121.6900,120.8000,121.6900,121.6900,7757000
2019-05-31,122.5500,123.4000,122.3200,123.3300,123.3300,15367000
2019-06-03,124.0900,125.3400,123.9000,125.1100,125.1100,14173600
2019-06-04,124.8800,125.4200,124.6100,125.1500,125.1500,7997100
2019-06-05,126.1800,126.3700,125.2400,125.4700,125.4700,7637900
2019-06-06,125.9300,126.4500,125.8000,125.8800,125.8800,5551800
2019-06-07,126.7900,127.2500,126.3200,126.5900,126.5900,8145900
2019-06-10,125.4600,125.5300,125.0700,125.3300,125.3300,5410000
2019-06-11,124.9400,125.4000,124.8800,125.1800,125.1800,4757800
2019-06-12,125.6000,126.2000,125.5600,125.8300,125.8300,5756200
2019-06-13,126.0300,126.7700,125.9600,126.6000,126.6000,5374800
2019-06-14,127.2100,127.6300,126.2600,126.5600,126.5600,9226100
2019-06-17,126.7000,126.7700,126.1700,126.4800,126.4800,4763300
2019-06-18,127.5800,127.7500,126.3900,127.1200,127.1200,10309600
2019-06-19,126.7700,127.9900,126.7000,127.8900,127.8900,11660600
2019-06-20,130.4100,131.4900,130.1900,131.1100,131.1100,18636300
2019-06-21,131.7700,132.1700,131.0700,131.9800,131.9800,15068000
2019-06-24,132.7700,134.0400,132.5800,133.9400,133.9400,17851800
2019-06-25,134.9000,135.5500,133.2100,134.2000,134.2000,24772200
2019-06-26,132.9900,133.5500,132.4100,132.9700,132.9700,12016400
2019-06-27,132.3800,132.9700,132.2600,132.8400,132.8400,8412800
2019-06-28,133.0500,133.3400,132.6100,133.2000,133.2000,8077000
2019-07-01,131.5600,131.7600,130.5500,130.6200,130.6200,13317700
2019-07-02,131.2700,133.6300,131.1600,133.4100,133.4100,13282100
2019-07-03,133.6100,134.1000,133.2300,133.6300,133.6300,6351500
2019-07-05,131.4600,132.3200,130.8100,132.1400,132.1400,11536600
2019-07-08,132.1800,132.3400,131.2800,131.2900,131.2900,8028900
2019-07-09,131.4300,132.1000,131.1600,131.7500,131.7500,6633400
2019-07-10,132.9400,133.8700,132.3500,133.8300,133.8300,13920600
2019-07-11,133.5800,133.7000,132.4100,132.7000,132.7000,7535100
2019-07-12,132.8900,133.6900,132.5300,133.5300,133.5300,6309500
2019-07-15,133.1800,133.5300,132.8100,133.5300,133.5300,4026600
2019-07-16,133.1800,133.3000,132.1300,132.4000,132.4000,7966000
2019-07-17,133.0000,134.6000,132.8900,134.5800,134.5800,11288300
2019-07-18,133.8300,136.6300,133.6100,136.4800,136.4800,18448200
2019-07-19,135.4500,136.0300,133.9700,134.4700,134.4700,18079200
2019-07-22,134.5600,134.8200,134.3200,134.4500,134.4500,7570400
2019-07-23,134.4300,134.9500,133.5600,133.6900,133.6900,9981400
2019-07-24,134.5900,134.8400,133.9800,134.3700,134.3700,6715200
2019-07-25,134.2400,134.2800,133.0900,133.4200,133.4200,11708200
2019-07-26,134.2400,134.2900,133.5900,133.6400,133.6400,6249900
2019-07-29,134.0600,134.7300,133.4400,134.5300,134.5300,9162400
2019-07-30,134.7600,135.1800,134.4100,134.9800,134.9800,9458700
2019-07-31,135.0300,135.4200,133.0200,133.2100,133.2100,18797200
2019-08-01,132.4200,136.4300,132.3100,136.4100,136.4100,27719800
2019-08-02,135.3900,136.6000,135.3700,135.8900,135.8900,13753200
2019-08-05,137.9300,138.6400,137.0500,137.7900,137.7900,17519800
2019-08-06,138.3300,139.0300,138.0100,138.9100,138.9100,9471200
2019-08-07,141.2800,142.4700,140.8800,141.0200,141.0200,26671100
2019-08-08,140.9000,142.3700,140.7100,141.7300,141.7300,13108600
2019-08-09,141.2800,142.0300,140.9600,141.2600,141.2600,9485900
2019-08-12,141.6700,143.3800,141.6400,142.6300,142.6300,15264000
2019-08-13,143.1700,143.2900,139.3500,141.7800,141.7800,29842800
2019-08-14,142.9000,143.7500,142.0500,142.7500,142.7500,20672900
2019-08-15,142.9600,144.0200,142.6100,143.7000,143.7000,13467800
2019-08-16,142.7500,143.1300,141.8000,142.7800,142.7800,11728800
2019-08-19,141.3300,141.7900,140.8500,141.1100,141.1100,10552700
2019-08-20,141.7700,142.2600,141.6000,142.2100,142.2100,7478500
2019-08-21,141.6200,142.1700,141.4600,141.7600,141.7600,8114700
2019-08-22,141.3900,141.9000,141.1700,141.4000,141.4000,6846500
2019-08-23,141.8400,144.3300,141.6400,144.1700,144.1700,20282200
2019-08-26,144.3500,144.9700,143.9100,144.1900,144.1900,12195800
2019-08-27,144.3000,145.6800,144.2700,145.5700,145.5700,12844100
2019-08-28,145.3900,145.6800,144.6400,145.1600,145.1600,11452400
2019-08-29,145.4000,145.4900,143.2800,144.1200,144.1200,14762500
2019-08-30,143.8400,144.8800,143.0200,143.7500,143.7500,9642200
2019-09-03,144.9600,146.1300,144.7400,145.7500,145.7500,15615200
2019-09-04,145.5400,146.8200,145.5000,146.6600,146.6600,11285900
2019-09-05,144.9800,145.0100,142.0000,143.1400,143.1400,20293200
2019-09-06,143.6400,144.0600,141.8600,141.9200,141.9200,14175200
2019-09-09,142.3700,142.4600,141.1800,141.3900,141.3900,11323800
2019-09-10,141.2300,141.5300,140.1600,140.1800,140.1800,12629200
2019-09-11,140.3400,141.2600,140.2800,141.0300,141.0300,7453000
2019-09-12,142.6800,143.1000,141.1100,141.3200,141.3200,12673700
2019-09-13,141.7300,141.9900,140.0600,140.1500,140.1500,13451700
2019-09-16,141.6000,142.0500,141.0200,141.3200,141.3200,8094600
2019-09-17,141.8200,142.1100,141.2200,141.6000,141.6000,7010200
2019-09-18,141.9300,142.5300,139.8100,140.7100,140.7100,15026300
2019-09-19,141.5700,141.7400,141.0900,141.2800,141.2800,8057400
2019-09-20,141.6100,143.0300,141.4600,142.9500,142.9500,12110000
2019-09-23,143.2200,143.9400,143.0700,143.7500,143.7500,9006500
2019-09-24,143.2100,144.7700,142.8800,144.5100,144.5100,10576300
2019-09-25,144.0800,144.2900,141.4400,141.8300,141.8300,11648400
2019-09-26,142.1900,142.5700,141.5600,141.7900,141.7900,7984600
2019-09-27,140.3500,141.6800,140.1600,141.0600,141.0600,9804200
2019-09-30,139.7700,140.2100,138.0300,138.8700,138.8700,15459100
2019-10-01,138.0700,140.1900,137.8000,139.6300,139.6300,12476200
2019-10-02,140.7900,141.8800,140.4600,141.2600,141.2600,11914300
2019-10-03,141.3600,143.2500,141.2900,141.9000,141.9000,12396100
2019-10-04,141.4800,142.3100,141.1400,141.9000,141.9000,9651000
2019-10-07,141.1600,141.7700,140.2400,140.6900,140.6900,6127200
2019-10-08,142.0300,142.2900,141.1700,141.9200,141.9200,10428900
2019-10-09,142.1600,142.5800,141.6200,142.0500,142.0500,6927700
2019-10-10,141.5900,141.6600,140.5800,140.8100,140.8100,9301700
2019-10-11,139.9700,140.1900,138.9100,140.0300,140.0300,11333400
2019-10-14,140.4500,140.8200,140.3400,140.5900,140.5900,4006700
2019-10-15,140.2700,140.3000,139.2100,139.6100,139.6100,9128300
2019-10-16,140.1400,140.5300,139.7000,140.4100,140.4100,10330300
2019-10-17,140.5000,141.1200,140.4200,140.6100,140.6100,6131000
2019-10-18,140.5000,140.7100,140.3200,140.4600,140.4600,6416100
2019-10-21,140.7200,140.7600,139.6000,139.7900,139.7900,8306200
2019-10-22,140.1300,140.3000,139.7200,140.2000,140.2000,3879700
2019-10-23,140.5900,141.0000,140.5000,140.5300,140.5300,4155300
2019-10-24,141.0200,141.7400,140.9300,141.5300,141.5300,6174800
2019-10-25,142.7900,142.8300,141.4000,141.8600,141.8600,6011500
2019-10-28,141.2500,141.2500,140.4000,140.6400,140.6400,5442000
2019-10-29,140.0000,140.6300,139.7800,140.2500,140.2500,3835400
2019-10-30,140.5400,141.0400,139.5500,141.0200,141.0200,6992900
2019-10-31,141.9800,142.6900,141.8900,142.4300,142.4300,7050900
2019-11-01,142.2100,142.9000,142.0100,142.5600,142.5600,8090000
2019-11-04,142.2600,142.4500,141.7400,142.1500,142.1500,4740300
2019-11-05,140.6500,140.8900,139.3800,139.8500,139.8500,11782300
2019-11-06,140.1200,140.7900,140.0000,140.4500,140.4500,6416500
2019-11-07,140.1100,140.2000,137.6000,138.2700,138.2700,15214200
2019-11-08,137.7300,138.3300,137.3900,137.3900,137.3900,10377400
2019-11-11,137.6100,137.7900,136.4400,137.0600,137.0600,7037300
2019-11-12,137.0300,137.5900,136.1900,137.4300,137.4300,6448600
2019-11-13,137.8000,138.2200,137.6400,137.9800,137.9800,8776000
2019-11-14,138.3900,138.9400,137.8700,138.5600,138.5600,5220500
2019-11-15,138.0300,138.4200,137.9700,138.2100,138.2100,10106700
2019-11-18,138.4400,138.8500,138.3000,138.6200,138.6200,5717900
2019-11-19,138.1300,138.9700,138.1300,138.6900,138.6900,4824400
2019-11-20,138.5300,139.0000,138.1000,138.7600,138.7600,6892100
2019-11-21,138.3900,138.5600,137.7700,138.0000,138.0000,4197200
2019-11-22,138.3700,138.4600,137.6600,137.7400,137.7400,3620300
2019-11-25,137.3200,137.6200,136.9900,137.0800,137.0800,6415800
2019-11-26,136.9800,137.8000,136.5800,137.7400,137.7400,4724400
2019-11-27,137.0300,137.2100,136.8300,137.0100,137.0100,4111000
2019-11-29,137.1000,138.1300,137.0800,137.8600,137.8600,4516400
2019-12-02,137.3200,138.0900,137.3000,137.7900,137.7900,8274700
2019-12-03,139.0400,139.5700,138.9700,139.1100,139.1100,8481700
2019-12-04,139.1600,139.1700,138.5900,138.9200,138.9200,6322300
2019-12-05,138.8000,139.4500,138.7900,139.0000,139.0000,5671500
2019-12-06,137.7600,137.8300,137.4000,137.6200,137.6200,8714500
2019-12-09,137.8000,137.8100,137.4500,137.5800,137.5800,2711600
2019-12-10,138.2500,138.3300,137.7400,137.9700,137.9700,3240800
2019-12-11,138.2000,139.3000,138.1200,138.9200,138.9200,6097500
2019-12-12,139.7800,139.8500,137.8800,138.4300,138.4300,8815100
2019-12-13,138.5200,139.2100,137.9800,139.0500,139.0500,6964300
2019-12-16,139.2000,139.3900,138.8000,139.0400,139.0400,4646100
2019-12-17,139.0200,139.3000,138.8500,139.0100,139.0100,4287500
2019-12-18,138.8600,139.2500,138.8100,139.0200,139.0200,3607600
2019-12-19,139.0400,139.5500,138.8700,139.3800,139.3800,4975000
2019-12-20,139.3700,139.5200,138.9800,139.5200,139.5200,4463900
2019-12-23,139.5300,139.9600,139.5300,139.9500,139.9500,5180900
2019-12-24,140.4400,141.3300,140.4300,141.2700,141.2700,5303700
2019-12-26,142.0600,142.4700,141.9100,142.3800,142.3800,8342500
2019-12-27,142.2600,142.7300,142.1700,142.3300,142.3300,5119900
2019-12-30,142.5600,142.8000,142.4600,142.6300,142.6300,4810600
2019-12-31,143.3100,143.6000,142.8000,142.9000,142.9000,5313500
2020-01-02,143.8600,144.2100,143.4000,143.9500,143.9500,7733800
2020-01-03,145.7500,146.3200,145.4000,145.8600,145.8600,12272800
2020-01-06,148.4400,148.4800,146.9500,147.3900,147.3900,14403300
2020-01-07,147.5700,148.1400,147.4300,147.9700,147.9700,7978500
2020-01-08,148.4900,148.6100,146.1400,146.8600,146.8600,22248500
2020-01-09,146.0700,146.4100,145.4400,146.0300,146.0300,10292300
2020-01-10,146.2200,146.9900,146.1700,146.9100,146.9100,6183300
2020-01-13,146.3500,146.3800,145.7800,145.8200,145.8200,7593800
2020-01-14,145.4200,145.8100,145.0800,145.6900,145.6900,6589700
2020-01-15,146.2100,146.7300,145.8200,146.5400,146.5400,6510000
2020-01-16,146.2700,146.4700,145.7600,146.3100,146.3100,6069100
2020-01-17,146.5100,146.9900,146.3100,146.5800,146.5800,11121100
2020-01-21,145.7700,146.8600,145.5500,146.7400,146.7400,6086100
2020-01-22,146.6800,146.8100,146.3800,146.7900,146.7900,4778200
2020-01-23,147.0000,147.6200,146.6200,147.1200,147.1200,8419800
2020-01-24,146.9000,148.3800,146.8900,147.9800,147.9800,9919900
2020-01-27,149.2400,149.3200,148.4600,148.9900,148.9900,9988100
2020-01-28,148.3600,148.5600,147.5300,147.6600,147.6600,7543100
2020-01-29,147.7000,148.5600,147.6100,148.4600,148.4600,5013100
2020-01-30,148.6900,149.3100,148.0100,148.4700,148.4700,9119500
2020-01-31,148.8800,149.6800,148.8100,149.3300,149.3300,14788300
2020-02-03,148.6600,148.7800,147.6800,148.3600,148.3600,9105300
2020-02-04,146.9700,147.0300,145.8000,146.4300,146.4300,10525600
2020-02-05,146.3800,146.8100,146.1600,146.6100,146.6100,6160700
2020-02-06,147.2800,147.6300,147.0000,147.4000,147.4000,4819800
2020-02-07,147.8300,148.1800,147.3400,147.7900,147.7900,6379300
2020-02-10,148.2100,148.4500,147.9100,148.1700,148.1700,5793600
2020-02-11,148.0300,148.1600,147.0100,147.6600,147.6600,5179400
2020-02-12,147.4200,147.8100,147.1600,147.5400,147.5400,5040600
2020-02-13,148.2400,148.5800,147.9500,148.3800,148.3800,7082100
2020-02-14,148.7400,149.1300,148.6300,149.0000,149.0000,5345400
2020-02-18,149.8800,151.0900,149.4700,150.9100,150.9100,11524900
2020-02-19,151.0000,151.8200,150.8200,151.7900,151.7900,9269800
2020-02-20,152.0000,152.8300,151.9500,152.4100,152.4100,8457300
2020-02-21,154.4300,155.2200,154.1800,154.7000,154.7000,16344500
2020-02-24,158.5000,158.5300,155.3600,156.0900,156.0900,27171000
2020-02-25,155.1200,156.0800,152.9100,153.3000,153.3000,28091500
2020-02-26,153.8200,155.2800,152.9000,153.9700,153.9700,17912500
2020-02-27,155.5800,156.2700,153.9000,154.0000,154.0000,27878500
2020-02-28,152.7100,152.7700,147.0500,148.3800,148.3800,42699600
2020-03-02,150.0000,150.7300,149.0400,149.2000,149.2000,16295400
2020-03-03,150.8400,155.2400,150.7400,153.8900,153.8900,28687700
2020-03-04,154.4000,154.9600,153.7000,154.1600,154.1600,12315500
2020-03-05,156.0600,157.6200,155.7200,157.4900,157.4900,17973500
2020-03-06,158.3300,159.2500,154.5400,157.5500,157.5500,26973400
2020-03-09,158.6000,159.3700,156.3300,157.8100,157.8100,24868700
2020-03-10,156.1800,156.4100,154.3900,154.4800,154.4800,18811500
2020-03-11,156.2500,156.5000,153.6100,153.9300,153.9300,18159900
2020-03-12,151.5300,151.5500,146.8500,147.7900,147.7900,32893400
2020-03-13,149.4200,149.6000,141.5800,143.2800,143.2800,35177200
2020-03-16,137.5600,142.9600,136.1200,141.6400,141.6400,24496000
2020-03-17,140.1800,146.2000,139.9300,143.5600,143.5600,24490300
2020-03-18,141.7500,142.8800,138.5000,140.7000,140.7000,21953400
2020-03-19,139.0800,140.5000,137.8500,138.0400,138.0400,20828900
2020-03-20,140.7100,141.1700,139.1400,140.1100,140.1100,20056000
2020-03-23,142.6800,146.9300,142.2800,146.3000,146.3000,28275200
2020-03-24,153.5000,155.6600,152.0500,153.4000,153.4000,20743500
2020-03-25,152.5800,152.8800,151.0100,151.3000,151.3000,16457200
2020-03-26,153.3100,154.8100,152.0800,153.2400,153.2400,12778200
2020-03-27,153.0000,153.5500,152.0000,152.2500,152.2500,9824600
2020-03-30,152.4100,153.0800,151.5700,152.9200,152.9200,12080900
2020-03-31,151.3600,151.8000,147.9700,148.0500,148.0500,13319500
2020-04-01,148.2000,150.0800,147.8500,149.4500,149.4500,11827400
2020-04-02,151.2000,152.5000,150.7000,151.9000,151.9000,9188300
2020-04-03,152.2300,153.0900,151.6600,152.6500,152.6500,8469100
2020-04-06,154.1600,157.2200,153.9600,156.8800,156.8800,14739300
2020-04-07,155.3300,156.1400,154.3800,156.0400,156.0400,9195400
2020-04-08,155.9100,155.9400,154.5900,154.6500,154.6500,7600800
2020-04-09,158.0800,159.0800,157.2100,158.6900,158.6900,18123000
2020-04-13,159.1700,162.3800,158.6300,161.4100,161.4100,20549200
2020-04-14,162.7300,164.4200,161.7800,162.6800,162.6800,17095100
2020-04-15,161.8000,162.5400,160.8100,161.8500,161.8500,12141900
2020-04-16,161.8800,163.1500,160.6500,161.7100,161.7100,9233200
2020-04-17,159.7200,160.0700,158.1200,158.5700,158.5700,14652700
2020-04-20,158.6200,160.2200,158.4600,159.7000,159.7000,10688700
2020-04-21,157.6000,159.2100,157.0400,158.6100,158.6100,12478100
2020-04-22,160.5000,161.7400,160.4200,161.7300,161.7300,12902100
2020-04-23,162.3900,163.6000,161.8400,163.3400,163.3400,14928500
2020-04-24,163.1300,163.3100,160.8900,162.6400,162.6400,11199300
2020-04-27,161.8800,162.0000,160.4100,161.5600,161.5600,9033500
2020-04-28,160.8900,160.9800,159.1600,160.8400,160.8400,10383000
2020-04-29,160.1000,161.8500,159.7600,161.7300,161.7300,12232300
2020-04-30,160.2200,160.8200,158.1300,158.8000,158.8000,13633500
2020-05-01,158.0000,160.4500,157.8000,159.7800,159.7800,10914300
2020-05-04,160.3300,160.9500,159.9100,160.3400,160.3400,7986200
2020-05-05,160.1600,161.1000,159.3300,161.0200,161.0200,10563100
2020-05-06,158.9900,159.8100,158.1000,158.9500,158.9500,13352000
2020-05-07,159.5000,161.9600,159.3600,161.3900,161.3900,13691700
2020-05-08,161.0800,162.0000,160.0000,160.4200,160.4200,12240900
2020-05-11,160.3400,160.7100,158.8900,159.4200,159.4200,11209800
2020-05-12,160.3000,160.9500,159.7200,160.0400,160.0400,10406000
2020-05-13,160.9400,161.6200,160.5400,161.5800,161.5800,10950400
2020-05-14,161.5300,163.3400,161.5100,163.0100,163.0100,17084400
2020-05-15,164.0200,164.8000,163.0800,163.9300,163.9300,13918800
2020-05-18,164.3300,164.5000,162.4100,162.6900,162.6900,14133800
2020-05-19,163.6000,164.4300,163.0400,164.2600,164.2600,8535800
2020-05-20,164.5400,164.9600,163.8900,164.6500,164.6500,10666100
2020-05-21,163.4600,163.5800,161.3700,162.2500,162.2500,11791000
2020-05-22,162.8800,163.4700,162.7400,163.2100,163.2100,8540900
2020-05-26,162.5800,162.5800,160.6900,160.8900,160.8900,13972000
2020-05-27,159.4200,161.3400,159.2000,161.1800,161.1800,13063500
2020-05-28,162.1200,162.4600,160.9000,161.7200,161.7200,9758500
2020-05-29,162.5800,163.4000,162.3200,162.9100,162.9100,12581800
2020-06-01,162.9200,163.7400,162.3900,163.6600,163.6600,8140200
2020-06-02,163.8900,164.0800,161.8600,162.6000,162.6000,10388900
2020-06-03,160.3400,160.9000,158.8200,159.6000,159.6000,17000500
2020-06-04,161.1400,161.8700,159.8400,161.2800,161.2800,10094000
2020-06-05,158.7200,158.7200,157.0400,158.0100,158.0100,16021200
2020-06-08,158.9000,159.8600,158.4700,159.7200,159.7200,9244400
2020-06-09,161.1000,161.7800,160.8700,161.2600,161.2600,9045600
2020-06-10,162.1000,163.6300,160.5200,163.5700,163.5700,13009300
2020-06-11,163.3500,164.0600,161.9700,162.3900,162.3900,11673900
2020-06-12,163.4100,163.8800,162.5600,162.6200,162.6200,6895400
2020-06-15,160.5200,162.5600,160.1600,162.3300,162.3300,8532500
2020-06-16,161.8500,162.6900,161.3600,162.2500,162.2500,7964000
2020-06-17,162.0000,162.6200,161.7700,162.5600,162.5600,4758200
2020-06-18,162.2000,162.3200,161.4400,162.2400,162.2400,5397600
2020-06-19,162.8700,164.0900,162.7800,164.0300,164.0300,12187400
2020-06-22,165.0600,165.7300,164.4100,165.0900,165.0900,12385600
2020-06-23,165.6300,166.5200,165.5200,166.4800,166.4800,12137300
2020-06-24,166.0100,166.9900,165.4500,165.9000,165.9000,10901400
2020-06-25,165.8900,165.9100,165.1600,165.8000,165.8000,7093800
2020-06-26,164.8700,166.5600,164.2200,166.5400,166.5400,9753500
2020-06-29,166.5600,166.8000,166.1800,166.6300,166.6300,6735700
2020-06-30,166.3100,167.9900,166.1900,167.3700,167.3700,12762300
2020-07-01,167.0500,167.0600,165.3400,166.6200,166.6200,13214800
2020-07-02,166.2000,167.2400,166.0200,166.9800,166.9800,8753500
2020-07-06,167.7500,168.0000,167.1900,167.9800,167.9800,7265700
2020-07-07,167.4100,169.0400,167.3800,169.0400,169.0400,11633100
2020-07-08,170.3200,170.8600,169.7800,170.0900,170.0900,11662700
2020-07-09,170.4800,170.6400,168.7800,169.6300,169.6300,13327400
2020-07-10,169.9500,170.1500,168.5700,169.1900,169.1900,8218000
2020-07-13,170.2900,170.4200,169.1600,169.4000,169.4000,11095900
2020-07-14,168.9700,170.2000,168.8100,170.1900,170.1900,9812700
2020-07-15,169.6200,170.4300,169.3900,170.3400,170.3400,7533800
2020-07-16,169.8000,170.0000,168.6500,168.7300,168.7300,10242400
2020-07-17,169.9400,170.2700,169.6100,170.1200,170.1200,10296000
2020-07-20,170.7600,171.0700,170.2700,170.9400,170.9400,10095500
2020-07-21,172.5300,173.2500,172.3100,173.0000,173.0000,12826100
2020-07-22,174.0500,175.7700,173.7600,175.6300,175.6300,18712500
2020-07-23,176.1700,178.4100,175.6500,177.1800,177.1800,23006800
2020-07-24,179.1400,179.1600,178.2000,178.7000,178.7000,15601300
2020-07-27,181.8500,182.8300,181.5300,182.2300,182.2300,21115600
2020-07-28,182.0200,184.2600,181.4200,183.7500,183.7500,21164600
2020-07-29,184.0100,186.1400,182.3900,185.1300,185.1300,25640100
2020-07-30,183.4400,184.3300,182.1300,183.7600,183.7600,18061200
2020-07-31,184.5100,185.7500,184.1700,185.4300,185.4300,15876700
2020-08-03,185.0500,185.8200,184.2000,185.6400,185.6400,12897000
2020-08-04,185.6100,189.6000,185.2100,189.5900,189.5900,20773200
2020-08-05,191.6500,193.1300,190.6200,191.3500,191.3500,27078100
2020-08-06,193.7400,194.4500,192.5200,193.8900,193.8900,20640100
2020-08-07,192.7100,192.9600,189.3300,190.8100,190.8100,24570200
2020-08-10,191.2000,192.6100,189.6600,190.1500,190.1500,19047200
2020-08-11,183.5700,183.9800,179.4300,179.9400,179.9400,45355000
2020-08-12,182.6100,183.1000,179.0400,179.1000,179.1000,28660500
2020-08-13,181.5600,184.7000,181.3600,183.3300,183.3300,18596800
2020-08-14,183.4400,183.7200,181.4900,182.5400,182.5400,11792000
2020-08-17,184.6900,187.0100,184.6600,186.5000,186.5000,15709800
2020-08-18,189.1800,189.4000,185.6300,188.1800,188.1800,16291600
2020-08-19,187.2100,187.4600,181.7100,182.2400,182.2400,24646900
2020-08-20,181.1900,183.7100,180.9300,183.5000,183.5000,16692200
2020-08-21,182.1400,182.8100,180.4700,182.0300,182.0300,12713700
2020-08-24,182.9100,182.9300,180.6900,181.0000,181.0000,11605800
2020-08-25,181.0600,181.2500,179.7300,181.2200,181.2200,10056100
2020-08-26,180.2600,183.5800,180.2000,183.3600,183.3600,12715800
2020-08-27,185.0000,185.1700,179.3700,181.2400,181.2400,16299200
2020-08-28,183.9800,185.4000,183.4000,184.3900,184.3900,13200800
2020-08-31,184.7900,185.5300,184.2800,184.8300,184.8300,10251200
2020-09-01,186.9900,186.9900,184.3300,185.0500,185.0500,10662100
2020-09-02,183.7500,183.8600,181.5000,182.6200,182.6200,11536900
2020-09-03,182.3000,182.8200,180.4900,181.1400,181.1400,12148100
2020-09-04,180.9500,182.1000,180.0500,181.6400,181.6400,11567900
2020-09-08,179.5000,182.2700,179.0200,181.2900,181.2900,13229200
2020-09-09,182.5000,183.2200,182.1900,183.0500,183.0500,8424100
2020-09-10,184.2300,184.6800,182.2800,182.4600,182.4600,9143600
2020-09-11,183.1400,183.5500,182.0100,182.4500,182.4500,7662300
2020-09-14,183.5700,184.3000,183.3900,183.8900,183.8900,9709500
2020-09-15,184.4600,184.6700,182.9200,183.4500,183.4500,7993700
2020-09-16,184.9800,185.0100,183.3300,183.9700,183.9700,12702400
2020-09-17,181.9200,183.0900,181.4800,182.9600,182.9600,8836200
2020-09-18,183.0700,184.0900,182.6400,183.2000,183.2000,9959700
2020-09-21,179.8400,180.2900,176.7500,179.5200,179.5200,17436100
2020-09-22,179.6300,180.0200,178.1100,178.6500,178.6500,7977900
2020-09-23,176.9800,177.2600,174.1000,174.7900,174.7900,18134000
2020-09-24,174.3600,176.2400,173.7700,175.4400,175.4400,11759200
2020-09-25,174.4100,175.3000,173.8900,174.9400,174.9400,6779200
2020-09-28,175.8300,176.8100,175.0900,176.7000,176.7000,7109700
2020-09-29,177.1900,178.3300,176.9500,178.1900,178.1900,8718500
2020-09-30,177.7100,178.6100,176.6600,177.1200,177.1200,8371800
2020-10-01,178.7100,179.5000,178.0400,178.7000,178.7000,10402800
2020-10-02,178.6900,179.2900,178.1600,178.5400,178.5400,7488500
2020-10-05,179.0200,180.1400,178.9000,179.4100,179.4100,6969600
2020-10-06,180.1600,180.3700,177.0500,177.3000,177.3000,8632800
2020-10-07,177.0900,177.4200,176.4300,177.2200,177.2200,6410900
2020-10-08,178.1800,178.4500,176.6700,177.8500,177.8500,6530800
2020-10-09,180.1300,181.1700,179.9300,181.0800,181.0800,15979800
2020-10-12,180.5700,180.8300,180.1900,180.5600,180.5600,4843000
2020-10-13,178.5600,178.6000,177.1000,177.7200,177.7200,8384300
2020-10-14,179.0900,179.5900,178.2700,178.2700,178.2700,9076600
2020-10-15,177.7100,179.1500,177.5900,178.9200,178.9200,6815400
2020-10-16,179.2200,179.3200,178.1300,178.3000,178.3000,7260700
2020-10-19,179.4100,179.4800,178.3700,178.3900,178.3900,6084400
2020-10-20,178.5400,179.6700,178.0800,179.2500,179.2500,7121400
2020-10-21,180.4700,181.3100,180.2300,180.6000,180.6000,7548100
2020-10-22,178.8800,179.0300,177.7200,178.8300,178.8300,8377000
2020-10-23,179.0900,179.2000,177.7600,178.6400,178.6400,5919300
2020-10-26,178.7500,179.1400,178.2200,178.5500,178.5500,5105100
2020-10-27,178.7100,179.4300,178.5100,179.0200,179.0200,5826900
2020-10-28,176.4500,176.8500,175.4400,176.1300,176.1300,11734100
2020-10-29,175.0200,176.1400,174.8300,175.4000,175.4000,8474500
2020-10-30,177.1800,177.3600,175.9500,176.2000,176.2000,7303000
2020-11-02,177.4500,177.9300,177.1300,177.9100,177.9100,6498400
2020-11-03,178.9500,179.3900,178.3000,178.9200,178.9200,7577200
2020-11-04,178.9300,179.1900,177.6600,178.8200,178.8200,11117300
2020-11-05,181.0000,183.2900,180.9700,182.9300,182.9300,16102800
2020-11-06,183.4000,183.5300,182.1900,183.1900,183.1900,10378300
2020-11-09,176.4200,176.4500,173.6400,175.0800,175.0800,29800700
2020-11-10,176.7500,176.9100,175.6600,175.6600,175.6600,11728500
2020-11-11,174.7000,175.2800,174.4400,174.9000,174.9000,9008500
2020-11-12,176.0400,176.7700,175.8400,175.9600,175.9600,7167900
2020-11-13,177.6500,177.8000,176.8400,177.1600,177.1600,6469800
2020-11-16,177.2300,177.9100,176.8700,177.1500,177.1500,8358500
2020-11-17,177.2500,177.4400,176.0900,176.5000,176.5000,8229100
2020-11-18,176.2600,176.8600,175.3500,175.4900,175.4900,7384700
2020-11-19,174.3000,175.2200,174.1700,175.1600,175.1600,6965100
2020-11-20,176.1200,176.3800,175.5800,175.6900,175.6900,6379400
2020-11-23,175.1000,175.2400,171.7800,172.2300,172.2300,15510600
2020-11-24,169.3000,169.6900,168.8600,169.5900,169.5900,19504000
2020-11-25,169.9800,170.5200,169.2400,169.5100,169.5100,10286600
2020-11-27,166.9000,167.8300,166.7800,167.7900,167.7900,10569100
2020-11-30,166.6800,167.4300,166.0300,166.6700,166.6700,13210000
2020-12-01,169.7600,170.4800,169.3000,170.1800,170.1800,13533300
2020-12-02,170.5700,171.7600,170.1500,171.4600,171.4600,9199700
2020-12-03,172.6400,172.8500,171.0800,172.8100,172.8100,10457300
2020-12-04,172.7800,173.3200,171.5900,172.3200,172.3200,10098600
2020-12-07,172.5600,175.2900,172.5100,174.8900,174.8900,10555100
2020-12-08,175.5100,175.9300,174.7200,175.5000,175.5000,6348400
2020-12-09,173.9200,174.0400,171.2400,172.5000,172.5000,10743200
2020-12-10,172.9000,173.5800,171.7000,172.1700,172.1700,6564000
2020-12-11,172.2500,173.3200,172.1100,172.4900,172.4900,6084800
2020-12-14,171.9100,172.5200,170.9100,171.5400,171.5400,7644400
2020-12-15,173.4300,173.9800,173.0600,173.9400,173.9400,6840500
2020-12-16,174.1300,175.0200,173.0200,174.9000,174.9000,8174700
2020-12-17,177.1500,177.8700,176.5800,176.7400,176.7400,9475800
2020-12-18,176.6500,176.9800,176.1000,176.4400,176.4400,6789900
2020-12-21,176.2900,176.9400,175.7600,175.8800,175.8800,8168900
2020-12-22,176.2000,176.3400,174.3400,174.4900,174.4900,9442400
2020-12-23,175.1000,176.2100,175.0600,175.6500,175.6500,6542800
2020-12-24,175.5500,176.3700,175.5100,176.3500,176.3500,3695400
2020-12-28,177.2600,177.9100,175.6300,175.7100,175.7100,7778700
2020-12-29,176.2500,176.9700,175.5700,176.3500,176.3500,5983700
2020-12-30,176.4400,177.7200,176.4400,177.7000,177.7000,5914000
2020-12-31,178.0700,178.4000,177.3200,178.3600,178.3600,7540800
2021-01-04,181.9700,182.4000,180.9600,182.3300,182.3300,14331400
2021-01-05,182.8700,183.2100,181.8200,182.8700,182.8700,12718800
2021-01-06,181.4900,181.5800,178.2400,179.9000,179.9000,18453500
2021-01-07,179.6900,179.9200,178.8400,179.4800,179.4800,7110200
2021-01-08,176.8300,176.9900,171.4800,173.3400,173.3400,24399900
2021-01-11,172.1400,173.6800,172.0300,173.0000,173.0000,8571400
2021-01-12,173.1300,174.1800,172.3200,174.1200,174.1200,9798500
2021-01-13,173.6800,174.4600,173.0500,173.3700,173.3700,14110300
2021-01-14,173.4400,174.2200,172.6600,173.2800,173.2800,13522700
2021-01-15,172.8400,173.0700,170.9800,171.1300,171.1300,16172500
2021-01-19,172.7100,172.8500,171.9200,172.5800,172.5800,7485700
2021-01-20,174.3700,175.4700,173.8200,175.3900,175.3900,9456000
2021-01-21,175.1100,175.5100,174.5100,175.2800,175.2800,7246800
2021-01-22,172.8900,174.2900,172.3500,173.9000,173.9000,7269600
2021-01-25,174.8200,174.9600,173.1900,174.0500,174.0500,5936800
2021-01-26,173.9800,174.2600,173.4200,173.6200,173.6200,4685600
2021-01-27,172.9300,173.5200,171.6600,172.5200,172.5200,9036500
2021-01-28,174.2800,174.7300,172.0400,172.6800,172.6800,9392400
2021-01-29,174.8700,175.1600,172.6100,172.6100,172.6100,11252800
2021-02-01,175.0200,175.2600,174.0600,174.2300,174.2300,9105500
2021-02-02,172.4900,172.5300,171.5100,172.1100,172.1100,7221700
2021-02-03,172.3600,172.5900,171.5000,171.8500,171.8500,4658100
2021-02-04,168.2900,168.4000,167.3400,168.1500,168.1500,13736600
2021-02-05,168.9900,170.1800,168.6700,169.8100,169.8100,6538500
2021-02-08,171.9800,172.4000,171.4900,171.5200,171.5200,6887500
2021-02-09,172.5700,173.0300,171.7500,172.0800,172.0800,5131800
2021-02-10,173.1500,173.2200,172.0100,172.7100,172.7100,6112800
2021-02-11,172.7000,172.8700,170.7100,171.2100,171.2100,5994500
2021-02-12,170.2900,171.6500,169.8800,170.6900,170.6900,6018900
2021-02-16,168.1400,170.0700,167.7300,168.2400,168.2400,14761100
2021-02-17,166.9200,167.3400,165.8500,166.3300,166.3300,11400700
2021-02-18,166.9800,167.3000,165.7300,166.3200,166.3200,7498200
2021-02-19,166.7600,167.9400,166.6000,167.0100,167.0100,8273500
2021-02-22,168.5400,169.8900,168.3000,169.5100,169.5100,10072000
2021-02-23,169.4800,169.7400,168.2800,169.1200,169.1200,8616800
2021-02-24,167.6500,169.1400,167.1500,169.0000,169.0000,8890600
2021-02-25,166.9200,167.6600,165.4500,165.8200,165.8200,16359400
2021-02-26,165.0000,165.1000,160.9500,161.8100,161.8100,23730400
2021-03-01,163.0300,163.3500,161.1600,161.5300,161.5300,13828300
2021-03-02,161.9300,162.9300,161.2200,162.4100,162.4100,11424600
2021-03-03,160.6100,161.6900,159.4900,160.6200,160.6200,13059900
2021-03-04,160.6000,161.4600,158.4300,159.0400,159.0400,13870100
2021-03-05,159.6600,159.8200,158.5500,159.1400,159.1400,12821600
2021-03-08,158.5800,158.7400,157.1300,157.4900,157.4900,12134900
2021-03-09,160.7500,161.2500,160.4200,160.8400,160.8400,10382600
2021-03-10,161.0600,161.7800,160.6600,161.6600,161.6600,7962000
2021-03-11,161.4700,161.9800,161.1200,161.5200,161.5200,6749200
2021-03-12,159.5400,161.6900,159.3500,161.4900,161.4900,8608500
2021-03-15,162.3100,162.5500,161.4300,162.2000,162.2000,8104500
2021-03-16,162.3600,163.2000,161.8100,162.3500,162.3500,7547400
2021-03-17,162.2700,164.1500,161.4800,163.5100,163.5100,12626700
2021-03-18,161.1500,162.8200,161.1100,162.5600,162.5600,8711100
2021-03-19,162.5600,163.4300,162.4300,163.2400,163.2400,6868900
2021-03-22,162.2700,163.1300,162.1600,163.0000,163.0000,5240000
2021-03-23,162.4500,162.4900,161.5900,161.8100,161.8100,6048300
2021-03-24,162.2100,162.8900,161.9400,162.3700,162.3700,6183700
2021-03-25,163.0600,163.5800,161.3200,161.7800,161.7800,8398600
2021-03-26,161.7100,162.7300,161.6500,162.2400,162.2400,6153900
2021-03-29,161.4600,161.5200,159.8300,160.3100,160.3100,8409300
2021-03-30,157.9400,158.2000,157.5500,157.5700,157.5700,8353200
2021-03-31,158.0600,160.6800,158.0500,159.9600,159.9600,10623800
2021-04-01,161.5600,162.1100,161.2800,161.9800,161.9800,7105200
2021-04-05,161.5200,162.4000,161.3600,161.9200,161.9200,6163800
2021-04-06,162.7900,163.5300,162.7500,163.2200,163.2200,6761200
2021-04-07,162.8200,163.3100,162.5000,162.7600,162.7600,5436000
2021-04-08,164.1700,164.7700,164.1400,164.5100,164.5100,6574500
2021-04-09,162.7500,163.6600,162.4800,163.2700,163.2700,6657900
2021-04-12,162.7300,162.8000,161.8100,162.2800,162.2800,4896700
2021-04-13,163.1800,163.8500,163.0300,163.4300,163.4300,6995900
2021-04-14,162.7700,163.0500,162.3000,162.7200,162.7200,6312300
2021-04-15,164.0700,165.7900,164.0300,165.3500,165.3500,8250600
2021-04-16,166.2400,166.8100,165.9400,166.3500,166.3500,10057600
2021-04-19,165.9100,166.4400,165.7200,165.8900,165.8900,5721700
2021-04-20,165.6500,166.8100,165.6200,166.4800,166.4800,6532000
2021-04-21,167.1800,168.3900,167.1500,168.1300,168.1300,8380200
2021-04-22,167.1100,167.5300,166.4900,167.0400,167.0400,7680100
2021-04-23,167.3700,167.5300,165.7800,166.4000,166.4000,7106400
2021-04-26,166.6300,166.8700,166.0500,166.8400,166.8400,4786600
2021-04-27,166.9200,167.1500,166.2800,166.4200,166.4200,5363500
2021-04-28,165.7500,166.9600,165.4900,166.9100,166.9100,6932200
2021-04-29,165.5800,166.2600,164.4700,166.2200,166.2200,9067600
2021-04-30,165.8600,166.0000,165.2400,165.6600,165.6600,6248700
2021-05-03,167.6100,168.4300,167.4100,167.8100,167.8100,9014700
2021-05-04,167.6900,168.5500,165.5000,166.5800,166.5800,10267400
2021-05-05,166.6300,167.3100,166.6100,167.2700,167.2700,5950000
2021-05-06,167.9500,170.2900,167.9200,170.0600,170.0600,13574100
2021-05-07,171.5300,172.5500,171.0000,171.5900,171.5900,14748600
2021-05-10,172.7400,172.8400,171.7800,172.1100,172.1100,8276600
2021-05-11,170.5600,172.1700,170.2700,172.1400,172.1400,8348200
2021-05-12,171.4300,171.8400,170.3500,170.4300,170.4300,12666300
2021-05-13,170.3500,171.2700,170.2300,171.1300,171.1300,8078300
2021-05-14,172.0500,172.7000,171.8200,172.6900,172.6900,9686800
2021-05-17,173.3000,175.0000,173.2800,174.7000,174.7000,11956800
2021-05-18,175.1800,175.2100,174.4600,175.0400,175.0400,7294000
2021-05-19,175.1400,177.0000,174.3500,175.1600,175.1600,20741100
2021-05-20,175.3200,176.4600,175.1100,175.9600,175.9600,9802800
2021-05-21,176.5800,176.8600,175.1500,176.0400,176.0400,7677200
2021-05-24,176.1500,176.5900,175.8700,176.3500,176.3500,5557300
2021-05-25,176.1500,177.9500,176.0400,177.9500,177.9500,8986900
2021-05-26,178.3700,178.6100,177.0400,177.6400,177.6400,8495400
2021-05-27,177.3900,177.8200,176.8100,177.7100,177.7100,7993000
2021-05-28,177.4600,178.4300,177.2400,178.3800,178.3800,9967000
2021-06-01,178.7600,178.8500,177.1900,177.9000,177.9000,9143300
2021-06-02,178.3400,178.7800,177.9700,178.7700,178.7700,6613100
2021-06-03,175.8300,175.8300,174.6600,175.2700,175.2700,10153900
2021-06-04,176.6500,177.5700,176.6100,177.1600,177.1600,8375300
2021-06-07,176.9600,177.9000,176.6300,177.8700,177.8700,7709100
2021-06-08,177.2300,177.5400,176.3700,177.3200,177.3200,5905800
2021-06-09,177.3800,177.8000,176.7800,176.9800,176.9800,6346100
2021-06-10,176.7000,177.8500,176.4800,177.7400,177.7400,9896600
2021-06-11,176.3300,176.5700,175.4800,175.7400,175.7400,7836900
2021-06-14,173.1600,175.0600,172.9500,174.7100,174.7100,7733600
2021-06-15,174.7800,174.9200,173.3400,174.0500,174.0500,7550200
2021-06-16,173.9100,174.4700,171.0300,171.1100,171.1100,16919700
2021-06-17,167.0200,167.6200,165.4400,165.8500,165.8500,27232200
2021-06-18,166.1400,166.7200,164.8700,164.9300,164.9300,15744300
2021-06-21,166.5200,167.2200,166.0000,166.9500,166.9500,8371000
2021-06-22,166.3500,166.9200,166.0100,166.2500,166.2500,7223900
2021-06-23,166.9700,168.0300,165.9700,166.1400,166.1400,8474300
2021-06-24,167.0000,167.2300,166.0100,166.0400,166.0400,6903400
2021-06-25,167.4500,167.5300,166.2900,166.5900,166.5900,7473700
2021-06-28,166.6800,166.9100,166.3600,166.5800,166.5800,6508900
2021-06-29,164.3400,165.2800,164.0100,164.8300,164.8300,7451400
2021-06-30,164.5700,166.1000,164.2900,165.6300,165.6300,7955800
2021-07-01,166.6500,166.8800,165.5000,166.2000,166.2000,7430500
2021-07-02,167.3500,167.7200,166.4000,167.2900,167.2900,7873600
2021-07-06,169.2700,169.6500,167.5400,168.1200,168.1200,7932100
2021-07-07,168.7200,169.2300,168.1900,168.7600,168.7600,7108900
2021-07-08,169.8200,169.8600,167.9100,168.6500,168.6500,7244300
2021-07-09,168.8400,169.6200,168.6600,169.2100,169.2100,4997400
2021-07-12,168.7000,169.1600,167.6400,169.0000,169.0000,7315400
2021-07-13,169.5100,169.9000,168.9300,169.2200,169.2200,7040300
2021-07-14,170.9100,171.0400,170.2800,171.0400,171.0400,8830300
2021-07-15,170.8900,171.3000,170.3400,171.0700,171.0700,6520100
2021-07-16,170.6500,170.9500,169.2800,169.4100,169.4100,9460300
2021-07-19,169.5100,169.9100,168.8900,169.6100,169.6100,6707400
2021-07-20,170.5100,170.8000,168.9200,169.3900,169.3900,6540100
2021-07-21,168.3300,169.0000,168.1400,168.7600,168.7600,4622600
2021-07-22,168.4900,169.1900,168.0600,169.0900,169.0900,4793600
2021-07-23,168.5000,168.8800,167.9500,168.5600,168.5600,5831500
2021-07-26,168.5800,168.8600,168.0800,168.1600,168.1600,5229800
2021-07-27,168.7300,168.9100,167.9300,168.4400,168.4400,6300200
2021-07-28,168.2600,169.3800,167.7200,169.2900,169.2900,7905800
2021-07-29,170.7000,171.5200,170.6700,171.1700,171.1700,8119600
2021-07-30,170.7200,170.9900,169.3800,169.8200,169.8200,7391700
2021-08-02,169.3000,170.2500,169.1000,169.6100,169.6100,10783200
2021-08-03,169.4200,169.8300,169.2100,169.4900,169.4900,5402300
2021-08-04,171.2800,171.4000,168.9900,169.5300,169.5300,9796300
2021-08-05,169.3700,169.4400,168.2000,168.8600,168.8600,8015000
2021-08-06,165.8400,165.9300,164.5500,164.6400,164.6400,13547600
2021-08-09,163.0100,163.2900,161.2600,161.7200,161.7200,11547000
2021-08-10,161.3900,162.1100,160.6800,161.7700,161.7700,6870800
2021-08-11,163.1500,164.1700,162.6800,164.0000,164.0000,7382400
2021-08-12,163.6500,164.1000,162.9300,164.0400,164.0400,5211700
2021-08-13,165.0200,166.4600,164.8900,166.3900,166.3900,7466900
2021-08-16,166.7300,167.3900,166.5900,167.2200,167.2200,7776500
2021-08-17,167.2900,167.7300,166.5600,166.9700,166.9700,7107000
2021-08-18,167.2400,167.5100,166.2600,167.1000,167.1000,7697900
2021-08-19,167.2400,167.2900,166.1600,166.6100,166.6100,6934300
2021-08-20,166.8000,167.1400,166.3600,166.7000,166.7000,7154000
2021-08-23,168.8200,168.9100,167.9600,168.7300,168.7300,8190500
2021-08-24,169.0400,169.2700,168.5200,168.6500,168.6500,4519200
2021-08-25,167.8800,167.9200,166.7400,167.4800,167.4800,5588800
2021-08-26,167.2100,168.2100,166.8300,167.6700,167.6700,4371900
2021-08-27,167.5800,170.1900,166.8700,170.1900,170.1900,10036400
2021-08-30,169.6600,169.8400,169.0900,169.3500,169.3500,3768600
2021-08-31,169.2300,169.9200,168.7500,169.6900,169.6900,6336000
2021-09-01,169.9400,170.0000,169.1600,169.7000,169.7000,4764900
2021-09-02,169.5000,169.6300,168.8200,169.2500,169.2500,4599800
2021-09-03,170.5900,171.5500,170.1500,171.0600,171.0600,8353300
2021-09-07,169.5600,169.7800,167.6300,167.7100,167.7100,10004600
2021-09-08,168.0200,168.0800,166.7000,167.2900,167.2900,6576000
2021-09-09,168.1700,168.2800,166.8300,168.0300,168.0300,6641400
2021-09-10,167.8100,168.0800,167.1500,167.1800,167.1800,7426300
2021-09-13,167.4500,168.2200,167.4000,167.7400,167.7400,5474300
2021-09-14,168.2200,169.1600,167.4800,168.8200,168.8200,7922900
2021-09-15,168.1300,168.3600,167.4500,167.8300,167.8300,5624900
2021-09-16,164.3800,164.4400,163.2300,164.0300,164.0300,11780400
2021-09-17,163.8600,164.3200,163.4000,163.7700,163.7700,8369700
2021-09-20,164.2900,165.2800,164.0700,164.9400,164.9400,7566600
2021-09-21,165.8100,166.6300,165.4900,166.0400,166.0400,7181500
2021-09-22,165.8900,167.1500,165.0300,165.4200,165.4200,9777800
2021-09-23,164.1000,164.2000,163.2700,163.5100,163.5100,8451900
2021-09-24,163.0000,164.0000,162.7400,163.3000,163.3000,6937500
2021-09-27,163.8500,164.3600,163.5100,163.6400,163.6400,4943000
2021-09-28,162.7300,162.8200,161.7300,162.0500,162.0500,9282800
2021-09-29,162.3500,162.7400,160.9700,161.3200,161.3200,8360700
2021-09-30,162.6600,164.9500,162.3400,164.2200,164.2200,10572900
2021-10-01,164.2700,164.9600,163.8900,164.5900,164.5900,6654700
2021-10-04,163.6900,165.5400,163.4700,165.3600,165.3600,7651700
2021-10-05,163.9400,164.8500,163.4900,164.5900,164.5900,5617300
2021-10-06,164.2300,165.0600,164.1500,165.0300,165.0300,6067200
2021-10-07,164.0200,164.8500,163.9600,164.1600,164.1600,4791500
2021-10-08,166.3200,166.4200,164.1400,164.2300,164.2300,8536100
2021-10-11,164.0400,164.5800,163.9100,163.9200,163.9200,3820100
2021-10-12,164.5700,165.4400,164.3100,164.6600,164.6600,5453000
2021-10-13,165.2800,167.9200,165.2800,167.5900,167.5900,11113800
2021-10-14,168.1900,168.2200,167.7100,168.0000,168.0000,5081400
2021-10-15,165.3900,166.0900,165.1000,165.3300,165.3300,8699200
2021-10-18,165.4200,165.5900,164.8100,164.9200,164.9200,4029600
2021-10-19,166.5000,166.5000,165.2000,165.4500,165.4500,6588500
2021-10-20,166.2100,167.1100,165.9300,166.9000,166.9000,5022000
2021-10-21,166.7000,166.9400,166.2400,166.7500,166.7500,4412400
2021-10-22,168.6700,169.5400,166.6700,167.7700,167.7700,10703900
2021-10-25,168.6600,169.2100,168.5300,168.9300,168.9300,4881300
2021-10-26,167.8800,167.9100,166.6300,167.6800,167.6800,6658900
2021-10-27,167.7300,168.2000,166.8600,168.1200,168.1200,5823100
2021-10-28,168.9800,169.2500,167.5300,168.0800,168.0800,7000700
2021-10-29,166.2900,166.7300,165.6400,166.6500,166.6500,7531900
2021-11-01,167.3800,167.8400,166.9100,167.5200,167.5200,4975600
2021-11-02,167.4300,167.6300,166.9600,167.1600,167.1600,3760700
2021-11-03,165.3400,165.9500,164.3800,165.7700,165.7700,9055200
2021-11-04,167.5100,168.1400,167.3700,167.6500,167.6500,6656100
2021-11-05,168.4200,169.9400,167.8500,169.8400,169.8400,9368900
2021-11-08,170.4300,170.7000,170.0600,170.4500,170.4500,4966100
2021-11-09,170.7300,171.3100,170.1200,171.2900,171.2900,5781200
2021-11-10,173.6700,174.6500,172.1100,173.1500,173.1500,11461800
2021-11-11,173.9800,174.2700,173.7400,174.1200,174.1200,5959600
2021-11-12,173.5100,174.6700,173.4000,174.4500,174.4500,7894800
2021-11-15,174.1000,174.5900,173.6900,174.1800,174.1800,5630800
2021-11-16,173.9700,174.4800,172.8600,172.9200,172.9200,8667300
2021-11-17,174.2400,174.6100,173.8900,174.5000,174.5000,6523100
2021-11-18,173.9600,174.3600,173.5300,173.9400,173.9400,6252000
2021-11-19,173.6900,174.1000,172.2400,172.6100,172.6100,8785600
2021-11-22,169.9000,170.4400,168.4200,168.7400,168.7400,13091900
2021-11-23,167.2800,167.6000,166.5300,167.2800,167.2800,8047800
2021-11-24,166.5800,167.4400,166.3200,167.1200,167.1200,5359500
2021-11-26,168.6000,168.6400,166.3700,166.8500,166.8500,9605200
2021-11-29,166.8400,167.2600,166.3800,166.6200,166.6200,7394900
2021-11-30,167.7700,169.0100,165.3700,165.5000,165.5000,12925300
2021-12-01,166.8400,167.4700,166.0600,166.1600,166.1600,7808600
2021-12-02,165.8900,165.9400,164.6300,165.2400,165.2400,9604100
2021-12-03,165.4900,166.9300,165.0000,166.6300,166.6300,9507900
2021-12-06,166.1400,166.8000,165.9300,166.2200,166.2200,4813600
2021-12-07,166.2000,167.0800,166.1800,166.8100,166.8100,4900700
2021-12-08,166.5100,166.9600,166.2800,166.9000,166.9000,4288900
2021-12-09,166.5400,166.5800,165.6500,165.8800,165.8800,4913800
2021-12-10,166.7200,166.9200,166.1800,166.5800,166.5800,6450600
2021-12-13,166.9000,167.2600,166.6700,167.0000,167.0000,6610700
2021-12-14,165.3400,166.1400,165.1600,165.4400,165.4400,8637900
2021-12-15,165.2700,166.4000,163.8000,166.1500,166.1500,14231200
2021-12-16,167.0100,168.1800,166.9400,168.1600,168.1600,11186200
2021-12-17,168.7300,169.1300,167.7800,167.8000,167.8000,9856900
2021-12-20,167.8800,168.0000,167.0600,167.0900,167.0900,6973000
2021-12-21,167.6900,167.7800,166.7400,167.0200,167.0200,4548500
2021-12-22,167.5800,168.6400,167.1100,168.5900,168.5900,4672900
2021-12-23,168.6900,169.1600,168.0100,168.9700,168.9700,4551100
2021-12-27,168.9600,169.4200,168.7800,169.3700,169.3700,4760300
2021-12-28,169.3300,169.6500,168.6200,168.6400,168.6400,4541900
2021-12-29,167.3600,168.6900,167.2800,168.5900,168.5900,5889700
2021-12-30,168.4300,169.8100,168.3700,169.8000,169.8000,5426300
2021-12-31,170.5300,171.0400,170.0400,170.9600,170.9600,7039300
2022-01-03,168.8600,169.0100,168.0000,168.3300,168.3300,9014400
2022-01-04,168.9000,169.7200,168.7300,169.5700,169.5700,6965600
2022-01-05,170.6200,170.9300,168.9000,169.0600,169.0600,8715600
2022-01-06,167.1600,167.7500,166.8600,166.9900,166.9900,10902700
2022-01-07,167.3700,168.0100,166.8600,167.7500,167.7500,8191900
2022-01-10,167.3600,168.3000,167.3100,168.2600,168.2600,7026500
2022-01-11,168.4400,170.3100,168.3700,170.2900,170.2900,8369000
2022-01-12,170.1900,170.7500,170.0100,170.7400,170.7400,6280700
2022-01-13,170.0900,170.2200,169.2700,170.1600,170.1600,7034200
2022-01-14,170.2200,170.5600,169.4800,169.6700,169.6700,7865900
2022-01-18,169.6400,170.0100,169.0900,169.3900,169.3900,9322800
2022-01-19,170.3900,172.1900,170.2000,172.0800,172.0800,15784500
2022-01-20,172.3100,172.6000,171.5900,171.6500,171.6500,9570500
2022-01-21,172.0400,172.1200,170.7400,171.0900,171.0900,10982500
2022-01-24,171.7800,172.1400,170.8500,172.0300,172.0300,15727700
2022-01-25,171.9500,173.1500,171.7800,172.5800,172.5800,17382100
2022-01-26,171.3900,171.7300,169.4800,169.7900,169.7900,17799400
2022-01-27,168.0200,169.0900,167.3300,167.6000,167.6000,15867300
2022-01-28,166.5600,167.4600,166.3700,167.1000,167.1000,9782500
2022-01-31,167.7900,168.1400,167.4600,168.0900,168.0900,8539300
2022-02-01,168.5700,168.8500,167.8700,168.2300,168.2300,9763900
2022-02-02,168.3400,169.1200,168.1600,168.8400,168.8400,9085300
2022-02-03,168.3100,168.8200,167.0300,168.6000,168.6000,10650800
2022-02-04,168.0400,169.1000,167.9900,168.8600,168.8600,9619600
2022-02-07,169.4500,170.3000,169.1900,170.1100,170.1100,7796900
2022-02-08,170.1000,170.7800,169.9500,170.6300,170.6300,5802000
2022-02-09,170.6800,171.4200,170.5500,171.2100,171.2100,8002800
2022-02-10,170.5200,171.9900,170.4600,170.5600,170.5600,10693500
2022-02-11,170.7500,174.2000,170.7100,173.8100,173.8100,25741500
2022-02-14,173.7800,175.0000,173.6800,174.7400,174.7400,13650700
2022-02-15,173.1000,173.3400,172.3900,173.0800,173.0800,12603600
2022-02-16,173.4900,174.8600,173.4800,174.8600,174.8600,12772100
2022-02-17,176.7000,177.5300,176.3900,177.2500,177.2500,18612500
2022-02-18,177.0700,177.2500,176.5100,177.1200,177.1200,12760700
2022-02-22,177.6700,178.0700,176.8200,177.4900,177.4900,14960500
2022-02-23,177.3900,178.3900,177.3600,178.2900,178.2900,11772200
2022-02-24,182.5900,182.6000,175.2700,177.1400,177.1400,32726000
2022-02-25,176.4200,176.7900,175.7900,176.5500,176.5500,11530900
2022-02-28,178.8600,178.9900,176.5000,178.3800,178.3800,16055800
2022-03-01,179.0500,181.7600,179.0300,181.6200,181.6200,21942100
2022-03-02,180.1300,180.7100,178.7900,179.7300,179.7300,19727200
2022-03-03,179.9600,181.3000,179.5000,180.8000,180.8000,15164400
2022-03-04,182.1100,183.9800,181.3600,183.6800,183.6800,22390100
2022-03-07,184.4500,186.6400,184.2200,186.4100,186.4100,27951800
2022-03-08,188.3500,193.3000,188.2600,191.5100,191.5100,47347700
2022-03-09,186.0400,187.2300,184.7600,185.8200,185.8200,26839700
2022-03-10,186.8800,187.3800,184.9900,186.4000,186.4000,18455200
2022-03-11,183.7400,185.7800,183.4400,185.0900,185.0900,14824700
2022-03-14,183.0300,183.2900,181.9500,182.3000,182.3000,13186400
2022-03-15,179.1000,180.2700,178.0100,178.8900,178.8900,16962300
2022-03-16,179.1300,180.1200,176.8700,180.0100,180.0100,17548100
2022-03-17,181.1600,182.0300,180.6500,180.8900,180.8900,10954100
2022-03-18,179.9300,180.9300,179.0400,179.3000,179.3000,13996500
2022-03-21,179.3300,181.2900,179.3200,180.6700,180.6700,10582200
2022-03-22,179.6000,179.7100,178.3200,179.3600,179.3600,9621800
2022-03-23,180.2900,181.8900,179.7600,181.8100,181.8100,12557300
2022-03-24,182.3500,183.5100,181.7700,183.1300,183.1300,10970100
2022-03-25,181.8100,183.1300,181.3500,182.3800,182.3800,7911100
2022-03-28,180.3800,181.3300,178.8500,179.0600,179.0600,9489700
2022-03-29,177.0200,179.3300,176.6900,179.1400,179.1400,10458900
2022-03-30,179.7600,180.9200,179.6800,180.5800,180.5800,8361300
2022-03-31,180.9100,181.9600,180.5600,180.6500,180.6500,9844400
2022-04-01,179.5500,180.4600,178.9800,179.5000,179.5000,13034400
2022-04-04,180.2400,180.8100,179.5800,180.3700,180.3700,7063100
2022-04-05,180.9100,181.4900,178.9300,179.2400,179.2400,10828500
2022-04-06,179.7800,180.3100,178.7000,179.6600,179.6600,8942100
2022-04-07,179.8700,180.8800,179.8000,180.3400,180.3400,10140600
2022-04-08,180.5200,181.8200,180.5200,181.4700,181.4700,10655700
2022-04-11,183.1700,183.3300,181.1100,182.3700,182.3700,10071300
2022-04-12,184.0400,184.6400,182.9600,183.7700,183.7700,12024600
2022-04-13,184.5000,184.9400,184.1300,184.6500,184.6500,8651600
2022-04-14,184.2800,184.4100,182.8800,184.0400,184.0400,11567200
2022-04-18,185.9500,186.1000,184.3900,184.6100,184.6100,8886700
2022-04-19,183.1900,183.6500,181.3300,181.8200,181.8200,12585600
2022-04-20,181.5900,182.7200,181.3500,182.7100,182.7100,7038600
2022-04-21,181.7700,182.3200,180.7800,182.0600,182.0600,9639800
2022-04-22,180.7200,181.6100,179.7400,180.2900,180.2900,9147000
2022-04-25,177.1700,177.5100,176.4800,177.0500,177.0500,13073700
2022-04-26,177.9500,178.3000,176.9200,177.3200,177.3200,9042400
2022-04-27,176.4600,176.6400,175.5000,175.9800,175.9800,8854700
2022-04-28,175.9200,176.9700,175.6900,176.9300,176.9300,6381100
2022-04-29,178.0700,178.6200,176.7100,176.9100,176.9100,7719700
2022-05-02,173.6100,174.6500,172.9800,173.6300,173.6300,14318600
2022-05-03,173.8900,175.2100,173.8500,174.0900,174.0900,7214300
2022-05-04,174.3200,176.3500,173.6700,175.8000,175.8000,10491700
2022-05-05,177.5600,177.6100,174.6600,175.1300,175.1300,12794200
2022-05-06,175.3900,176.5600,174.8600,175.4200,175.4200,7643300
2022-05-09,174.2700,174.2700,172.7900,172.8800,172.8800,10742400
2022-05-10,173.8000,173.9600,171.2000,171.4200,171.4200,11010400
2022-05-11,172.5100,173.3200,172.2000,172.8200,172.8200,9179600
2022-05-12,172.0700,172.4000,169.9000,170.1700,170.1700,11626800
2022-05-13,168.3100,169.6200,168.0100,168.7900,168.7900,13031100
2022-05-16,168.4300,170.4300,168.3400,170.4000,170.4000,7319300
2022-05-17,170.4400,170.5300,169.1400,169.3300,169.3300,6441100
2022-05-18,169.0100,170.2100,168.8100,169.4200,169.4200,7472900
2022-05-19,171.5500,172.5200,170.8900,171.9100,171.9100,10580300
2022-05-20,171.7100,172.2400,170.8900,172.0300,172.0300,6578100
2022-05-23,173.1300,173.3800,172.2800,172.8300,172.8300,5518500
2022-05-24,173.4700,174.4100,173.3500,174.1300,174.1300,6794000
2022-05-25,172.7900,173.1600,171.7300,173.0800,173.0800,4595900
2022-05-26,172.1300,172.9300,171.7600,172.7600,172.7600,6467000
2022-05-27,173.4900,173.5200,172.6400,172.8500,172.8500,3847900
2022-05-31,172.7100,173.0700,171.0800,171.1400,171.1400,6244000
2022-06-01,172.2100,172.5300,171.3900,172.2300,172.2300,6946500
2022-06-02,173.6600,174.4500,173.4900,174.3500,174.3500,5623100
2022-06-03,173.5300,173.9700,172.2500,172.5800,172.5800,5519400
2022-06-06,172.8100,172.8900,171.6500,171.8200,171.8200,3766000
2022-06-07,172.1100,173.0500,171.9900,172.9400,172.9400,3860000
2022-06-08,172.8900,173.4500,172.6700,172.7800,172.7800,5140800
2022-06-09,172.4500,172.5900,171.5800,172.2300,172.2300,4701100
2022-06-10,170.8900,174.9400,170.4600,174.5400,174.5400,16856100
2022-06-13,171.1800,171.3400,169.6100,169.9300,169.9300,13265200
2022-06-14,169.6100,169.7300,168.3000,168.5700,168.5700,7347900
2022-06-15,170.4000,171.8400,169.0800,170.7700,170.7700,9000300
2022-06-16,170.5600,172.7700,170.1700,172.6900,172.6900,8823600
2022-06-17,172.1500,172.3000,170.9700,171.2700,171.2700,7407200
2022-06-21,171.0600,171.9100,170.4700,170.6300,170.6300,5608500
2022-06-22,171.6100,172.3000,171.1000,171.3100,171.3100,6558700
2022-06-23,171.3900,172.1300,169.9000,170.2600,170.2600,6535300
2022-06-24,170.2400,170.7400,169.8500,170.0900,170.0900,6143100
2022-06-27,170.6000,170.6700,169.7500,169.9000,169.9000,5719700
2022-06-28,170.0700,170.2100,169.5100,169.6200,169.6200,2982700
2022-06-29,170.5800,170.7000,169.1700,169.4900,169.4900,4785600
2022-06-30,169.5100,169.9600,168.2400,168.4600,168.4600,9144400
2022-07-01,167.1400,168.6800,166.9600,168.3200,168.3200,11380300
2022-07-05,167.1800,167.3300,164.4100,164.7500,164.7500,14035400
2022-07-06,164.3200,164.5700,161.4700,162.1400,162.1400,11861100
2022-07-07,162.4300,163.0400,162.0600,162.2300,162.2300,4588400
2022-07-08,162.3500,163.3800,161.8400,162.3000,162.3000,4584100
2022-07-11,161.9300,162.4400,161.3800,161.4300,161.4300,4321700
2022-07-12,161.2200,161.6200,160.7200,160.8300,160.8300,5375100
2022-07-13,160.1000,162.7100,160.0600,161.6000,161.6000,8456600
2022-07-14,159.0200,159.8300,158.2200,159.3300,159.3300,12213600
2022-07-15,159.0100,159.2500,158.3500,159.0100,159.0100,6783800
2022-07-18,160.0800,160.4300,159.0500,159.1600,159.1600,5791800
2022-07-19,159.4700,159.8700,159.3300,159.5400,159.5400,3796200
2022-07-20,159.7100,159.8200,158.0300,158.0400,158.0400,4795800
2022-07-21,158.3100,160.3100,158.2700,160.2700,160.2700,5863300
2022-07-22,160.5500,162.1300,160.3500,160.6700,160.6700,5733800
2022-07-25,160.6400,160.7000,159.8100,160.2300,160.2300,3713400
2022-07-26,160.2300,160.5000,159.7900,160.0400,160.0400,2672800
2022-07-27,160.0200,162.2100,159.5100,161.6700,161.6700,5766100
2022-07-28,163.3100,163.7600,162.8800,163.6400,163.6400,5606400
2022-07-29,163.8900,164.6900,163.2800,164.1000,164.1000,7537300
2022-08-01,164.9800,165.4100,164.4100,165.0300,165.0300,4666900
2022-08-02,165.6600,166.4600,164.0200,164.0500,164.0500,5725400
2022-08-03,164.7700,164.9100,163.4800,164.4500,164.4500,4417800
2022-08-04,165.5300,167.3100,165.3400,167.1700,167.1700,5502000
2022-08-05,164.9900,165.8400,164.8700,165.2900,165.2900,6023300
2022-08-08,166.0300,166.8100,165.9300,166.6900,166.6900,3456300
2022-08-09,167.4800,167.8000,166.8200,167.2000,167.2000,3205500
2022-08-10,167.3900,167.9800,166.6200,166.7800,166.7800,4077300
2022-08-11,167.1600,167.6600,166.3100,166.3400,166.3400,4446000
2022-08-12,167.1700,167.9400,166.8300,167.8700,167.8700,5151700
2022-08-15,165.9900,166.2500,165.4400,165.7100,165.7100,5236100
2022-08-16,165.3100,165.7200,165.1800,165.4200,165.4200,4291500
2022-08-17,165.2100,165.2300,163.9500,164.3500,164.3500,5569100
2022-08-18,164.6000,164.9100,163.5400,163.9200,163.9200,3646100
2022-08-19,163.6500,163.7400,162.6200,162.7200,162.7200,8173000
2022-08-22,161.6600,162.1200,161.3600,161.6400,161.6400,4458100
2022-08-23,161.9600,163.4300,161.9100,162.7700,162.7700,4425100
2022-08-24,162.4400,163.6100,162.3700,163.2500,163.2500,3202400
2022-08-25,163.9700,163.9900,163.2400,163.7500,163.7500,2857500
2022-08-26,163.1200,163.6100,161.5500,161.7600,161.7600,6689300
2022-08-29,161.8800,162.6200,161.7000,161.8600,161.8600,4702300
2022-08-30,161.2700,161.4300,160.3400,160.5100,160.5100,4856600
2022-08-31,159.5000,160.5700,159.2600,159.2700,159.2700,5438600
2022-09-01,158.1700,158.3900,157.3200,157.8700,157.8700,7390800
2022-09-02,159.3500,160.0600,159.1400,159.2600,159.2600,5196900
2022-09-06,159.1700,159.4600,158.3200,158.3300,158.3300,4863800
2022-09-07,158.1500,160.1500,158.0800,159.9400,159.9400,3981400
2022-09-08,159.5400,159.8600,158.7100,158.9800,158.9800,4607100
2022-09-09,159.7200,160.2400,159.4100,159.8200,159.8200,3927800
2022-09-12,161.0400,161.6200,160.5500,160.6300,160.6300,4537500
2022-09-13,158.4700,159.2700,158.3900,158.5400,158.5400,6526400
2022-09-14,158.6800,158.9800,157.7300,157.9300,157.9300,6091100
2022-09-15,156.7600,157.4900,154.6200,154.9800,154.9800,13181200
2022-09-16,154.6600,156.5600,154.3400,155.8400,155.8400,7141200
2022-09-19,154.8700,156.0400,154.8200,155.9600,155.9600,5582800
2022-09-20,155.0300,155.2300,154.5900,155.0700,155.0700,5943700
2022-09-21,155.9700,157.2500,154.0100,155.7900,155.7900,7816100
2022-09-22,156.2600,156.4800,155.3100,155.7000,155.7000,5975200
2022-09-23,153.9000,154.0000,152.6400,153.0100,153.0100,9598000
2022-09-26,153.2200,153.5100,151.0300,151.2300,151.2300,8240500
2022-09-27,152.2500,152.7300,151.5000,151.5400,151.5400,7151300
2022-09-28,153.2000,154.8800,152.9300,154.6900,154.6900,8977200
2022-09-29,154.1400,155.0300,153.1600,154.6600,154.6600,6317000
2022-09-30,154.9400,156.0400,154.5700,154.6700,154.6700,6832400
2022-10-03,155.4400,158.4800,155.2300,158.4300,158.4300,10362200
2022-10-04,159.1800,161.0800,158.9200,160.7000,160.7000,8024500
2022-10-05,159.3200,160.0800,158.3800,159.8100,159.8100,5296300
2022-10-06,159.4100,159.9400,158.9500,159.6300,159.6300,5712600
2022-10-07,158.4600,158.9800,157.6800,157.8800,157.8800,5030000
2022-10-10,155.9400,156.3500,155.1200,155.4800,155.4800,6110800
2022-10-11,155.4900,156.8100,154.9200,155.1600,155.1600,5306700
2022-10-12,155.5100,156.2900,155.2600,155.9900,155.9900,3998500
2022-10-13,153.4800,155.7300,152.9200,154.9100,154.9100,7083800
2022-10-14,154.0200,154.2000,152.7200,152.9800,152.9800,5471900
2022-10-17,154.9200,155.3300,153.3200,153.4200,153.4200,4348000
2022-10-18,154.0800,154.2400,153.2400,153.7500,153.7500,4528400
2022-10-19,152.0900,152.4900,151.5400,151.6900,151.6900,8257100
2022-10-20,151.9200,153.2300,151.2700,151.4500,151.4500,5019800
2022-10-21,151.9800,154.3100,151.8300,154.1500,154.1500,6898400
2022-10-24,153.4500,154.0600,153.0600,153.6500,153.6500,4673300
2022-10-25,153.9600,154.7900,153.8300,154.0000,154.0000,3434100
2022-10-26,154.7800,155.7300,154.7800,154.9800,154.9800,4448200
2022-10-27,154.7100,155.0900,154.2200,154.7400,154.7400,3654900
2022-10-28,152.9600,153.5400,152.5000,153.1600,153.1600,4645400
2022-10-31,152.1600,152.8700,151.8900,151.9100,151.9100,6097800
2022-11-01,153.8200,153.9800,152.8700,153.4600,153.4600,4603600
2022-11-02,154.1600,155.4200,152.2600,152.3900,152.3900,7210900
2022-11-03,150.7000,151.9600,150.5700,151.8100,151.8100,5378800
2022-11-04,154.9500,156.6000,154.6600,156.4700,156.4700,7692000
2022-11-07,156.2200,156.5700,155.8100,155.8500,155.8500,4425700
2022-11-08,155.9900,159.8700,155.9800,159.4500,159.4500,11299600
2022-11-09,159.3600,160.3500,158.4500,158.6500,158.6500,6040600
2022-11-10,162.0100,163.5100,161.6600,163.4800,163.4800,9939900
2022-11-11,163.9100,164.5800,163.4200,164.5600,164.5600,4622400
2022-11-14,164.2000,165.2400,164.1500,164.9200,164.9200,6187600
2022-11-15,165.2700,166.2300,164.5600,165.5000,165.5000,9903500
2022-11-16,165.4100,165.7100,164.8300,165.1200,165.1200,3645800
2022-11-17,163.7900,164.1100,163.4000,163.9200,163.9200,4574400
2022-11-18,163.3800,163.6900,162.6800,162.7900,162.7900,4321100
2022-11-21,162.4400,162.5000,161.2800,161.8800,161.8800,4766500
2022-11-22,162.3000,162.6000,161.7200,162.0700,162.0700,3203800
2022-11-23,161.6900,163.2400,161.5600,163.0800,163.0800,4167000
2022-11-25,162.8500,163.4300,162.7600,163.2200,163.2200,1436500
2022-11-28,162.9300,163.0600,161.9100,161.9300,161.9300,4052900
2022-11-29,162.7000,163.6300,162.6000,162.7300,162.7300,2620600
2022-11-30,163.6900,164.8100,162.4000,164.8100,164.8100,4874700
2022-12-01,167.4800,167.9500,166.9800,167.8400,167.8400,8625800
2022-12-02,166.1800,167.4700,165.7600,167.2600,167.2600,5185900
2022-12-05,166.5500,166.7200,164.3200,164.3900,164.3900,5436200
2022-12-06,165.2000,165.5400,164.4500,164.8400,164.8400,3597800
2022-12-07,165.4700,166.6400,165.3200,166.3300,166.3300,4610700
2022-12-08,166.5800,167.0500,166.0700,166.4700,166.4700,3217900
2022-12-09,167.2600,168.0900,166.6000,167.0600,167.0600,5431300
2022-12-12,166.4400,166.6000,165.4300,165.6800,165.6800,3504400
2022-12-13,169.2100,169.7900,168.0200,168.5100,168.5100,6750200
2022-12-14,168.4300,168.8100,167.1400,168.1000,168.1000,5643000
2022-12-15,165.7300,166.2100,165.1000,165.3500,165.3500,8363000
2022-12-16,166.0200,166.9800,165.8400,166.7900,166.7900,5372000
2022-12-19,166.7100,167.1100,165.9900,166.3200,166.3200,3940500
2022-12-20,168.1000,169.5300,168.0300,169.0800,169.0800,7803100
2022-12-21,169.0400,169.7100,168.6800,168.8000,168.8000,3990100
2022-12-22,167.7600,167.7600,166.0600,166.7600,166.7600,5672700
2022-12-23,166.8800,167.8000,166.6600,167.2600,167.2600,2912300
2022-12-27,167.8900,170.6100,167.8000,168.6700,168.6700,6885700
2022-12-28,168.0500,168.3400,167.1000,167.9100,167.9100,3662500
2022-12-29,168.5400,169.3500,168.5200,168.8500,168.8500,3345900
2022-12-30,169.2600,169.9000,168.8000,169.6400,169.6400,2864500
2023-01-03,171.3200,172.0900,170.0200,171.0600,171.0600,7992900
2023-01-04,172.8600,173.0900,171.8500,172.6700,172.6700,7574600
2023-01-05,170.8200,171.0000,169.7900,170.5200,170.5200,4692600
2023-01-06,171.7600,173.9600,171.2300,173.7100,173.7100,7889000
2023-01-09,174.5100,175.0400,173.8800,174.1000,174.1000,5134500
2023-01-10,174.6100,174.9800,174.0600,174.7400,174.7400,4398400
2023-01-11,174.7600,174.7900,173.7200,174.6200,174.6200,3374200
2023-01-12,176.0100,176.7100,174.8800,176.6400,176.6400,6936900
2023-01-13,176.9600,178.8300,176.8900,178.7600,178.7600,7468800
2023-01-17,178.2100,178.2400,177.0900,177.5900,177.5900,6610800
2023-01-18,178.9200,179.1800,176.9000,177.0800,177.0800,5384700
2023-01-19,178.3700,180.0300,178.0900,179.8900,179.8900,6678700
2023-01-20,179.0600,179.6600,178.6500,179.2900,179.2900,5754800
2023-01-23,178.3500,179.6900,177.7800,179.6300,179.6300,5265500
2023-01-24,179.5600,180.3200,178.3500,180.2800,180.2800,4604600
2023-01-25,179.3500,181.2200,179.2900,181.1100,181.1100,6925300
2023-01-26,180.1500,180.2700,178.4600,179.4700,179.4700,5860100
2023-01-27,179.2700,179.7200,178.2600,179.2200,179.2200,6052700
2023-01-30,179.2900,179.4300,178.6500,178.7600,178.7600,4210700
2023-01-31,178.8200,179.7000,178.5400,179.4100,179.4100,5976900
2023-02-01,179.7500,181.7300,178.6300,181.6700,181.6700,7996000
2023-02-02,181.0800,181.1100,177.7400,177.9000,177.9000,8842400
2023-02-03,174.9200,175.4300,173.1200,173.4600,173.4600,13674400
2023-02-06,174.1100,174.4600,173.2800,173.8200,173.8200,8957000
2023-02-07,173.7200,175.2700,173.4700,173.9800,173.9800,6794200
2023-02-08,174.9400,174.9900,173.8300,174.4100,174.4100,4075600
2023-02-09,175.4900,175.5200,172.8700,173.0300,173.0300,5361300
2023-02-10,173.6300,173.6800,172.6300,173.3600,173.3600,2971100
2023-02-13,172.7000,172.9000,172.0700,172.4800,172.4800,3970800
2023-02-14,171.9700,173.5100,171.4100,172.6100,172.6100,5403100
2023-02-15,170.6000,170.9900,170.1600,170.8900,170.8900,5423800
2023-02-16,170.3400,171.6000,169.9600,170.7500,170.7500,4540400
2023-02-17,169.8700,171.4700,169.5200,171.2600,171.2600,4809800
2023-02-21,171.2000,171.5000,170.3400,170.6200,170.6200,4035900
2023-02-22,170.8100,170.9600,169.5600,169.6600,169.6600,4105700
2023-02-23,169.8400,170.1300,169.0800,169.5700,169.5700,5073500
2023-02-24,168.4200,168.8400,168.1900,168.3500,168.3500,6496500
2023-02-27,168.8800,169.2300,168.5500,169.0100,169.0100,4509200
2023-02-28,168.7800,170.2500,168.5900,169.7800,169.7800,6761600
2023-03-01,170.9500,171.4900,170.4700,170.7600,170.7600,6590500
2023-03-02,170.5200,170.9800,170.3600,170.6600,170.6600,3950700
2023-03-03,171.4500,172.6000,170.9800,172.4900,172.4900,6894500
2023-03-06,172.3200,172.3700,171.5400,171.6200,171.6200,4264100
2023-03-07,170.4200,170.4700,168.5200,168.6200,168.6200,8713300
2023-03-08,168.6100,169.5900,168.5200,168.5400,168.5400,5718600
2023-03-09,169.7500,170.6500,169.7100,170.2000,170.2000,5583000
2023-03-10,171.9300,173.8800,171.9200,173.8700,173.8700,13803400
2023-03-13,176.6600,178.0200,176.3000,177.8600,177.8600,20554400
2023-03-14,177.3500,177.5900,176.2100,176.8300,176.8300,10019000
2023-03-15,178.8600,180.1300,177.4900,178.2100,178.2100,14546100
2023-03-16,179.5100,179.6500,177.8700,178.5700,178.5700,10762200
2023-03-17,181.0200,184.8100,180.7700,183.7700,183.7700,24156300
2023-03-20,184.1900,184.5400,182.7400,183.8400,183.8400,11845700
2023-03-21,182.6500,182.7300,179.9000,180.3700,180.3700,10734500
2023-03-22,180.4000,183.9400,180.2800,183.4400,183.4400,11969600
2023-03-23,183.9100,186.2400,183.6000,185.7400,185.7400,11347100
2023-03-24,185.6100,185.9900,183.6200,183.6500,183.6500,9245900
2023-03-27,181.1500,182.1500,180.6900,181.9500,181.9500,6925000
2023-03-28,182.3100,183.6200,182.1200,183.4400,183.4400,6202600
2023-03-29,182.4900,183.2700,182.2400,182.5300,182.5300,4996500
2023-03-30,182.7500,184.4400,182.5500,184.1800,184.1800,6360300
2023-03-31,184.1100,184.4200,182.8000,183.2200,183.2200,8003300
2023-04-03,183.8500,185.0400,183.3200,184.5400,184.5400,9206600
2023-04-04,184.7200,188.2300,184.6600,187.9800,187.9800,13765400
2023-04-05,188.3400,188.8600,186.7800,187.8300,187.8300,11440800
2023-04-06,186.8900,187.2600,185.9500,186.4900,186.4900,6648400
2023-04-10,185.1800,185.3600,184.1900,185.1100,185.1100,6408100
2023-04-11,185.9100,186.5100,185.6400,186.2800,186.2800,6031500
2023-04-12,187.5400,187.6600,185.9700,187.1900,187.1900,10000900
2023-04-13,189.7600,190.4100,188.9900,189.7200,189.7200,14060100
2023-04-14,188.0800,188.4900,185.1700,186.3600,186.3600,13272500
2023-04-17,185.8900,185.9300,184.1000,185.5300,185.5300,7468100
2023-04-18,185.2400,186.9900,185.0400,186.2500,186.2500,8056900
2023-04-19,184.3500,185.5800,184.2800,185.3600,185.3600,7373500
2023-04-20,186.1400,187.0300,185.7800,186.0900,186.0900,5789900
2023-04-21,184.9800,185.6800,183.2200,184.2500,184.2500,10698700
2023-04-24,184.0700,185.0300,183.4600,184.8100,184.8100,8303400
2023-04-25,184.8400,186.2200,184.3000,185.7500,185.7500,8451900
2023-04-26,186.6300,186.6500,184.3000,184.7400,184.7400,8203600
2023-04-27,183.9000,184.9900,183.3800,184.7500,184.7500,9107400
2023-04-28,184.7900,185.3800,184.1700,184.8000,184.8000,6700400
2023-05-01,186.0500,186.2200,183.9100,183.9700,183.9700,7997700
2023-05-02,184.6500,187.6400,184.5200,187.5200,187.5200,14680600
2023-05-03,187.6100,189.2100,186.9300,189.1100,189.1100,11133800
2023-05-04,188.8600,191.3600,188.8100,190.4400,190.4400,14146800
2023-05-05,186.5600,187.5800,185.7700,187.4600,187.4600,12508100
2023-05-08,187.8200,188.6700,187.4900,187.6900,187.6900,6075400
2023-05-09,188.1200,189.3300,188.0700,189.0200,189.0200,7098800
2023-05-10,188.9800,189.6400,187.8200,188.7500,188.7500,9392100
2023-05-11,188.4400,188.8100,186.8600,187.1300,187.1300,8245500
2023-05-12,187.4300,187.9200,186.5800,186.8100,186.8100,7087500
2023-05-15,187.3000,187.8800,187.0300,187.2100,187.2100,5518100
2023-05-16,186.5800,186.8200,184.4600,184.8700,184.8700,9519500
2023-05-17,184.3100,184.4500,183.4800,184.2300,184.2300,7474300
2023-05-18,182.1000,182.2800,181.3400,181.8400,181.8400,8812600
2023-05-19,182.2500,184.3400,181.8100,183.6400,183.6400,8435000
2023-05-22,183.2200,183.8400,182.9100,183.2100,183.2100,4834300
2023-05-23,182.7800,183.7600,182.4800,183.4300,183.4300,6345000
2023-05-24,183.5400,183.5400,181.7700,181.9500,181.9500,6732900
2023-05-25,181.1800,181.3100,180.1000,180.2000,180.2000,6919200
2023-05-26,181.0100,181.3000,180.0900,180.9200,180.9200,5823700
2023-05-30,181.7200,182.4000,181.1700,182.0400,182.0400,4906100
2023-05-31,182.3900,183.4500,182.1000,182.3200,182.3200,8497900
2023-06-01,182.8100,184.2100,182.7200,183.7600,183.7600,7300500
2023-06-02,183.5300,183.5600,180.9600,181.0500,181.0500,8726100
2023-06-05,180.7900,182.4400,180.6000,182.1400,182.1400,5748800
2023-06-06,182.3600,182.6500,181.5200,182.3400,182.3400,4967200
2023-06-07,181.9400,183.0000,180.1500,180.1500,180.1500,9066500
2023-06-08,182.0000,183.0400,181.9600,182.5300,182.5300,6394100
2023-06-09,182.3600,182.7900,181.7200,182.0400,182.0400,4379200
2023-06-12,181.8000,181.9400,181.0400,181.8800,181.8800,4873600
2023-06-13,182.1000,182.4300,180.1700,180.5400,180.5400,5126700
2023-06-14,181.6900,181.9600,180.1400,180.6400,180.6400,6807000
2023-06-15,180.2800,182.0500,180.1800,181.9100,181.9100,6739000
2023-06-16,181.9300,182.6200,181.4100,181.6300,181.6300,8779100
2023-06-20,180.0600,180.0900,179.2200,179.7500,179.7500,7584200
2023-06-21,179.1500,179.9500,178.1900,179.4900,179.4900,6702300
2023-06-22,178.3600,178.9900,177.6300,177.7100,177.7100,7945000
2023-06-23,179.6000,179.9500,178.0900,178.2000,178.2000,5419800
2023-06-26,179.0500,179.0800,178.4200,178.5100,178.5100,3222100
2023-06-27,179.0700,179.2900,177.4300,177.6900,177.6900,5036900
2023-06-28,177.2300,177.6900,176.7000,177.2800,177.2800,5866700
2023-06-29,175.8300,177.6300,175.7900,177.0900,177.0900,6862500
2023-06-30,177.6900,178.5300,177.3200,178.2700,178.2700,6420900
2023-07-03,178.6100,179.3400,178.4600,178.4700,178.4700,4085700
2023-07-05,179.4100,179.4200,177.8300,177.8400,177.8400,5650600
2023-07-06,177.5100,177.8000,176.6600,177.3100,177.3100,5133000
2023-07-07,178.3800,179.6500,178.3500,178.6400,178.6400,5201100
2023-07-10,178.3700,178.9200,178.2600,178.7800,178.7800,3320500
2023-07-11,179.4300,179.7100,179.1300,179.4500,179.4500,2818800
2023-07-12,181.1800,181.9500,181.1000,181.8800,181.8800,7062000
2023-07-13,181.9600,182.1500,181.4900,182.0100,182.0100,4527900
2023-07-14,181.5900,182.1700,181.1100,181.4300,181.4300,5390000
2023-07-17,180.9900,181.6300,180.6400,181.5600,181.5600,4152400
2023-07-18,182.7900,184.2300,182.3200,183.6400,183.6400,8238000
2023-07-19,183.4500,183.8400,182.8700,183.6700,183.6700,3911600
2023-07-20,183.7300,183.7700,182.4700,182.7400,182.7400,4972900
2023-07-21,182.0600,182.4600,181.6800,182.1800,182.1800,3845400
2023-07-24,182.2200,182.5400,181.3400,181.4000,181.4000,4370000
2023-07-25,181.7200,182.4700,181.1000,182.4100,182.4100,4090100
2023-07-26,182.6600,183.6400,182.3100,183.3000,183.3000,6158400
2023-07-27,181.6400,181.6400,180.3200,180.4200,180.4200,7592800
2023-07-28,181.4800,182.2700,181.2500,181.8600,181.8600,3828800
2023-07-31,182.4300,183.0900,182.3100,182.3500,182.3500,5494800
2023-08-01,180.8500,181.3800,180.1900,180.4600,180.4600,6239700
2023-08-02,180.5700,180.7900,179.4100,179.6000,179.6000,6339700
2023-08-03,179.4400,179.9500,179.2800,179.5400,179.5400,4636300
2023-08-04,180.2500,180.7700,179.8500,180.1900,180.1900,5326200
2023-08-07,180.1500,180.1500,179.2700,179.7800,179.7800,4510400
2023-08-08,178.6400,179.3300,178.4600,178.6400,178.6400,6162900
2023-08-09,178.6800,178.9200,177.7800,177.7900,177.7900,4644000
2023-08-10,178.2200,178.7000,177.5400,177.6000,177.6000,5934600
2023-08-11,177.7000,178.3600,177.4900,177.6000,177.6000,5289700
2023-08-14,176.8600,177.5800,176.5800,177.0600,177.0600,9554500
2023-08-15,176.7500,177.4300,176.3300,176.5900,176.5900,7582700
2023-08-16,176.6200,176.9500,175.5600,175.5700,175.5700,6559400
2023-08-17,176.5300,176.5600,174.9300,175.3000,175.3000,7937700
2023-08-18,175.8300,176.0600,175.1000,175.3300,175.3300,6253000
2023-08-21,175.9000,175.9400,174.9600,175.8100,175.8100,4206400
2023-08-22,175.8300,176.2500,175.3100,176.1000,176.1000,5892200
2023-08-23,177.3200,178.2200,177.0700,177.8900,177.8900,7949100
2023-08-24,177.6600,178.4900,177.4100,177.8500,177.8500,5526400
2023-08-25,177.5800,178.3800,176.6300,177.6200,177.6200,6132800
2023-08-28,177.6500,178.7300,177.5100,178.1300,178.1300,4740700
2023-08-29,178.0300,179.8800,177.9000,179.8700,179.8700,7576600
2023-08-30,180.5800,180.8800,180.2900,180.3200,180.3200,6593700
2023-08-31,180.3700,180.4900,179.9400,180.0200,180.0200,4795600
2023-09-01,180.8000,181.1200,179.5100,180.1100,180.1100,4970700
2023-09-05,179.3300,179.4400,178.6400,178.6400,178.6400,7056800
2023-09-06,178.3300,179.0100,177.7000,177.8300,177.8300,6427200
2023-09-07,178.3100,178.3700,177.9000,178.0200,178.0200,3257200
2023-09-08,178.3600,179.0500,177.9000,178.0800,178.0800,3292700
2023-09-11,178.9700,179.0700,178.2600,178.4100,178.4100,3689100
2023-09-12,177.1100,177.7000,177.0500,177.4900,177.4900,4445400
2023-09-13,177.5300,177.7500,177.0400,177.0800,177.0800,3874800
2023-09-14,176.5000,177.3900,176.3600,177.1700,177.1700,6184400
2023-09-15,178.5500,179.1100,178.3400,178.3400,178.3400,5620900
2023-09-18,178.8200,179.4100,178.3800,179.3900,179.3900,5049300
2023-09-19,179.5400,179.6500,179.0300,179.2200,179.2200,4224700
2023-09-20,179.3400,180.6600,179.3200,179.3500,179.3500,9328000
2023-09-21,177.8600,178.4900,177.6900,178.0500,178.0500,7571900
2023-09-22,178.6500,178.9500,178.5100,178.6200,178.6200,3634800
2023-09-25,178.4100,178.7100,177.6400,177.7000,177.7000,5582100
2023-09-26,176.8300,177.1400,176.1600,176.2800,176.2800,7181100
2023-09-27,175.2700,175.3200,173.7000,174.1000,174.1000,10919600
2023-09-28,173.9100,174.1400,172.3200,173.2300,173.2300,10061900
2023-09-29,173.9200,174.0300,171.2700,171.4500,171.4500,10427400
2023-10-02,170.2300,170.4600,169.5000,169.6500,169.6500,12706000
2023-10-03,169.1400,170.0800,168.7500,169.1600,169.1600,11459800
2023-10-04,169.2100,169.4100,168.5000,169.1400,169.1400,10034600
2023-10-05,168.7400,169.0000,168.3000,168.8300,168.8300,6970200
2023-10-06,169.1700,170.2300,168.5000,169.7000,169.7000,9948400
2023-10-09,171.1800,172.8600,171.0800,172.8200,172.8200,10201500
2023-10-10,172.0800,172.8000,171.9000,172.5300,172.5300,5844000
2023-10-11,173.6000,174.1300,173.2600,173.7900,173.7900,7128000
2023-10-12,174.0600,174.2300,173.2400,173.2600,173.2600,5912700
2023-10-13,176.8900,179.1000,176.7200,178.8300,178.8300,18796500
2023-10-16,177.8400,178.3300,177.5400,177.9600,177.9600,8385400
2023-10-17,178.3700,179.1300,177.9800,178.2900,178.2900,8231900
2023-10-18,180.8900,182.0200,179.7500,180.8700,180.8700,13920800
2023-10-19,181.0400,183.4300,180.8200,183.0900,183.0900,13406600
2023-10-20,183.4300,185.2300,183.0900,183.5900,183.5900,12785700
2023-10-23,183.5100,183.5600,182.7100,182.9700,182.9700,9479800
2023-10-24,182.0700,183.4000,181.6800,182.9500,182.9500,6594000
2023-10-25,183.4200,184.3000,182.0400,183.7200,183.7200,10087000
2023-10-26,183.4000,184.4900,182.8700,184.0100,184.0100,7671400
2023-10-27,183.7600,186.3600,183.4700,186.1500,186.1500,14102800
2023-10-30,185.5400,185.7000,184.7300,185.1000,185.1000,8756400
2023-10-31,185.0800,186.2100,183.5000,184.0900,184.0900,10104600
2023-11-01,183.9100,185.0000,182.6700,183.5100,183.5100,9048600
2023-11-02,184.1300,184.2800,183.5000,184.1200,184.1200,7343700
2023-11-03,184.4800,185.4700,184.3500,184.7900,184.7900,8530400
2023-11-06,184.1400,184.2300,183.3400,183.3500,183.3500,8274700
2023-11-07,182.2500,182.6500,181.7500,182.5900,182.5900,6795800
2023-11-08,182.0100,182.0700,180.5700,180.7700,180.7700,6738300
2023-11-09,180.9800,182.2800,180.8900,181.4900,181.4900,6486300
2023-11-10,180.5100,180.5900,179.2500,179.5100,179.5100,7606600
2023-11-13,179.4000,180.7300,179.1100,180.5100,180.5100,5385900
2023-11-14,181.7000,182.7500,181.6200,182.1200,182.1200,6831600
2023-11-15,182.0300,182.1800,181.3100,181.6400,181.6400,4909400
2023-11-16,182.8500,184.3200,182.8000,183.6900,183.6900,8253300
2023-11-17,183.9600,184.1300,183.4500,183.6700,183.6700,4871100
2023-11-20,182.3200,183.4800,182.2300,183.3700,183.3700,5389300
2023-11-21,185.5700,186.1200,185.0700,185.3500,185.3500,7322400
2023-11-22,185.4700,185.7200,184.2700,184.5600,184.5600,4337700
2023-11-24,185.4700,185.7500,185.1600,185.5200,185.5200,2445100
2023-11-27,186.5600,186.8000,185.9300,186.7700,186.7700,6320400
2023-11-28,187.9000,189.4000,187.5200,189.2600,189.2600,10901900
2023-11-29,189.1600,189.9900,189.0200,189.5400,189.5400,8407300
2023-11-30,188.8900,189.2400,188.2800,188.7500,188.7500,7558100
2023-12-01,188.8100,192.4000,188.6900,192.0100,192.0100,16727600
2023-12-04,189.6000,190.3800,187.2600,187.8600,187.8600,18460500
2023-12-05,187.5500,187.8800,186.3000,187.1500,187.1500,7027700
2023-12-06,188.3200,188.4600,187.5000,187.8400,187.8400,5778600
2023-12-07,188.4500,188.5900,187.2600,188.1500,188.1500,5802000
2023-12-08,185.9300,186.7800,184.9000,185.6400,185.6400,7883200
2023-12-11,184.5000,184.5300,183.1500,183.5900,183.5900,8519500
2023-12-12,183.8400,183.9800,183.2600,183.4900,183.4900,5056900
2023-12-13,183.8200,187.6600,183.3800,187.6300,187.6300,10635500
2023-12-14,188.8600,189.8200,188.0800,188.7300,188.7300,9107200
2023-12-15,188.5200,188.9600,186.8200,187.0000,187.0000,8324800
2023-12-18,187.5000,188.4900,187.2400,187.8500,187.8500,5358000
2023-12-19,188.2300,189.7200,188.1300,189.1300,189.1300,6025600
2023-12-20,188.6900,188.9600,188.0900,188.1000,188.1000,6002400
2023-12-21,189.2100,189.6200,188.7500,189.4300,189.4300,4620000
2023-12-22,191.6000,191.8800,190.0700,190.2700,190.2700,7176300
2023-12-26,190.9700,191.7400,190.4000,191.7200,191.7200,4502700
2023-12-27,191.7700,193.1800,191.5400,192.5900,192.5900,5813300
2023-12-28,192.3400,192.8900,191.4400,191.4700,191.4700,6171500
2023-12-29,190.9900,191.6400,190.7400,191.1700,191.1700,4612300
2024-01-02,191.4400,191.8900,190.5000,190.7200,190.7200,6025600
2024-01-03,188.7700,189.8600,188.1600,189.1300,189.1300,8661600
2024-01-04,189.0800,189.7500,188.6900,189.3200,189.3200,4416700
2024-01-05,189.6800,191.2600,189.0800,189.3500,189.3500,7481900
2024-01-08,187.2100,188.7400,187.1100,187.8700,187.8700,6215000
2024-01-09,188.6800,188.7800,187.7300,187.9300,187.9300,4437300
2024-01-10,188.1400,188.4400,187.2100,187.5000,187.5000,4504700
2024-01-11,188.0200,188.5500,186.5600,187.8700,187.8700,6831100
2024-01-12,190.6700,191.0800,189.1600,189.7100,189.7100,6833700
2024-01-16,189.1500,189.2600,187.5400,187.9100,187.9100,6548100
2024-01-17,187.3100,187.4200,185.4500,185.8400,185.8400,8643200
2024-01-18,186.3600,187.4000,186.3000,187.3700,187.3700,4685200
2024-01-19,188.2600,188.3000,187.4400,187.9300,187.9300,5719700
2024-01-22,187.2300,187.7600,186.8500,187.2200,187.2200,4397500
2024-01-23,187.4500,188.1500,187.2800,187.9500,187.9500,5040800
2024-01-24,188.3300,188.3700,186.3200,186.4000,186.4000,6085400
2024-01-25,187.3400,187.6400,186.4600,187.1400,187.1400,4651000
2024-01-26,187.2700,187.3800,186.7600,187.0100,187.0100,5064800
2024-01-29,188.3100,188.5400,187.1900,188.3300,188.3300,5629700
2024-01-30,189.7000,189.8300,187.9800,188.5900,188.5900,4976500
2024-01-31,189.3700,190.4600,188.1300,188.4500,188.4500,7886100
2024-02-01,189.7100,191.3600,188.9900,190.4100,190.4100,10278100
2024-02-02,188.0700,188.8700,187.8500,188.6100,188.6100,7337600
2024-02-05,186.8800,187.8200,186.7000,187.5700,187.5700,5436100
2024-02-06,187.9400,188.8500,187.7400,188.5500,188.5500,4866100
2024-02-07,188.4500,189.3900,188.2800,188.5000,188.5000,6276900
2024-02-08,187.9100,188.5300,187.8200,188.3300,188.3300,3873300
2024-02-09,187.5600,187.7700,187.1400,187.6000,187.6000,4412600
2024-02-12,186.6000,187.2700,186.3600,187.1100,187.1100,4706300
2024-02-13,185.3500,185.3800,184.3300,184.5300,184.5300,9525800
2024-02-14,184.2700,184.8800,183.7800,184.4200,184.4200,7031600
2024-02-15,185.6000,186.0200,185.1000,185.6600,185.6600,6228900
2024-02-16,185.0800,186.6700,184.8400,186.3400,186.3400,6518500
2024-02-20,187.9600,188.0300,187.4000,187.4700,187.4700,5531200
2024-02-21,187.8800,188.0400,187.1000,187.4800,187.4800,5789200
2024-02-22,187.5600,187.6400,187.0500,187.5600,187.5600,4550800
2024-02-23,187.5600,189.1800,187.4600,188.6200,188.6200,6827300
2024-02-26,187.7900,188.3600,187.5300,188.2000,188.2000,4491900
2024-02-27,188.5800,188.7200,187.8800,188.0000,188.0000,5165400
2024-02-28,188.3400,188.5200,188.0300,188.3400,188.3400,2824100
2024-02-29,189.6400,189.9200,189.2300,189.3100,189.3100,6848600
2024-03-01,190.2700,193.4000,189.4400,192.8900,192.8900,13411000
2024-03-04,194.1500,196.3300,193.8800,196.0100,196.0100,12216300
2024-03-05,197.4400,198.1400,196.6500,197.1900,197.1900,9672200
2024-03-06,198.0800,199.3000,197.4400,198.8100,198.8100,10459300
2024-03-07,199.5400,200.1100,198.9100,199.9400,199.9400,8403700
2024-03-08,200.8900,203.3000,200.4500,201.6300,201.6300,13540100
2024-03-11,201.7100,202.4100,201.4600,202.0000,202.0000,7329600
2024-03-12,200.4200,200.6300,199.1600,199.7900,199.7900,9436600
2024-03-13,200.4400,201.8600,200.3500,201.1900,201.1900,5930000
2024-03-14,200.3700,200.4700,199.3400,200.3500,200.3500,6865000
2024-03-15,199.9400,200.6300,199.5700,199.7100,199.7100,4556700
2024-03-18,199.6600,200.1500,199.5100,200.0300,200.0300,7206800
2024-03-19,199.6200,199.8100,198.9400,199.8000,199.8000,4657500
2024-03-20,199.1600,202.6600,199.1200,202.1800,202.1800,9593800
2024-03-21,203.8800,203.9200,200.6000,201.9700,201.9700,7396500
2024-03-22,201.3200,201.8600,199.7200,200.3500,200.3500,6918500
2024-03-25,201.1900,201.9500,200.9700,200.9900,200.9900,4034800
2024-03-26,202.6500,202.7600,201.0700,201.6400,201.6400,5752700
2024-03-27,202.3200,203.2200,202.3200,203.1000,203.1000,6041000
2024-03-28,204.5400,206.0500,203.8700,205.7200,205.7200,9194500
2024-04-01,208.6800,208.7300,206.2900,207.8200,207.8200,13677100
2024-04-02,209.0700,211.0300,208.3600,210.8900,210.8900,13421100
2024-04-03,210.5700,212.8300,210.3000,212.7400,212.7400,11416200
2024-04-04,212.0000,213.4500,211.0200,211.5200,211.5200,12307300
2024-04-05,212.4900,215.7400,212.2200,215.1400,215.1400,13382700
2024-04-08,215.9800,216.8100,214.6100,216.4800,216.4800,10331400
2024-04-09,217.8100,218.8600,216.4500,217.6700,217.6700,13069900
2024-04-10,215.3700,217.7800,214.6800,215.6100,215.6100,13317500
2024-04-11,216.8500,219.8400,215.8900,219.8000,219.8000,11415200
2024-04-12,221.8700,225.0900,216.0200,216.8900,216.8900,30898800
2024-04-15,217.9400,221.0300,215.1600,220.9500,220.9500,13239000
2024-04-16,220.1800,221.9900,218.7800,221.2200,221.2200,10746100
2024-04-17,221.0500,221.7600,218.5200,219.5900,219.5900,11521100
2024-04-18,221.3100,221.4600,219.3100,220.3400,220.3400,6496900
2024-04-19,220.4900,222.3600,220.0800,221.0300,221.0300,8689000
2024-04-22,216.3500,216.9600,215.1400,215.5700,215.5700,13404300
2024-04-23,213.9600,215.8600,213.8700,215.0400,215.0400,10730300
2024-04-24,214.7600,216.3500,214.3600,214.6400,214.6400,5741100
2024-04-25,214.4700,217.0500,214.3400,215.9200,215.9200,6606500
2024-04-26,216.7700,217.0700,215.5300,216.6200,216.6200,6268500
2024-04-29,216.0200,217.2200,215.2500,216.1800,216.1800,6409900
2024-04-30,213.3800,214.1300,211.8000,211.8700,211.8700,11248600
2024-05-01,212.9600,215.5000,212.4100,213.7900,213.7900,10373900
2024-05-02,211.9000,213.7100,211.4900,213.1300,213.1300,6287000
2024-05-03,212.8900,213.2300,210.7100,212.9600,212.9600,8679900
2024-05-06,215.1400,215.9100,214.4700,215.2000,215.2000,6840500
2024-05-07,214.5200,214.9300,213.8800,214.2100,214.2100,5660700
2024-05-08,213.6200,214.8000,213.5000,213.5800,213.5800,4462700
2024-05-09,214.4800,216.9500,214.4400,216.9500,216.9500,7732500
2024-05-10,219.2200,219.6000,218.0800,218.7100,218.7100,8700900
2024-05-13,217.0600,217.3100,215.8000,216.2600,216.2600,4896300
2024-05-14,217.3100,218.3800,216.9800,218.0900,218.0900,4662700
2024-05-15,219.0600,221.1900,217.6500,220.8900,220.8900,9297700
2024-05-16,220.1400,220.5900,219.4100,220.0300,220.0300,4301700
2024-05-17,222.1800,223.8500,221.6700,223.6600,223.6600,10481900
2024-05-20,223.7900,225.6600,223.0200,224.5600,224.5600,5990900
2024-05-21,224.7700,225.2100,223.7000,224.2300,224.2300,4002600
2024-05-22,223.0900,223.2400,219.7400,220.1100,220.1100,8903100
2024-05-23,218.7800,219.2300,215.6600,215.7200,215.7200,9537900
2024-05-24,216.9600,217.2100,215.7400,215.9200,215.9200,4212400
2024-05-28,218.4300,218.5900,217.2100,218.1900,218.1900,3809700
2024-05-29,216.9200,217.1600,216.1200,216.1600,216.1600,4185000
2024-05-30,216.6900,217.5100,216.4100,216.5700,216.5700,3068800
2024-05-31,217.7700,217.9600,214.6500,215.3000,215.3000,5617200
2024-06-03,215.9200,217.8200,215.5400,217.2200,217.2200,6172600
2024-06-04,216.2400,216.2400,214.2000,215.2700,215.2700,5509400
2024-06-05,216.6900,218.0800,215.9300,217.8200,217.8200,5479200
2024-06-06,218.3600,219.9700,218.1000,219.4300,219.4300,5283900
2024-06-07,215.0700,215.1900,211.5400,211.6000,211.6000,12195100
2024-06-10,213.1300,214.0200,212.7600,213.5400,213.5400,4215300
2024-06-11,213.9500,214.3800,213.2400,214.1500,214.1500,4004100
2024-06-12,216.4700,216.5500,214.2000,214.7200,214.7200,5911900
2024-06-13,214.4400,214.9600,212.2600,212.9700,212.9700,5861100
2024-06-14,215.3400,216.0400,214.9800,215.7300,215.7300,7076500
2024-06-17,214.9000,215.2400,213.6000,214.6100,214.6100,3877700
2024-06-18,214.3800,215.8300,214.0400,215.4700,215.4700,4921400
2024-06-20,216.3200,218.7400,216.1500,218.1600,218.1600,7290500
2024-06-21,217.8300,217.9000,214.2600,214.7800,214.7800,8865600
2024-06-24,215.5500,215.9400,215.2000,215.6300,215.6300,4626900
2024-06-25,214.9600,215.3100,214.1200,214.5600,214.5600,3820900
2024-06-26,212.3900,213.1100,212.1200,212.5800,212.5800,4690300
2024-06-27,214.7100,215.5000,214.4500,214.9900,214.9900,4977800
2024-06-28,215.6400,215.8100,214.8200,215.0100,215.0100,3955100
2024-07-01,215.2500,216.0000,214.4900,215.5700,215.5700,3797900
2024-07-02,215.3300,216.0800,214.6200,215.5600,215.5600,4921700
2024-07-03,217.3400,218.7400,217.3300,217.9900,217.9900,5055300
2024-07-05,219.5800,221.2800,219.5800,220.9300,220.9300,5950600
2024-07-08,219.6400,220.0400,217.4100,218.1900,218.1900,5790800
2024-07-09,218.5700,219.2900,217.2700,218.5600,218.5600,3901500
2024-07-10,220.1400,220.7100,219.1600,219.3600,219.3600,5556200
2024-07-11,222.6500,224.1500,221.4800,223.2500,223.2500,9322000
2024-07-12,222.0300,223.6200,221.8600,223.1100,223.1100,5179300
2024-07-15,223.3900,225.5900,223.0200,223.8300,223.8300,5719300
2024-07-16,225.4500,228.2900,225.3000,228.2900,228.2900,11070700
2024-07-17,228.7900,229.6500,226.6700,227.2300,227.2300,8620500
2024-07-18,227.7100,228.3200,225.5700,225.7800,225.7800,5485500
2024-07-19,221.5200,222.6800,221.4100,221.7300,221.7300,8666000
2024-07-22,221.5800,221.9200,220.4000,221.8000,221.8000,5334100
2024-07-23,222.3400,222.7500,221.8600,222.5800,222.5800,4435700
2024-07-24,223.4700,224.8800,221.7400,221.8000,221.8000,6838800
2024-07-25,219.0200,219.2600,217.5200,218.3300,218.3300,9777100
2024-07-26,219.9600,221.0400,219.7000,220.6300,220.6300,6328800
2024-07-29,221.2600,221.5500,219.0500,220.3200,220.3200,4665100
2024-07-30,221.4100,222.9200,220.3600,222.5200,222.5200,4939500
2024-07-31,223.7300,226.6000,223.6400,226.5500,226.5500,7316600
2024-08-01,226.7400,227.5700,225.0500,225.7700,225.7700,7217200
2024-08-02,227.9500,228.7600,222.8700,225.3400,225.3400,11109400
2024-08-05,220.5600,223.1000,220.2400,222.4800,222.4800,8939000
2024-08-06,221.5000,222.1400,220.1100,220.7000,220.7000,14362300
2024-08-07,221.9400,222.3100,220.3500,220.5500,220.5500,5287800
2024-08-08,222.7300,224.2500,222.5200,224.0100,224.0100,6327100
2024-08-09,224.8200,225.2800,223.8200,224.5600,224.5600,4441000
2024-08-12,226.1400,228.5400,225.9700,228.4100,228.4100,5561300
2024-08-13,228.0700,228.8700,227.5900,228.0600,228.0600,6740200
2024-08-14,226.5500,227.4800,225.3500,226.2000,226.2000,5462500
2024-08-15,226.5100,227.5000,225.1200,226.9100,226.9100,5273300
2024-08-16,229.9900,232.0200,229.0100,231.9900,231.9900,11924500
2024-08-19,230.1500,231.7800,229.7400,231.6100,231.6100,5164800
2024-08-20,233.7100,234.0100,231.1300,232.4600,232.4600,9073600
2024-08-21,231.6900,232.8700,230.4800,232.1500,232.1500,5337400
2024-08-22,230.3500,230.3800,228.2600,229.3700,229.3700,5765400
2024-08-23,231.0400,232.7300,230.5200,232.0200,232.0200,5418200
2024-08-26,233.4500,233.5000,232.0600,232.7600,232.7600,3151400
2024-08-27,231.6900,233.4700,231.5700,233.3900,233.3900,4435600
2024-08-28,232.0000,232.0200,230.7300,231.7500,231.7500,4961500
2024-08-29,231.9500,233.6100,231.9200,232.9500,232.9500,5524200
2024-08-30,232.5300,232.8600,230.5500,231.2900,231.2900,5743000
2024-09-03,230.3800,230.5400,228.5200,230.2900,230.2900,6417900
2024-09-04,229.7900,231.0600,229.3800,230.4300,230.4300,4696000
2024-09-05,232.7200,232.8900,231.3300,232.3500,232.3500,4838100
2024-09-06,231.8300,232.7600,229.6200,230.6300,230.6300,6315800
2024-09-09,231.2600,231.6200,230.3900,231.6000,231.6000,3548800
2024-09-10,232.3900,232.7400,231.1200,232.6200,232.6200,4378300
2024-09-11,231.7200,232.8700,231.0900,232.2500,232.2500,4637300
2024-09-12,234.6300,236.4500,234.4200,236.3300,236.3300,9930200
2024-09-13,238.1300,238.9800,237.7600,238.6800,238.6800,7455100
2024-09-16,238.7300,239.2800,238.0500,238.6600,238.6600,4713500
2024-09-17,238.0800,238.6000,236.6100,237.3400,237.3400,5257100
2024-09-18,238.1900,240.2900,235.3000,235.5100,235.5100,11081100
2024-09-19,238.2400,239.5200,237.3900,239.1700,239.1700,6108200
2024-09-20,241.1100,242.6300,240.4700,242.2100,242.2100,7737400
2024-09-23,242.9700,243.4600,242.5900,242.6800,242.6800,5426200
2024-09-24,243.3900,246.1900,243.1500,246.0700,246.0700,8386300
2024-09-25,246.1900,246.4700,244.7900,245.7300,245.7300,7393400
2024-09-26,246.4400,247.3700,245.1900,246.9800,246.9800,7041100
2024-09-27,246.3100,246.7500,244.1900,245.0200,245.0200,8329600
2024-09-30,243.9700,244.0800,242.5000,243.0600,243.0600,6916700
2024-10-01,245.2000,246.9800,245.0600,245.6100,245.6100,10605500
2024-10-02,245.6100,246.0700,243.9900,245.6600,245.6600,6798800
2024-10-03,244.7200,245.9100,243.6900,245.4900,245.4900,5674500
2024-10-04,245.0000,246.6900,244.0500,245.0000,245.0000,5947800
2024-10-07,244.5800,244.8200,243.8100,244.1700,244.1700,3849000
2024-10-08,243.7900,244.0400,240.6300,242.3700,242.3700,7669800
2024-10-09,241.1600,241.8400,240.6400,241.0500,241.0500,4120500
2024-10-10,241.7700,243.0200,241.5100,242.8200,242.8200,4792700
2024-10-11,244.5000,245.9200,244.4700,245.4700,245.4700,5789500
2024-10-14,245.1600,245.8600,244.2600,245.0700,245.0700,3922900
2024-10-15,244.9900,246.5500,244.5300,245.9200,245.9200,5640800
2024-10-16,247.6200,248.0900,246.3600,247.1500,247.1500,5431900
2024-10-17,247.7500,249.0600,247.6200,248.6300,248.6300,5176200
2024-10-18,250.0000,251.3700,249.9000,251.2700,251.2700,7833600
2024-10-21,252.7400,253.1400,250.7300,251.2200,251.2200,9258600
2024-10-22,253.0600,253.9400,252.5200,253.9300,253.9300,5756300
2024-10-23,253.0800,253.1800,250.2000,250.8700,250.8700,8081000
2024-10-24,253.2700,253.3200,251.4000,252.8000,252.8000,5962200
2024-10-25,252.0000,253.5500,251.7700,253.3200,253.3200,4424500
2024-10-28,253.0100,253.6300,252.9500,253.3300,253.3300,4029100
2024-10-29,254.4900,256.2900,254.2300,256.0900,256.0900,8875500
2024-10-30,256.7600,257.7100,255.9100,257.5000,257.5000,6386200
2024-10-31,255.5200,255.6000,252.2000,253.5100,253.5100,9930800
2024-11-01,254.3300,254.8600,252.4400,252.4700,252.4700,6473000
2024-11-04,253.3200,253.5800,252.2700,252.8300,252.8300,4581400
2024-11-05,253.7800,253.9900,252.4100,253.4000,253.4000,6029900
2024-11-06,245.6400,247.3500,244.9500,245.7000,245.7000,14600200
2024-11-07,248.2900,250.2400,248.1200,249.6500,249.6500,8821400
2024-11-08,249.0700,249.3500,247.7800,247.9600,247.9600,6267900
2024-11-11,242.7300,242.7300,241.0600,242.1400,242.1400,11653800
2024-11-12,241.2900,241.6600,239.3900,240.0500,240.0500,10145500
2024-11-13,241.3100,241.4700,237.5900,237.6300,237.6300,8431700
2024-11-14,236.5700,237.9900,236.1300,237.0100,237.0100,8262400
2024-11-15,237.5700,237.8800,236.3300,236.5900,236.5900,7299500
2024-11-18,240.4600,241.5000,240.4500,241.0900,241.0900,6323400
2024-11-19,242.7500,243.3100,242.0300,243.2500,243.2500,6579100
2024-11-20,243.7400,245.2100,243.5100,244.6200,244.6200,6630700
2024-11-21,246.2300,246.8100,245.6900,246.6600,246.6600,7646400
2024-11-22,248.2000,250.3900,247.8600,249.8400,249.8400,7503000
2024-11-25,244.2700,244.4000,241.4800,242.4800,242.4800,10733100
2024-11-26,242.7100,243.0900,241.5800,242.9500,242.9500,4945900
2024-11-27,244.8500,245.1800,243.2000,243.4900,243.4900,6930600
2024-11-29,245.2500,245.8100,244.7300,245.5900,245.5900,2708500
2024-12-02,244.4600,244.5800,243.1400,243.4400,243.4400,4765000
2024-12-03,244.9600,245.1800,243.3000,243.9300,243.9300,3557800
2024-12-04,244.9300,245.3400,244.3700,244.6700,244.6700,4608600
2024-12-05,244.1600,244.3800,242.1500,242.8600,242.8600,4806200
2024-12-06,242.7900,243.8600,242.4400,242.9500,242.9500,3540700
2024-12-09,246.2800,247.1100,245.2600,245.3600,245.3600,4711500
2024-12-10,247.8600,248.8600,247.8300,248.5900,248.5900,4642000
2024-12-11,249.3500,251.2600,248.9700,250.9600,250.9600,11033800
2024-12-12,247.8100,248.2400,246.8700,247.2800,247.2800,10149600
2024-12-13,245.6700,245.9400,244.2700,244.2900,244.2900,6602600
2024-12-16,245.4100,245.5400,244.2900,244.8800,244.8800,3310000
2024-12-17,243.8000,244.5500,243.2300,243.9400,243.9400,4421300
2024-12-18,243.5700,243.7100,238.8200,239.2600,239.2600,8015800
2024-12-19,239.6700,240.0500,238.7300,239.6000,239.6000,8111400
2024-12-20,241.4100,242.9600,241.1700,242.1000,242.1000,9527800
2024-12-23,241.6000,241.6700,240.6500,240.9600,240.9600,5835500
2024-12-24,241.4900,241.6600,240.8200,241.4400,241.4400,2421000
2024-12-26,242.3900,243.5600,242.2000,243.0700,243.0700,4645100
2024-12-27,241.2000,241.9500,241.0500,241.4000,241.4000,4728100
2024-12-30,241.0800,241.0800,239.5800,240.6300,240.6300,3522500
2024-12-31,241.0500,242.5200,241.0500,242.1300,242.1300,2522100
2025-01-02,244.2200,245.5300,244.0800,245.4200,245.4200,6241900
2025-01-03,244.5600,244.8200,243.3600,243.4900,243.4900,4872100
2025-01-06,242.3300,243.7900,242.0500,243.1900,243.1900,3758900
2025-01-07,245.5200,245.7700,243.8100,244.5600,244.5600,5090300
2025-01-08,245.7200,246.4500,244.5100,245.8600,245.8600,6303300
2025-01-10,248.0100,249.0400,247.5500,248.2100,248.2100,12380100
2025-01-13,246.3400,246.7900,245.1500,245.7400,245.7400,8448600
2025-01-14,245.6200,247.0400,245.5200,247.0300,247.0300,4914800
2025-01-15,248.2100,248.9000,247.0100,248.8800,248.8800,6345000
2025-01-16,250.5600,251.3900,250.2700,250.6000,250.6000,9236000
2025-01-17,249.7000,250.8100,249.1500,249.2700,249.2700,8312900
2025-01-21,251.9500,253.3600,251.8300,253.1300,253.1300,7668100
2025-01-22,254.2900,254.6800,253.7800,254.4300,254.4300,5213800
2025-01-23,253.1900,254.5400,252.8200,254.0700,254.0700,6511500
2025-01-24,255.9600,257.0700,255.6100,255.6500,255.6500,7341300
2025-01-27,253.8600,254.2600,251.9200,252.9900,252.9900,5799800
2025-01-28,254.2300,255.2500,253.8900,255.1800,255.1800,5332000
2025-01-29,254.5500,254.8200,253.3000,254.2000,254.2000,5671800
2025-01-30,257.2000,258.2900,256.4500,258.0500,258.0500,12981200
2025-01-31,259.0800,259.9900,257.8600,258.5600,258.5600,8961100
2025-02-03,259.7500,261.3900,259.5200,259.9400,259.9400,11521100
2025-02-04,261.8300,262.5400,261.3500,262.5000,262.5000,9850400
2025-02-05,264.4500,265.9900,263.8900,264.1300,264.1300,12681100
2025-02-06,263.6600,263.7200,261.4900,263.4300,263.4300,8731400
2025-02-07,265.2200,266.3500,263.2600,263.9000,263.9000,9154000
2025-02-10,268.0000,268.6600,267.2400,268.3700,268.3700,13250300
2025-02-11,267.7000,268.3600,266.7100,267.3900,267.3900,7169500
2025-02-12,267.1500,268.4300,266.3500,267.6700,267.6700,9328600
2025-02-13,268.4000,270.3900,268.2200,270.3100,270.3100,8347500
2025-02-14,270.0700,270.2100,265.4500,266.2900,266.2900,11546700
2025-02-18,269.6800,271.0100,269.6000,270.7000,270.7000,8185900
2025-02-19,270.6800,271.3300,269.2400,270.8500,270.8500,9342500
2025-02-20,270.2300,271.8400,270.1700,270.9900,270.9900,7356900
2025-02-21,270.8000,271.5100,269.5100,270.7400,270.7400,8917400
2025-02-24,271.4500,272.3200,270.3800,272.2100,272.2100,5374400
2025-02-25,271.4600,271.6800,266.4500,268.6200,268.6200,10079800
2025-02-26,267.0800,269.0800,266.6600,269.0300,269.0300,7276000
2025-02-27,266.4900,266.6700,264.4500,264.9300,264.9300,9374600
2025-02-28,262.5600,263.4000,261.2500,263.2700,263.2700,11504500
2025-03-03,265.0700,266.8800,265.0700,266.7400,266.7400,7725600
2025-03-04,269.0100,269.4000,267.5200,269.0600,269.0600,8481300
2025-03-05,267.9700,270.2600,267.9600,269.6200,269.6200,6990400
2025-03-06,268.2500,269.5100,268.1600,268.2500,268.2500,6136400
2025-03-07,269.0900,270.3400,267.6400,268.3900,268.3900,10431200
2025-03-10,267.6200,268.4400,265.6400,266.0400,266.0400,7593900
2025-03-11,268.4700,269.7300,268.4400,269.1600,269.1600,8436600
2025-03-12,268.4700,271.2300,268.3600,270.3300,270.3300,7236200
2025-03-13,271.5700,275.3500,271.5500,275.1300,275.1300,13741500
2025-03-14,276.2700,276.3000,274.6600,275.2400,275.2400,13365000
2025-03-17,275.5400,276.7900,275.3900,276.7300,276.7300,8583400
2025-03-18,279.9000,280.2100,278.9700,279.9600,279.9600,9596500
2025-03-19,279.8500,281.4800,279.0600,281.1100,281.1100,8822200
2025-03-20,279.4900,280.9000,279.4300,280.7500,280.7500,5863300
2025-03-21,279.4600,279.4600,276.5900,278.4900,278.4900,9359300
2025-03-24,278.9100,279.0900,276.8600,277.2500,277.2500,7870100
2025-03-25,278.7800,279.9600,278.2700,278.4700,278.4700,5090200
2025-03-26,278.9300,279.0200,277.7800,278.2400,278.2400,3717500
2025-03-27,280.5500,282.0700,279.5900,281.9700,281.9700,8476300
2025-03-28,283.8200,284.6400,282.8600,284.0600,284.0600,9563700
2025-03-31,287.5300,288.3900,285.8500,288.1400,288.1400,13925100
2025-04-01,288.5400,289.1300,285.9100,287.5700,287.5700,15923600
2025-04-02,288.2800,289.0300,287.3600,288.1600,288.1600,11074800
2025-04-03,282.7800,289.0900,282.4500,286.4200,286.4200,20524400
2025-04-04,283.6400,284.0300,278.0200,279.7200,279.7200,21517200
2025-04-07,278.8600,280.1400,272.5800,273.7100,273.7100,19807000
2025-04-08,277.8700,278.3200,274.2400,275.2000,275.2000,12639500
2025-04-09,282.2200,285.8700,281.0400,285.3800,285.3800,25342200
2025-04-10,288.8100,292.8600,287.2300,292.3500,292.3500,19837800
2025-04-11,297.9600,299.2700,296.8100,297.9300,297.9300,21080100
2025-04-14,295.5400,296.5800,294.5300,296.2300,296.2300,12427600
2025-04-15,296.9300,298.0200,296.0900,297.7800,297.7800,7924100
2025-04-16,304.6500,308.0600,303.8000,307.4700,307.4700,20778100
2025-04-17,306.3100,307.1300,302.7300,306.1200,306.1200,18287800
2025-04-21,315.0200,316.4100,313.9500,315.5900,315.5900,20372300
2025-04-22,317.4900,317.6300,310.3600,311.1100,311.1100,35242300
2025-04-23,304.1800,304.7400,300.5900,303.6500,303.6500,25421500
2025-04-24,306.9800,308.5000,304.7100,308.0700,308.0700,10845000
2025-04-25,301.7800,305.3700,301.0100,304.7300,304.7300,10691600
2025-04-28,304.1500,309.1100,302.9700,309.0700,309.0700,9375500
2025-04-29,305.8100,306.9500,304.0000,306.0600,306.0600,6852100
2025-04-30,304.6100,306.0700,303.4400,303.7700,303.7700,8331900
2025-05-01,297.4100,297.9400,295.3200,297.4600,297.4600,14969100
2025-05-02,300.1700,300.8500,297.0300,297.9800,297.9800,8678400
2025-05-05,305.9200,307.6500,304.6800,306.8800,306.8800,8924000
2025-05-06,313.1200,315.6200,311.4000,315.4800,315.4800,11445300
2025-05-07,312.1000,313.2600,310.0800,310.7500,310.7500,7888300
2025-05-08,309.7600,310.4800,303.0500,304.6300,304.6300,11927600
2025-05-09,307.7900,308.5700,306.0100,306.8400,306.8400,6913100
2025-05-12,298.3300,299.4700,296.8200,298.1900,298.1900,14375900
2025-05-13,299.0200,300.3000,297.2400,299.4600,299.4600,10233600
2025-05-14,293.6700,294.8000,291.9600,293.1600,293.1600,14800600
2025-05-15,294.1000,297.9000,293.7500,297.8400,297.8400,13497700
2025-05-16,292.6200,294.5800,291.7800,294.2400,294.2400,14173000
2025-05-19,297.8500,298.5800,296.4800,298.0300,298.0300,11656300
2025-05-20,298.3500,303.6800,298.3000,303.5800,303.5800,12851000
2025-05-21,304.5500,306.4600,303.6700,305.8200,305.8200,12414500
2025-05-22,305.0900,305.2800,302.1000,303.1100,303.1100,9704200
2025-05-23,308.8600,310.2500,307.4700,309.7500,309.7500,13339500
2025-05-27,303.8100,304.8800,302.7400,304.5000,304.5000,9578500
2025-05-28,304.6400,304.9900,303.0600,303.8100,303.8100,8803300
2025-05-29,305.7400,306.8900,304.4600,305.6100,305.6100,9487900
2025-05-30,303.6400,304.0200,301.5000,303.6000,303.6000,9553300
2025-06-02,309.2100,311.7200,308.7200,311.6700,311.6700,13593200
2025-06-03,309.5600,309.5600,307.1500,308.9100,308.9100,9315100
2025-06-04,309.4100,311.8800,308.7400,310.9000,310.9000,7462500
2025-06-05,311.2400,312.2000,307.6500,309.3300,309.3300,10817800
2025-06-06,309.0900,309.2000,305.1000,305.1800,305.1800,7787500
2025-06-09,305.3900,307.6100,305.0600,306.6200,306.6200,7159000
2025-06-10,308.3100,308.6000,305.8700,306.7100,306.7100,7071700
2025-06-11,307.5000,308.6200,305.8500,308.3700,308.3700,9248800
2025-06-12,311.7400,313.1000,311.1500,312.2000,312.2000,11531400
2025-06-13,317.2600,317.6000,315.0400,316.2900,316.2900,16592900
2025-06-16,314.8000,314.8700,311.6500,311.7800,311.7800,12848400
2025-06-17,312.6600,313.0000,310.1200,311.9400,311.9400,8234100
2025-06-18,312.8900,312.9800,309.8600,310.2600,310.2600,9370800
2025-06-20,309.3300,310.8900,309.2500,310.1300,310.1300,8794700
2025-06-23,310.3400,312.6700,310.3100,311.0800,311.0800,12687900
2025-06-24,305.0700,306.3400,303.5400,306.1900,306.1900,12035200
2025-06-25,305.3100,307.3600,305.1200,307.1200,307.1200,6733200
2025-06-26,305.7700,307.2800,304.8600,306.7800,306.7800,6787500
2025-06-27,300.0300,302.3600,299.8900,301.2200,301.2200,13301300
2025-06-30,302.3900,304.9200,301.9500,304.8300,304.8300,8192100
2025-07-01,308.5600,309.0000,307.3600,307.5500,307.5500,9335600
2025-07-02,308.0400,309.4000,306.9600,309.2500,309.2500,8316400
2025-07-03,307.0500,307.5700,306.1500,307.1400,307.1400,5275800
2025-07-07,305.0700,307.7100,304.5300,307.3700,307.3700,7351600
2025-07-08,306.3000,306.4500,302.7700,304.1600,304.1600,11840500
2025-07-09,303.5800,305.5400,303.2300,305.5200,305.5200,10644100
2025-07-10,306.1100,306.5100,304.8200,306.2000,306.2000,7053700
2025-07-11,308.8600,310.2800,308.5200,309.1400,309.1400,9187300
2025-07-14,309.0700,309.3800,307.7300,308.0100,308.0100,5772900
2025-07-15,307.7300,308.7400,305.7900,306.7300,306.7300,8149000
2025-07-16,307.1100,311.0900,305.7300,308.2600,308.2600,17693100
2025-07-17,305.5000,307.6700,305.1200,307.5900,307.5900,6642300
2025-07-18,309.2400,309.3700,308.3200,308.3900,308.3900,5574300
2025-07-21,311.8800,313.3100,311.6100,313.1300,313.1300,10995800
2025-07-22,314.4800,316.2400,313.6200,316.1000,316.1000,13691800
2025-07-23,314.0000,314.9600,311.4200,312.1800,312.1800,10547500
2025-07-24,309.2900,310.9900,309.0600,310.2700,310.2700,7698800
2025-07-25,307.8200,308.3100,306.2000,307.4000,307.4000,9376400
2025-07-28,306.4400,306.5800,304.0500,305.4100,305.4100,9275400
2025-07-29,305.8000,307.0300,304.9900,306.2500,306.2500,5741100
2025-07-30,304.4200,304.6500,300.9600,300.9600,300.9600,13459600
2025-07-31,304.5900,304.6100,302.8600,302.9600,302.9600,8981000
2025-08-01,308.6100,309.5500,307.4500,309.1100,309.1100,12843400
2025-08-04,310.8000,311.7400,310.3700,310.9100,310.9100,7639000
2025-08-05,310.3700,312.2400,310.2200,311.1600,311.1600,6997700
2025-08-06,310.3200,311.2400,309.8400,310.5000,310.5000,7418200
2025-08-07,311.7200,313.1400,310.7000,313.1200,313.1200,10891500
2025-08-08,312.3500,313.5300,311.0000,313.0500,313.0500,19886800
2025-08-11,308.6200,309.6600,307.6300,308.5500,308.5500,10326700
2025-08-12,308.2200,309.3100,306.7100,308.2700,308.2700,9697400
2025-08-13,309.1000,310.3900,308.4500,309.2100,309.2100,4718600
2025-08-14,307.9300,308.3400,306.5200,307.2500,307.2500,5817700
2025-08-15,307.3400,308.0000,306.8700,307.4300,307.4300,5990100
2025-08-18,307.7900,307.8900,306.6300,306.9500,306.9500,6150100
2025-08-19,306.7600,307.4800,305.1900,305.2700,305.2700,5029900
2025-08-20,307.5400,308.4700,307.4000,308.3600,308.3600,6515400
2025-08-21,307.8600,308.1500,307.0300,307.2900,307.2900,4809000
2025-08-22,306.5200,311.0200,306.4300,310.5800,310.5800,8526500
2025-08-25,309.6700,310.8400,309.6700,309.8300,309.8300,4044400
2025-08-26,310.6200,312.2100,310.3100,312.0800,312.0800,11698500
2025-08-27,311.3900,312.9100,310.7700,312.7100,312.7100,4320100
2025-08-28,313.3200,315.0800,313.0700,315.0300,315.0300,9610200
2025-08-29,314.7200,318.0900,314.6400,318.0700,318.0700,15642600
2025-09-02,320.8200,325.9200,320.2400,325.5900,325.5900,21247500
2025-09-03,327.7600,329.4500,326.7300,328.1400,328.1400,16062200
2025-09-04,327.0300,327.5600,325.3500,326.6900,326.6900,11703100
2025-09-05,329.5300,331.4400,328.9300,331.0500,331.0500,16065200
2025-09-08,333.6600,335.6700,333.2300,334.8200,334.8200,18617300
2025-09-09,337.0300,338.3100,333.8500,334.0600,334.0600,21641900
2025-09-10,335.7300,336.5000,326.1900,335.2600,335.2600,11945700
2025-09-11,333.3700,335.1600,332.9700,334.7600,334.7600,9082600
2025-09-12,335.8800,336.3900,335.2300,335.4200,335.4200,9619700
2025-09-15,336.3100,339.2800,336.2300,338.9100,338.9100,10569900
2025-09-16,340.0900,340.8800,338.6200,339.5900,339.5900,12161500
2025-09-17,338.5300,341.2400,335.5200,336.9700,336.9700,16535300
2025-09-18,336.2200,336.3200,333.8100,335.6200,335.6200,14913300
2025-09-19,336.5100,339.2300,336.3100,339.1800,339.1800,14982600
2025-09-22,342.7500,345.0700,341.8400,345.0500,345.0500,12386400
2025-09-23,348.2300,348.7500,345.3200,346.4600,346.4600,18384000
2025-09-24,346.7000,346.8300,342.1400,343.3200,343.3200,12709100
2025-09-25,344.3900,345.8300,342.4700,344.7500,344.7500,12639600
2025-09-26,345.8300,348.2500,345.3100,346.7400,346.7400,11698200
2025-09-29,351.7900,352.8300,351.2800,352.4600,352.4600,15719600
2025-09-30,351.1300,355.5700,350.8700,355.4700,355.4700,13312400
2025-10-01,356.1700,356.9700,354.7900,356.0300,356.0300,15573600
2025-10-02,358.2600,358.6700,351.4000,354.7900,354.7900,16162100
2025-10-03,357.1200,358.1400,355.8000,357.6400,357.6400,14464000
2025-10-06,362.1600,365.3000,361.3700,364.3800,364.3800,17093700
2025-10-07,366.5100,367.2700,364.5500,366.2600,366.2600,16836800
2025-10-08,371.6500,373.5700,370.5000,372.3000,372.3000,28052300
2025-10-09,373.1400,373.2200,362.8300,365.4300,365.4300,33674800
2025-10-10,367.5400,370.3100,365.4400,369.1200,369.1200,24192800
2025-10-13,376.5000,378.8600,375.5800,378.0900,378.0900,18514400
2025-10-14,378.2100,382.3800,377.9000,380.7900,380.7900,18409600
2025-10-15,385.9300,387.7600,384.5900,387.3900,387.3900,20598300
2025-10-16,391.1500,396.8700,390.4000,396.4500,396.4500,33621400
2025-10-17,397.1400,397.2800,385.2200,388.9900,388.9900,62025000
2025-10-20,397.4500,403.3000,394.2000,403.1500,403.1500,34523000
2025-10-21,386.5400,388.8900,375.6500,377.2400,377.2400,54101400
2025-10-22,372.7500,378.4700,368.9300,377.2800,377.2800,30524100
2025-10-23,381.4600,382.2500,378.6500,378.7900,378.7900,13695500
2025-10-24,378.5100,380.7700,376.8100,377.5200,377.5200,13263800
2025-10-27,371.1300,371.5900,365.3400,367.0100,367.0100,23657600
2025-10-28,361.8100,365.3000,360.1200,364.3800,364.3800,19257600
2025-10-29,369.6500,370.0800,361.3600,363.0000,363.0000,18891800
2025-10-30,365.0900,370.3600,364.5000,370.1300,370.1300,14812800
2025-10-31,370.4700,370.6600,365.5000,368.1200,368.1200,11077900
2025-11-03,368.9100,370.8400,367.5400,368.7800,368.7800,7254300
2025-11-04,363.4800,365.7400,361.3900,362.3200,362.3200,11540100
2025-11-05,366.3900,367.1000,364.6500,366.5100,366.5100,8357300
2025-11-06,367.1600,368.1800,364.7000,366.0700,366.0700,6891100
2025-11-07,367.9400,370.4200,366.4200,368.3100,368.3100,11060400
2025-11-10,375.9300,378.6600,374.7800,378.3800,378.3800,13456200
2025-11-11,379.9800,380.4000,376.8700,379.8700,379.8700,10753200
2025-11-12,380.0700,387.4600,379.4400,385.9900,385.9900,16203700
2025-11-13,387.2900,388.1800,381.2100,382.8700,382.8700,15867900
2025-11-14,372.8700,378.2000,370.8900,375.9600,375.9600,15198000
2025-11-17,374.0400,375.4600,368.5200,371.6500,371.6500,13295200
2025-11-18,374.8300,375.5400,371.6200,374.3500,374.3500,7818800
2025-11-19,377.7800,380.1700,373.0300,374.9600,374.9600,10980400
2025-11-20,375.2900,377.6900,371.8500,374.8500,374.8500,10506500
2025-11-21,374.0300,377.2300,372.9400,374.2700,374.2700,13194600
2025-11-24,374.8800,380.2800,374.1900,380.2000,380.2000,10085300
2025-11-25,380.2600,382.5200,378.0600,380.0800,380.0800,10462800
2025-11-26,381.0600,383.7800,380.4600,383.1200,383.1200,9184100
2025-11-28,385.9800,388.0000,384.9900,387.8800,387.8800,7175400
2025-12-01,390.6100,390.7000,388.0600,389.7500,389.7500,11177100
2025-12-02,388.8700,388.9800,382.9100,387.2400,387.2400,8103900
2025-12-03,388.4600,390.1300,385.8300,386.8800,386.8800,7886800
2025-12-04,386.9200,388.0000,385.4000,387.1300,387.1300,6754400
2025-12-05,389.1200,391.7400,386.1800,386.4400,386.4400,9449800
2025-12-08,387.0200,387.2400,384.0100,385.4200,385.4200,6822100
2025-12-09,385.6200,388.2100,385.2700,387.4000,387.4000,6358700
2025-12-10,385.9500,389.7600,384.5000,389.0500,389.0500,9120500
2025-12-11,389.0200,394.0900,388.5000,393.2400,393.2400,11240600
2025-12-12,399.1600,400.3900,391.4700,395.4400,395.4400,16792100
2025-12-15,397.7600,398.7100,394.0700,395.8000,395.8000,11345000
2025-12-16,397.7500,398.7100,394.5900,395.8900,395.8900,9201600
2025-12-17,398.0800,399.9800,397.2500,399.2900,399.2900,10456900
2025-12-18,398.2800,402.2100,396.0500,398.5700,398.5700,11837600
2025-12-19,397.9200,400.6300,397.1700,399.0200,399.0200,9894800
2025-12-22,406.9800,408.5200,405.7200,408.2300,408.2300,14202100
2025-12-23,410.3000,413.7600,407.1000,413.6400,413.6400,13193300
2025-12-24,412.2500,412.6300,408.8300,411.9300,411.9300,6718400
2025-12-26,416.4800,418.4500,414.7500,416.7400,416.7400,10476200
2025-12-29,403.6600,403.7600,395.3300,398.6000,398.6000,20679200
2025-12-30,403.6000,403.8000,398.5600,398.8900,398.8900,10179000
2025-12-31,398.6000,400.1300,395.5900,396.3100,396.3100,10194700
