date,open,high,low,close,adj_close,volume
2015-01-02,103.7600,104.2000,102.4400,102.9400,94.6650,31314600
2015-01-05,102.4900,102.6100,101.1400,101.4300,93.2765,36521300
2015-01-06,101.5800,101.7500,99.6200,100.0700,92.0258,66205500
2015-01-07,100.7300,101.6000,100.4900,101.3600,93.2121,37577400
2015-01-08,102.2200,103.5000,102.1100,103.3000,94.9961,40212600
2015-01-09,103.6200,103.6500,102.0200,102.6200,94.3708,41410100
2015-01-12,102.8200,102.9300,101.2900,101.5500,93.3868,34129800
2015-01-13,102.5400,103.6200,100.7000,101.5200,93.3592,56162300
2015-01-14,100.5000,101.4800,100.0700,100.9600,92.8442,51354200
2015-01-15,101.4300,101.5900,99.5300,99.6500,91.6395,51005400
2015-01-16,99.5200,100.9500,99.3600,100.8200,92.7155,35362200
2015-01-20,101.4300,101.8800,100.2900,101.6200,93.4512,30964100
2015-01-21,101.3200,102.6200,100.9600,102.1400,93.9294,40128800
2015-01-22,102.5400,104.1400,101.6400,104.0300,95.6674,40887200
2015-01-23,104.0200,104.5800,103.7200,104.2600,95.8790,34783000
2015-01-26,104.1400,104.3300,103.6100,104.1400,95.7686,19960900
2015-01-27,102.5000,102.5600,101.1000,101.4400,93.2857,45253200
2015-01-28,103.0700,103.1800,100.9000,100.9200,92.8074,43591700
2015-01-29,100.8400,102.0800,99.9600,101.8900,93.6995,46539700
2015-01-30,101.8000,102.5800,100.9600,101.1000,92.9730,42927600
2015-02-02,101.3300,102.0700,99.7500,101.9800,93.7822,43624700
2015-02-03,102.3500,103.0300,101.6800,102.9600,94.6834,30750400
2015-02-04,102.5400,103.5500,102.3100,102.8700,94.6007,34073200
2015-02-05,103.1300,103.8300,102.8700,103.7600,95.4192,23605500
2015-02-06,103.9200,104.1700,102.7600,103.1300,94.8398,34169300
2015-02-09,102.7300,103.2900,102.5500,102.8000,94.5363,22604700
2015-02-10,103.3700,104.5400,103.2100,104.4000,96.0077,23686500
2015-02-11,104.5200,105.0200,104.3200,104.7800,96.3572,20303600
2015-02-12,105.4600,106.0400,105.3000,106.0000,97.4791,22520300
2015-02-13,106.3000,106.9300,106.1000,106.9100,98.3159,29030200
2015-02-17,106.9100,107.0800,106.6400,107.0100,98.4079,17675300
2015-02-18,106.8800,107.2200,106.7400,107.1600,98.5458,15149600
2015-02-19,107.0900,107.7600,107.0600,107.6900,99.0332,19828100
2015-02-20,107.6200,108.4700,107.2800,108.4100,99.6953,28336700
2015-02-23,108.3500,108.5500,108.1100,108.5200,99.7965,17868000
2015-02-24,108.3800,108.7300,108.0500,108.6000,99.8701,19745000
2015-02-25,108.4400,108.8600,108.0900,108.3300,99.6218,19472300
2015-02-26,108.4400,108.9400,108.1400,108.8800,100.1276,22255500
2015-02-27,108.8400,108.9100,108.2300,108.4000,99.6862,27757600
2015-03-02,108.6100,109.4200,108.5900,109.3800,100.5874,22988600
2015-03-03,109.0500,109.1600,108.1800,108.8700,100.1184,20788900
2015-03-04,108.5100,108.6700,107.8600,108.4500,99.7321,21007400
2015-03-05,108.7300,108.9700,108.1900,108.6400,99.9069,15381000
2015-03-06,108.5000,108.7100,107.1400,107.4100,98.7757,30990400
2015-03-09,107.6300,107.9900,107.1900,107.7200,99.0608,26237100
2015-03-10,106.9500,106.9800,105.7200,105.7200,97.2216,34234500
2015-03-11,105.8800,106.0100,105.0700,105.1100,96.6606,25459700
2015-03-12,105.0300,105.9200,104.9600,105.8000,97.2952,21473200
2015-03-13,105.7000,106.1200,104.6800,105.3400,96.8722,42021100
2015-03-16,105.7300,106.7400,105.6200,106.7000,98.1228,25674100
2015-03-17,106.4100,107.0400,106.1600,106.8700,98.2791,19603800
2015-03-18,106.5800,108.4100,106.0300,107.9200,99.2447,40622200
2015-03-19,108.0300,108.3800,107.8700,108.0800,99.3919,31314000
2015-03-20,108.7200,109.0700,108.5100,108.5300,100.0352,31761400
2015-03-23,108.4700,108.7700,108.2800,108.3200,99.8417,17268500
2015-03-24,108.3100,108.8100,107.9100,107.9300,99.4822,22445300
2015-03-25,108.1000,108.2000,105.4200,105.4600,97.2056,41581400
2015-03-26,104.5900,105.7000,104.2400,105.1000,96.8737,47846300
2015-03-27,105.0800,105.7700,104.9200,105.5200,97.2608,33878400
2015-03-30,106.1600,106.8200,106.1600,106.7300,98.3761,30570200
2015-03-31,106.4300,106.6500,105.5700,105.6000,97.3346,30488100
2015-04-01,105.6000,105.6200,104.3700,105.0500,96.8276,32970500
2015-04-02,105.1500,105.4600,104.7800,105.1200,96.8922,19164200
2015-04-06,104.5000,106.2700,104.3400,105.9800,97.6848,24451100
2015-04-07,105.9200,106.7000,105.8000,105.8000,97.5189,19379400
2015-04-08,105.8400,106.7900,105.8300,106.6400,98.2932,25866900
2015-04-09,106.5900,107.3500,106.2300,107.3100,98.9107,23114700
2015-04-10,107.2700,107.7600,107.0300,107.7500,99.3163,17164300
2015-04-13,107.8300,108.3800,107.3600,107.4800,99.0674,17783500
2015-04-14,107.3700,107.6800,106.5600,107.1700,98.7817,23755700
2015-04-15,107.4500,108.0700,107.3200,107.8400,99.3993,21128600
2015-04-16,107.5500,107.8800,107.4000,107.6900,99.2610,16195300
2015-04-17,106.6600,106.9500,105.5500,106.0100,97.7125,46514000
2015-04-20,106.5400,107.7900,106.5000,107.6000,99.1780,28945900
2015-04-21,108.2200,108.4100,107.9300,108.0600,99.6020,22759800
2015-04-22,108.3400,108.8300,107.6400,108.6500,100.1459,21429200
2015-04-23,108.2800,109.5500,108.2600,109.0600,100.5238,29473200
2015-04-24,110.2100,110.6900,110.0300,110.5400,101.8879,32508100
2015-04-27,110.9500,111.1600,110.0200,110.2600,101.6299,31121300
2015-04-28,110.3400,110.5500,109.1100,110.0400,101.4270,36849200
2015-04-29,109.4300,110.0700,108.7500,109.3500,100.7911,34043900
2015-04-30,108.7300,109.1700,107.0600,107.6300,99.2057,44080500
2015-05-01,108.0500,109.1200,108.0300,109.0500,100.5146,32874300
2015-05-04,109.4000,109.9100,109.1700,109.2300,100.6805,23507300
2015-05-05,108.8000,109.0000,107.4000,107.4500,99.0398,47843300
2015-05-06,107.6400,107.9500,106.0000,106.7100,98.3577,42687200
2015-05-07,106.6800,107.6500,106.6000,107.3500,98.9476,29335800
2015-05-08,108.4600,108.9200,108.3000,108.6900,100.1827,33023300
2015-05-11,108.7600,108.9800,108.1900,108.2700,99.7956,19679300
2015-05-12,107.6300,108.3300,106.8000,107.7800,99.3439,33665000
2015-05-13,108.2500,108.8100,107.8400,108.0000,99.5467,20738400
2015-05-14,108.8800,109.6700,108.4800,109.5800,101.0031,23904200
2015-05-15,109.8600,110.0100,109.3100,109.5800,101.0031,23937400
2015-05-18,109.4000,110.2800,109.3200,110.0600,101.4455,17631100
2015-05-19,110.1800,110.3500,109.7600,109.9400,101.3349,14212900
2015-05-20,110.0200,110.6700,109.4300,110.0100,101.3994,21131900
2015-05-21,109.8200,110.7300,109.6600,110.5800,101.9248,16771800
2015-05-22,110.4500,110.8700,110.3800,110.4700,101.8234,13543800
2015-05-26,110.2300,110.3800,108.7600,109.2000,100.6528,25488400
2015-05-27,109.5300,111.0800,109.2900,110.9600,102.2751,30572700
2015-05-28,110.7500,111.0100,110.3700,110.7100,102.0446,17302400
2015-05-29,110.6400,110.7900,109.7900,110.0500,101.4363,30383000
2015-06-01,110.6400,110.7200,109.5200,110.4200,101.7774,24570200
2015-06-02,110.0100,110.6100,109.4700,110.0700,101.4547,19449600
2015-06-03,110.5700,110.8100,110.1300,110.4000,101.7589,20507200
2015-06-04,109.7800,110.4800,109.2100,109.5600,100.9846,31374600
2015-06-05,109.4300,109.6900,108.6300,109.3000,100.7450,22641700
2015-06-08,109.2500,109.3300,107.9700,108.1900,99.7219,24549200
2015-06-09,107.9300,108.4000,107.2000,108.0100,99.5560,27554600
2015-06-10,108.3800,109.8100,108.2600,109.4900,100.9201,30297900
2015-06-11,109.8600,110.1500,109.4600,109.6500,101.0676,17593500
2015-06-12,109.0700,109.3000,108.6000,108.7500,100.2381,27201800
2015-06-15,107.9400,108.3800,107.3100,108.2100,99.7403,31238800
2015-06-16,108.1000,108.9800,108.0500,108.8000,100.2841,16456900
2015-06-17,108.9800,109.4500,108.4300,109.1000,100.5607,23296700
2015-06-18,109.5000,110.8800,109.4400,110.6900,102.0262,43032400
2015-06-19,110.4900,110.5800,109.8100,109.8900,101.5218,27877600
2015-06-22,110.7000,111.0300,110.4500,110.7000,102.2701,19120900
2015-06-23,110.8200,110.8900,110.3300,110.7900,102.3532,18127900
2015-06-24,110.6600,111.1300,110.1900,110.2200,101.8266,15815900
2015-06-25,110.6500,110.7600,109.8200,110.0000,101.6234,18326700
2015-06-26,109.9800,110.2300,108.8600,109.2700,100.9490,32311700
2015-06-29,108.0600,108.6600,106.6400,106.6900,98.5654,50874900
2015-06-30,107.4900,107.7200,106.7400,107.0700,98.9165,34809900
2015-07-01,108.1300,108.3500,107.4200,107.9200,99.7018,21293000
2015-07-02,108.2300,108.3200,107.6200,107.9500,99.7295,20499400
2015-07-06,107.2700,108.3200,107.0400,107.7000,99.4986,24311000
2015-07-07,107.8200,108.0700,105.8300,107.9700,99.7480,44230800
2015-07-08,107.2000,107.3300,105.8900,106.0900,98.0111,39691500
2015-07-09,107.5000,107.6000,106.0200,106.0300,97.9557,28381000
2015-07-10,107.4400,108.0500,107.0500,107.6500,99.4523,26415800
2015-07-13,108.5800,109.6300,108.5700,109.5400,101.1984,25780700
2015-07-14,109.6900,110.5600,109.6300,110.2600,101.8636,21977200
2015-07-15,110.4700,110.8100,110.0700,110.3800,101.9745,28631500
2015-07-16,111.2900,111.9600,111.0700,111.9400,103.4156,29838900
2015-07-17,112.8400,113.5900,112.6500,113.5900,104.9400,35926800
2015-07-20,113.8300,114.3900,113.4800,113.9800,105.3003,26539000
2015-07-21,114.0200,114.2000,113.5800,113.9100,105.2356,35468900
2015-07-22,112.1700,113.1700,112.1700,112.6200,104.0439,35575000
2015-07-23,112.7300,113.1000,111.9100,112.2000,103.6559,25698300
2015-07-24,112.8000,113.0000,110.9300,111.1000,102.6396,30844700
2015-07-27,110.4700,110.9500,109.9400,110.1800,101.7897,35994800
2015-07-28,110.6700,111.3500,109.7900,111.1300,102.6674,33553500
2015-07-29,111.3700,111.7900,110.9400,111.5500,103.0553,26714100
2015-07-30,111.2900,112.2700,110.6200,112.0800,103.5450,25438100
2015-07-31,112.4300,112.4900,111.7200,111.9500,103.4249,22081700
2015-08-03,111.9700,112.2800,110.8600,111.6000,103.1015,25001800
2015-08-04,111.5500,111.7500,110.9300,111.3900,102.9075,22132300
2015-08-05,112.0100,113.0000,111.8800,112.2500,103.7021,28989900
2015-08-06,112.3500,112.5000,109.9500,110.4500,102.0391,42125400
2015-08-07,110.1800,110.5700,109.4000,110.3100,101.9098,30006800
2015-08-10,111.0100,111.8100,111.0000,111.5700,103.0738,21500800
2015-08-11,110.9800,111.4100,109.5300,110.1400,101.7527,36123300
2015-08-12,109.3800,110.7400,108.2200,110.5200,102.1038,41889000
2015-08-13,110.6300,111.1600,110.1000,110.3400,101.9375,22510500
2015-08-14,110.0800,110.6700,109.8600,110.5100,102.0945,17924900
2015-08-17,110.2400,111.4600,109.9600,111.4300,102.9445,21224900
2015-08-18,111.2800,111.3700,110.7100,110.8600,102.4179,13984400
2015-08-19,110.5200,111.1100,109.4900,110.1300,101.7435,42511400
2015-08-20,109.1100,109.4600,107.0700,107.0800,98.9258,57747300
2015-08-21,105.5700,106.4700,102.4000,102.4000,94.6021,97763400
2015-08-24,94.2300,102.5300,84.7400,98.4600,90.9622,150829900
2015-08-25,102.0700,102.7400,98.0100,98.0900,90.6203,75088300
2015-08-26,100.9600,103.2300,98.9300,103.0300,95.1841,104103800
2015-08-27,104.5200,105.7100,103.2800,105.6400,97.5954,69377700
2015-08-28,105.0800,106.0000,104.8500,105.6200,97.5769,49919600
2015-08-31,105.0300,105.6100,104.0500,104.3100,96.3667,39549400
2015-09-01,101.7100,103.2900,100.6300,101.0500,93.3549,73155500
2015-09-02,102.8800,103.9200,101.7000,103.9000,95.9879,43963600
2015-09-03,104.3100,105.0200,103.1000,103.3900,95.5168,45131800
2015-09-04,101.9700,102.8500,101.5900,102.1600,94.3804,49379600
2015-09-08,104.1200,105.1700,103.6900,105.0400,97.0411,37343500
2015-09-09,106.2800,106.3100,103.5900,103.8600,95.9509,47146700
2015-09-10,103.7400,105.6800,103.6200,104.9900,96.9949,47686700
2015-09-11,104.5100,105.5700,104.2100,105.5700,97.5307,29106100
2015-09-14,105.9600,105.9800,104.8500,105.2500,97.2351,19718800
2015-09-15,105.5000,106.8200,105.1100,106.4900,98.3807,30020200
2015-09-16,106.5100,107.1900,106.1400,107.0900,98.9350,31329100
2015-09-17,106.9800,108.7300,106.6400,107.1300,98.9720,56139800
2015-09-18,105.2300,106.6000,105.1700,105.3500,97.5643,48384000
2015-09-21,105.9300,106.5500,104.7300,105.6800,97.8699,35772600
2015-09-22,104.0600,104.4200,103.1300,104.1000,96.4066,47359700
2015-09-23,104.3800,104.6600,103.6400,104.1800,96.4808,21775100
2015-09-24,103.1700,104.1900,102.2700,103.8000,96.1288,38284300
2015-09-25,104.9100,105.0100,102.2800,102.9200,95.3139,44700000
2015-09-28,102.4800,102.5500,99.6900,99.9900,92.6004,44077500
2015-09-29,100.2400,101.2600,98.7500,99.4700,92.1188,49315500
2015-09-30,100.8900,101.8700,100.5000,101.7600,94.2396,41411400
2015-10-01,101.9400,102.2300,100.5900,102.2200,94.6656,39339100
2015-10-02,100.8000,104.0100,100.4800,104.0100,96.3233,59370900
2015-10-05,104.7800,105.7800,104.5500,105.5000,97.7032,32853500
2015-10-06,105.2500,105.6000,104.1800,105.0000,97.2402,33051500
2015-10-07,105.6600,105.8600,104.2900,105.6300,97.8236,37389300
2015-10-08,105.2300,106.2300,104.2100,106.0500,98.2126,50188900
2015-10-09,106.1000,106.7300,105.8100,106.5300,98.6571,23916200
2015-10-12,106.7300,106.9900,106.3500,106.7900,98.8979,16162000
2015-10-13,106.1800,107.2600,106.0000,106.1000,98.2588,26999600
2015-10-14,106.1000,106.6300,105.4900,105.9300,98.1014,30902600
2015-10-15,106.3200,107.6800,106.1800,107.6700,99.7128,38393800
2015-10-16,107.9000,108.1800,107.3800,108.1200,100.1296,27091100
2015-10-19,107.9800,108.8100,107.7400,108.7400,100.7037,23776300
2015-10-20,108.5500,108.7800,107.8100,108.1800,100.1851,23404700
2015-10-21,108.7300,108.8400,107.4800,107.5200,99.5739,30195200
2015-10-22,108.4800,109.8000,108.1700,109.7100,101.6021,42778700
2015-10-23,112.6600,113.2400,112.0700,112.7800,104.4452,53170900
2015-10-26,112.7000,113.0700,112.2700,112.8500,104.5100,25918000
2015-10-27,112.5500,113.2400,112.5200,113.0800,104.7230,31390500
2015-10-28,113.2500,114.0200,112.3400,114.0200,105.5935,42221900
2015-10-29,113.5000,114.0300,113.3800,113.8400,105.4268,24913300
2015-10-30,113.8900,114.0800,113.3000,113.3300,104.9545,27199200
2015-11-02,113.6300,114.7500,113.3900,114.6100,106.1399,22176900
2015-11-03,114.3800,115.4200,114.2100,115.0100,106.5104,20418400
2015-11-04,115.3900,115.4700,114.5400,115.0200,106.5196,28633000
2015-11-05,115.1200,115.4000,114.1100,114.7100,106.2325,25004100
2015-11-06,114.4900,114.9200,113.7600,114.7900,106.3066,29924900
2015-11-09,114.3600,114.5100,112.8700,113.5700,105.1768,33479800
2015-11-10,112.9700,113.3900,112.6300,113.2800,104.9082,35452100
2015-11-11,113.5900,114.1400,112.9500,113.1400,104.7786,22748800
2015-11-12,112.6800,113.2300,111.9600,112.0400,103.7598,31196900
2015-11-13,111.5700,111.6900,109.7800,109.8400,101.7224,52836000
2015-11-16,109.7300,111.4400,109.4800,111.4200,103.1857,33980600
2015-11-17,111.6100,112.2900,111.2100,111.4900,103.2505,30579500
2015-11-18,111.9400,113.7400,111.8300,113.6300,105.2324,32966500
2015-11-19,113.6900,114.2300,113.4900,113.7100,105.3064,26188100
2015-11-20,114.2500,114.5700,114.1400,114.4800,106.0195,22727600
2015-11-23,114.5200,114.9400,113.6600,114.1500,105.7139,20696200
2015-11-24,113.4100,114.3200,112.8400,114.0500,105.6213,26374400
2015-11-25,114.2200,114.3600,113.9100,114.1500,105.7139,14159900
2015-11-27,114.4000,114.5400,113.9200,114.3100,105.8621,8828000
2015-11-30,114.6500,114.6500,113.6500,114.0200,105.5935,25041600
2015-12-01,114.4800,115.1600,114.3400,115.1600,106.6493,28639400
2015-12-02,115.2500,115.7500,114.2800,114.4500,105.9917,22395500
2015-12-03,114.7600,114.9600,111.8400,112.5100,104.1951,42754300
2015-12-04,112.8500,115.3300,112.6200,115.1400,106.6307,40037300
2015-12-07,115.2200,115.2900,114.0700,114.6200,106.1492,25892100
2015-12-08,113.4200,115.0000,113.3800,114.6300,106.1584,30792600
2015-12-09,114.1300,114.7600,112.2000,112.8900,104.5470,48509200
2015-12-10,113.1500,114.1600,112.8100,113.4000,105.0194,30154600
2015-12-11,112.0900,112.3900,110.7200,110.7900,102.6023,56022200
2015-12-14,110.9400,111.6800,109.3800,111.6300,103.3801,53098500
2015-12-15,112.6600,113.2800,112.1700,112.3100,104.0099,48428000
2015-12-16,113.0700,114.1700,111.8900,113.9800,105.5565,44944100
2015-12-17,114.4800,114.4800,112.3000,112.3200,104.0192,45668800
2015-12-18,111.6300,111.8800,109.8300,109.8300,102.0238,53746100
2015-12-21,110.8700,111.0700,110.0500,111.0500,103.1571,26432800
2015-12-22,111.6400,111.9400,111.0500,111.7800,103.8352,26540300
2015-12-23,112.3600,112.6900,112.1600,112.6100,104.6062,25656900
2015-12-24,112.6100,112.9000,112.5400,112.5900,104.5877,11468600
2015-12-28,112.3200,112.5500,111.5100,112.5300,104.5319,19183600
2015-12-29,113.2000,114.5500,113.1300,114.3000,106.1761,27725700
2015-12-30,114.2000,114.2400,113.2500,113.2700,105.2193,19520100
2015-12-31,112.8700,113.0800,111.8400,111.8600,103.9096,29886800
2016-01-04,109.4500,109.6000,108.1200,109.5000,101.7173,50807600
2016-01-05,110.0400,110.1800,108.8000,109.3100,101.5408,38795200
2016-01-06,107.4100,108.8900,107.4100,108.2600,100.5654,41891100
2016-01-07,105.9500,107.2900,104.8100,104.8700,97.4164,61386300
2016-01-08,105.6300,106.2900,103.9000,104.0100,96.6175,69344000
2016-01-11,104.7500,105.0600,102.7300,104.3300,96.9147,50024100
2016-01-12,105.3300,106.0800,104.0800,105.5400,98.0387,46734200
2016-01-13,105.9700,106.2300,101.7400,101.9000,94.6575,69870700
2016-01-14,102.3000,104.9800,100.6700,104.0700,96.6732,78445700
2016-01-15,100.6200,101.9400,99.5100,100.8400,93.6728,91443900
2016-01-19,102.2100,102.3700,99.8800,101.0600,93.8771,56563800
2016-01-20,99.4700,101.8300,97.2500,100.7500,93.5892,86675000
2016-01-21,101.1800,102.3500,99.8200,100.8500,93.6821,61660100
2016-01-22,102.8800,103.8100,102.5300,103.7700,96.3945,42229800
2016-01-25,103.4000,103.9900,102.1400,102.2300,94.9640,38881500
2016-01-26,102.6600,103.5900,101.7600,103.1500,95.8186,36143900
2016-01-27,102.5500,102.9900,100.1500,100.5800,93.4313,54524700
2016-01-28,102.2500,102.2900,100.2600,102.0000,94.7504,47641500
2016-01-29,101.9700,104.1700,101.9400,104.1300,96.7290,54245100
2016-02-01,103.6300,104.8000,103.2300,104.4100,96.9891,32750300
2016-02-02,103.9300,103.9700,101.8400,102.1500,94.8897,44928100
2016-02-03,102.8300,102.8300,99.8800,101.6600,94.4345,61572900
2016-02-04,101.3900,102.4600,100.4400,101.6500,94.4252,49321600
2016-02-05,101.2900,101.3300,97.7200,98.1200,91.1461,70749900
2016-02-08,96.2900,97.0500,94.8400,96.6200,89.7527,91673100
2016-02-09,95.3300,97.7800,95.1800,96.3200,89.4741,73778400
2016-02-10,97.4300,98.6900,96.6200,96.6900,89.8178,59421700
2016-02-11,95.4600,97.3200,95.1900,96.5500,89.6877,76839200
2016-02-12,97.6400,98.1200,96.7300,98.0200,91.0533,49186500
2016-02-16,99.4700,100.2300,98.8500,100.2300,93.1062,40565900
2016-02-17,100.9600,102.6400,100.7000,102.5000,95.2148,41766500
2016-02-18,102.8200,102.8400,101.2000,101.3300,94.1280,38991500
2016-02-19,100.8400,101.9400,100.6200,101.6300,94.4067,28257900
2016-02-22,102.5800,103.3800,102.4800,103.2800,95.9394,23979100
2016-02-23,102.6800,102.9600,101.5100,101.5800,94.3602,29869700
2016-02-24,100.3900,102.6800,99.7700,102.5500,95.2613,40739100
2016-02-25,102.7600,103.5600,101.8400,103.5600,96.1995,29389300
2016-02-26,104.3500,104.3700,103.1800,103.4300,96.0787,30925000
2016-02-29,103.3300,104.1000,102.5000,102.5000,95.2148,27553900
2016-03-01,103.4800,105.7900,103.1600,105.7900,98.2710,37699800
2016-03-02,105.6600,105.8500,105.0100,105.8300,98.3081,29209800
2016-03-03,105.7200,105.7500,104.8700,105.6300,98.1223,25474600
2016-03-04,105.7500,106.3500,104.9700,105.6700,98.1595,31655400
2016-03-07,105.1300,105.7400,104.2700,105.0200,97.5557,25861200
2016-03-08,104.3000,105.2100,103.9700,104.1500,96.7475,28898500
2016-03-09,104.5400,104.8400,103.9600,104.8200,97.3699,31047400
2016-03-10,105.2600,105.8600,103.3100,104.6600,97.2213,44236100
2016-03-11,105.7900,106.4900,105.4600,106.4900,98.9212,31454000
2016-03-14,106.0900,106.9200,106.0600,106.6700,99.0884,25374900
2016-03-15,106.2900,106.7500,105.9500,106.6300,99.0513,26524600
2016-03-16,106.3700,107.8600,106.3400,107.5800,99.9338,31693100
2016-03-17,107.2700,107.7700,106.8700,107.5200,99.8780,29623700
2016-03-18,107.4600,107.6400,106.8000,107.3700,100.0345,37682300
2016-03-21,107.1800,107.8900,107.1200,107.7900,100.4259,17288600
2016-03-22,107.1800,108.3700,107.1600,108.1200,100.7333,18840300
2016-03-23,107.9100,107.9900,106.9900,107.2300,99.9041,20912900
2016-03-24,106.7100,107.2900,106.5300,107.2600,99.9320,19017300
2016-03-28,107.5600,107.5800,106.9200,107.1100,99.7923,13892300
2016-03-29,106.9100,108.9000,106.7300,108.8300,101.3948,29963900
2016-03-30,109.4800,110.0400,109.1300,109.3600,101.8886,23807200
2016-03-31,109.2800,109.6900,109.0300,109.2000,101.7395,21447200
2016-04-01,108.5400,110.4000,108.3900,110.3600,102.8203,26389000
2016-04-04,110.3600,110.4400,109.6800,109.9400,102.4290,17163000
2016-04-05,109.0900,109.5000,108.7400,108.8800,101.4414,20107900
2016-04-06,108.9900,110.7100,108.9900,110.6700,103.1091,25056000
2016-04-07,110.0300,110.2300,108.6100,109.0800,101.6277,28567200
2016-04-08,109.7600,110.0200,108.6200,109.0000,101.5532,22898000
2016-04-11,109.4700,110.0200,108.5900,108.6000,101.1805,25772100
2016-04-12,108.6800,109.7200,108.0200,109.5100,102.0283,28564100
2016-04-13,110.3500,111.0800,110.2100,110.9100,103.3327,25356700
2016-04-14,110.9300,111.3300,110.0000,110.9200,103.3420,17199700
2016-04-15,110.8300,111.0600,110.3600,110.6400,103.0811,21353300
2016-04-18,110.3200,111.2700,110.2500,111.2300,103.6308,17126100
2016-04-19,111.4400,111.4400,109.8800,110.5500,102.9973,42481400
2016-04-20,110.5500,111.1500,110.1700,110.6400,103.0811,18078300
2016-04-21,110.5800,111.0500,110.1500,110.6500,103.0904,20216000
2016-04-22,109.2100,109.7200,108.1200,108.9800,101.5346,39074000
2016-04-25,108.6500,108.9900,108.4500,108.9800,101.5346,14351900
2016-04-26,109.2100,109.3900,108.1200,108.4500,101.0407,19118300
2016-04-27,107.3400,107.8300,106.6900,107.5800,100.2302,33059800
2016-04-28,107.7000,108.3300,106.0700,106.2800,99.0190,29818200
2016-04-29,106.2800,106.5000,104.8800,105.7200,98.4973,67502800
2016-05-02,105.9900,106.8700,105.5500,106.7200,99.4289,24813800
2016-05-03,105.9600,106.4400,105.4500,105.7300,98.5066,38569400
2016-05-04,105.0900,105.4800,104.7900,105.0500,97.8730,27474500
2016-05-05,105.4300,105.6600,104.8100,105.0200,97.8451,20788100
2016-05-06,104.5000,105.6000,104.4000,105.5800,98.3668,30758500
2016-05-09,105.5900,106.3700,105.5400,105.8800,98.6463,19289600
2016-05-10,106.2600,107.3800,106.0700,107.3300,99.9973,21178900
2016-05-11,107.1700,107.4900,106.3300,106.3600,99.0936,20966300
2016-05-12,106.6100,106.7400,105.1400,105.8900,98.6556,29196300
2016-05-13,105.8000,106.4500,105.2900,105.5000,98.2923,21059300
2016-05-16,105.6600,107.2100,105.5600,106.8200,99.5221,18311900
2016-05-17,106.7300,107.0400,105.2000,105.4800,98.2737,29932700
2016-05-18,105.2400,106.4300,105.0400,105.8600,98.6277,27524400
2016-05-19,105.4500,105.7100,104.5400,105.3100,98.1152,27334600
2016-05-20,105.7300,106.9000,105.6700,106.4700,99.1960,29549600
2016-05-23,106.5900,106.9700,106.2300,106.3300,99.0656,15729800
2016-05-24,106.9200,108.5900,106.8900,108.4600,101.0501,29931300
2016-05-25,108.8700,109.5700,108.6800,109.2400,101.7768,37951700
2016-05-26,109.3500,109.7000,109.0900,109.5600,102.0749,21885900
2016-05-27,109.6300,110.1400,109.6100,110.1300,102.6060,19870000
2016-05-31,110.2800,110.5100,109.7800,110.3400,102.8016,24366100
2016-06-01,110.0000,110.6000,109.9100,110.3500,102.8110,19571500
2016-06-02,110.1300,110.5900,109.5300,110.5800,103.0252,15696600
2016-06-03,110.3700,110.4200,109.3400,110.0600,102.5407,20269900
2016-06-06,110.2600,110.7500,110.0700,110.4600,102.9134,12502400
2016-06-07,110.5200,110.6300,110.1300,110.1800,102.6525,12184300
2016-06-08,110.3700,110.6000,109.9600,110.3700,102.8296,14568700
2016-06-09,109.9200,110.3100,109.7100,110.1900,102.6619,17571600
2016-06-10,109.1900,109.4000,108.5600,108.9400,101.4973,32965000
2016-06-13,108.3200,108.9300,107.8900,108.0300,100.6495,25154700
2016-06-14,107.7400,108.4200,107.2400,108.0300,100.6495,24588500
2016-06-15,108.2900,108.4400,107.5400,107.7200,100.3606,24605700
2016-06-16,107.1900,108.1400,106.5000,108.0400,100.6588,32079900
2016-06-17,107.5300,107.6800,106.2400,106.4900,99.4789,29208800
2016-06-20,107.7300,108.2400,107.0800,107.1600,100.1048,20562800
2016-06-21,107.3000,107.7200,107.1000,107.5000,100.4224,22804100
2016-06-22,107.5600,108.1900,107.1500,107.2400,100.1795,22724200
2016-06-23,108.0700,108.7900,107.6200,108.7700,101.6088,18714200
2016-06-24,104.9000,106.5000,104.0600,104.2900,97.4238,68012700
2016-06-27,103.6000,103.6000,101.7500,102.2200,95.4900,48222600
2016-06-28,103.3500,104.5100,103.3000,104.4600,97.5825,28260600
2016-06-29,105.2800,106.5300,105.2300,106.3100,99.3108,31356700
2016-06-30,106.4900,107.6100,106.1300,107.5400,100.4598,36300800
2016-07-01,107.4900,108.4800,107.4500,108.0800,100.9642,19902800
2016-07-05,107.5100,107.6600,106.8400,107.4200,100.3477,21167900
2016-07-06,106.9100,108.3500,106.5700,108.3000,101.1697,24579300
2016-07-07,108.4000,108.8600,108.1100,108.6200,101.4687,19161700
2016-07-08,109.2000,110.3600,109.0200,110.3000,103.0381,29457900
2016-07-11,110.6700,111.3400,110.6600,110.9300,103.6266,20218500
2016-07-12,111.6100,111.7900,111.3400,111.4900,104.1497,21906100
2016-07-13,111.7500,111.8200,111.2100,111.2200,103.8975,21107800
2016-07-14,111.9600,112.1900,111.7000,111.9800,104.6075,20871000
2016-07-15,112.2400,112.3000,111.5500,111.8000,104.4393,17999300
2016-07-18,111.8700,112.7400,111.8500,112.5400,105.1306,20713900
2016-07-19,112.1500,112.4800,111.9300,112.1300,104.7476,18936700
2016-07-20,112.7400,113.6500,112.6000,113.4400,105.9714,24997900
2016-07-21,113.5200,113.7400,112.8700,113.1800,105.7285,18885400
2016-07-22,113.2600,113.7800,112.9100,113.6500,106.1675,20003400
2016-07-25,113.5600,113.6900,113.2800,113.6600,106.1769,12968100
2016-07-26,113.6200,114.2000,113.2200,113.7900,106.2983,21223800
2016-07-27,114.7500,114.8800,114.1000,114.5800,107.0363,27646100
2016-07-28,114.7600,115.1100,114.4000,114.9800,107.4100,16939700
2016-07-29,115.2400,115.5400,114.8700,115.2300,107.6435,22385300
2016-08-01,115.3100,116.1300,115.1700,115.8400,108.2133,13990100
2016-08-02,115.6700,115.7700,114.2200,114.9600,107.3913,21278400
2016-08-03,114.8700,115.3500,114.8000,115.3400,107.7463,15011300
2016-08-04,115.3000,115.7800,115.0300,115.6700,108.0545,12835300
2016-08-05,116.2600,117.0400,116.1300,116.7800,109.0914,23196600
2016-08-08,116.8400,116.8700,116.2800,116.6500,108.9700,12358200
2016-08-09,116.7400,117.2900,116.6700,116.9200,109.2222,13276500
2016-08-10,116.9900,117.0200,116.3100,116.6200,108.9420,14688400
2016-08-11,117.0200,117.3700,116.7800,117.1200,109.4091,12969800
2016-08-12,116.9200,117.2100,116.7900,117.2000,109.4838,19379000
2016-08-15,117.3500,117.9700,117.3100,117.7000,109.9509,11777800
2016-08-16,117.4800,117.4900,117.0300,117.0500,109.3437,14161400
2016-08-17,117.0800,117.3000,116.4300,117.2600,109.5398,15980300
2016-08-18,117.1500,117.4600,116.9500,117.2900,109.5679,10036300
2016-08-19,117.0800,117.5200,116.7600,117.2600,109.5398,18743000
2016-08-22,117.0900,117.5500,116.8700,117.3500,109.6239,14500600
2016-08-23,117.8100,118.0100,117.5100,117.5600,109.8201,11997900
2016-08-24,117.4800,117.6400,116.4100,116.8000,109.1101,17728700
2016-08-25,116.5000,116.9700,116.3600,116.6100,108.9326,24266300
2016-08-26,116.6500,117.5400,116.0800,116.7800,109.0914,23896000
2016-08-29,116.8100,117.2500,116.7900,116.9400,109.2409,11184900
2016-08-30,116.7500,117.0900,116.1600,116.5600,108.8859,19843300
2016-08-31,116.3800,116.5600,115.9500,116.4400,108.7738,16169800
2016-09-01,116.4800,116.8800,115.9100,116.7400,109.0540,20944700
2016-09-02,117.3200,117.5600,116.6800,117.1200,109.4091,18088200
2016-09-06,117.3200,117.8500,117.0600,117.8500,110.0910,18525200
2016-09-07,117.9600,118.1200,117.4700,117.9200,110.1564,17546900
2016-09-08,117.5700,117.6000,116.9200,117.2300,109.5118,20125300
2016-09-09,116.2500,116.5100,114.2600,114.2800,106.7560,50813300
2016-09-12,113.6400,116.4900,113.6300,116.3300,108.6711,39646000
2016-09-13,115.7500,116.0900,114.7300,115.2900,107.6995,45863900
2016-09-14,115.4100,116.4700,115.3800,115.8400,108.2133,28221800
2016-09-15,115.8700,117.8200,115.8600,117.6400,109.8948,38521400
2016-09-16,117.2200,117.4100,116.7100,117.2900,109.8424,27596500
2016-09-19,117.5900,117.9500,116.5500,116.7800,109.3648,16222900
2016-09-20,117.2000,117.4800,116.8000,117.0000,109.5708,18078600
2016-09-21,117.5000,118.3200,116.8100,118.1500,110.6477,31546800
2016-09-22,118.8400,119.2200,118.7200,119.0900,111.5281,22614400
2016-09-23,119.0000,119.0000,118.1600,118.3300,110.8164,22213400
2016-09-26,117.6600,117.8000,117.1700,117.3400,109.8892,16403900
2016-09-27,117.2600,118.5600,117.1500,118.5000,110.9755,20238400
2016-09-28,118.6500,118.7700,118.0900,118.7000,111.1628,14794300
2016-09-29,118.5000,118.7200,117.3300,117.8400,110.3575,27207500
2016-09-30,118.1500,119.0700,118.0300,118.7200,111.1816,25543200
2016-10-03,118.5700,118.7000,118.0900,118.5500,111.0224,19216400
2016-10-04,118.9000,119.1600,117.9200,118.3700,110.8538,21239700
2016-10-05,118.7200,119.1700,118.6700,118.7900,111.2471,14481300
2016-10-06,118.6400,118.9800,118.1500,118.7300,111.1910,11987100
2016-10-07,118.8400,119.0100,117.8900,118.4700,110.9475,19984200
2016-10-10,119.0800,119.4800,119.0300,119.2200,111.6498,19687300
2016-10-11,119.1200,119.1400,117.0000,117.5200,110.0578,27774400
2016-10-12,117.6300,117.8200,117.0600,117.4200,109.9641,14267800
2016-10-13,116.6200,117.3200,115.9400,117.0000,109.5708,22821000
2016-10-14,117.5800,118.0500,117.0700,117.1400,109.7019,21313300
2016-10-17,117.0400,117.3000,116.6700,116.8200,109.4022,14182700
2016-10-18,118.2100,118.4100,117.8000,117.8600,110.3762,19276700
2016-10-19,117.7700,118.0200,117.6400,117.8500,110.3668,13702900
2016-10-20,117.7300,117.9700,117.0300,117.7100,110.2357,18132200
2016-10-21,117.8000,118.2200,117.4100,118.1500,110.6477,15707800
2016-10-24,118.9100,119.6500,118.8900,119.5700,111.9776,19143000
2016-10-25,119.6400,119.6600,119.0100,119.1900,111.6217,20341800
2016-10-26,118.4200,119.0300,118.0300,118.3800,110.8632,20463700
2016-10-27,118.8900,118.9900,117.6700,117.8400,110.3575,19099800
2016-10-28,117.5000,118.1100,116.7400,117.1000,109.6645,35369300
2016-10-31,117.5300,117.5300,116.9300,116.9900,109.5614,18749400
2016-11-01,117.1900,117.2100,115.1000,116.1100,108.7373,23498700
2016-11-02,116.0300,116.3000,114.8900,115.1800,107.8664,26960100
2016-11-03,114.9900,115.3700,113.9200,114.0500,106.8081,36205200
2016-11-04,113.7700,114.5400,113.4500,113.6500,106.4335,26997500
2016-11-07,115.4900,116.4700,115.3000,116.3500,108.9621,26591200
2016-11-08,116.2300,117.6400,115.9600,117.1100,109.6738,20777900
2016-11-09,115.7400,117.8400,115.6000,117.6500,110.1795,70234400
2016-11-10,118.2200,118.3800,114.2000,115.7500,108.4002,72825400
2016-11-11,115.2500,116.0500,114.8400,115.8000,108.4470,41115200
2016-11-14,115.8300,115.9400,114.0300,114.6300,107.3513,35906000
2016-11-15,115.5000,116.6200,115.3300,116.2200,108.8403,31796600
2016-11-16,115.6700,116.9900,115.6700,116.9100,109.4865,16538100
2016-11-17,116.8500,117.7800,116.6100,117.7600,110.2825,20598600
2016-11-18,117.9000,118.1000,117.2100,117.3200,109.8705,16428700
2016-11-21,117.6100,118.6500,117.5700,118.5400,111.0130,20268500
2016-11-22,119.0100,119.1900,118.6100,118.9000,111.3501,18850600
2016-11-23,118.5100,118.6400,117.9000,118.4200,110.9006,22926000
2016-11-25,118.5600,118.8500,118.4200,118.8000,111.2565,7162800
2016-11-28,118.6500,119.0800,118.4100,118.5300,111.0036,13479000
2016-11-29,118.6400,119.5100,118.3000,118.9400,111.3876,18553000
2016-11-30,119.0900,119.1300,117.4600,117.5000,110.0390,30405300
2016-12-01,117.4600,117.4700,115.2900,115.4700,108.1379,39796600
2016-12-02,115.5400,116.1600,115.2200,115.7000,108.3533,32876800
2016-12-05,116.3000,117.0600,115.7700,116.6000,109.1962,21419700
2016-12-06,116.9300,117.0800,116.3900,116.8800,109.4584,27293300
2016-12-07,116.6400,118.5100,116.2900,118.3600,110.8444,26622400
2016-12-08,118.4100,118.8700,118.1800,118.5700,111.0411,18578400
2016-12-09,119.0100,119.5400,119.0000,119.5000,111.9120,21863100
2016-12-12,118.9700,119.2100,118.4700,118.9600,111.4064,23259300
2016-12-13,119.3200,121.1100,119.3200,120.4600,112.8111,54477900
2016-12-14,120.6100,121.0000,119.8600,120.2100,112.5770,28746000
2016-12-15,120.3700,121.1100,120.0800,120.4000,112.7549,22762300
2016-12-16,120.3400,120.5800,119.3600,119.6000,112.3369,26283900
2016-12-19,119.7200,120.8300,119.5500,120.0900,112.7972,21138700
2016-12-20,120.4700,120.7700,120.3300,120.5500,113.2292,11461800
2016-12-21,120.6000,120.6800,120.1900,120.4600,113.1447,7079300
2016-12-22,120.4700,120.5000,119.6500,120.1200,112.8253,16645000
2016-12-23,119.9200,120.2500,119.8100,120.2000,112.9005,9007500
2016-12-27,120.4600,121.5200,120.4100,120.8200,113.4828,16110600
2016-12-28,121.0800,121.1900,119.8000,119.8800,112.5999,17975200
2016-12-29,119.8500,120.1300,119.3300,119.7100,112.4403,13267500
2016-12-30,119.9400,119.9500,118.1400,118.4800,111.2849,41749000
2017-01-03,119.2700,119.9900,118.8900,119.5400,112.2806,22307600
2017-01-04,119.6700,120.4100,119.6600,120.1900,112.8911,19749100
2017-01-05,120.1000,120.9500,120.1000,120.8700,113.5298,20644300
2017-01-06,121.0000,122.2500,120.6900,121.9300,114.5254,24074300
2017-01-09,122.0300,122.5500,121.9500,122.3300,114.9012,18909200
2017-01-10,122.3800,122.9700,122.1000,122.6000,115.1547,16176600
2017-01-11,122.6500,122.9300,122.0200,122.9300,115.4647,20686000
2017-01-12,122.4900,122.8200,121.6000,122.7400,115.2862,19622500
2017-01-13,122.8000,123.3700,122.8000,123.1600,115.6807,16930800
2017-01-17,122.8400,123.0300,122.4300,122.7900,115.3332,14538500
2017-01-18,122.9700,123.1600,122.6600,123.0400,115.5681,12499700
2017-01-19,123.2200,123.6500,122.7200,122.9800,115.5117,12710700
2017-01-20,123.5200,123.8300,122.9200,123.2500,115.7653,22091000
2017-01-23,123.1700,123.5300,122.5700,123.3500,115.8592,17434200
2017-01-24,123.5900,124.3700,123.3800,124.1800,116.6388,17640900
2017-01-25,124.9600,125.4600,124.8500,125.4300,117.8129,15036200
2017-01-26,125.6000,125.8200,125.3400,125.5600,117.9350,16052200
2017-01-27,125.8300,125.9200,125.3900,125.8000,118.1604,15053000
2017-01-30,125.3800,125.3800,124.1300,124.8200,117.2399,25006700
2017-01-31,124.3800,124.6000,123.8500,124.5700,117.0051,19091100
2017-02-01,125.4500,125.6800,124.8600,125.4300,117.8129,22861900
2017-02-02,125.2100,125.7000,124.8600,125.3200,117.7096,15101400
2017-02-03,125.4500,125.8100,125.3300,125.6800,118.0477,16957200
2017-02-06,125.4700,125.8500,125.3500,125.8300,118.1886,11630100
2017-02-07,126.0900,126.5500,125.9700,126.2900,118.6207,17541100
2017-02-08,126.1200,126.6800,125.8800,126.5000,118.8179,12569100
2017-02-09,126.6300,127.2400,126.5600,126.9600,119.2500,17542700
2017-02-10,127.2400,127.5600,127.0200,127.3800,119.6445,13915700
2017-02-13,127.7700,128.2600,127.7200,128.1000,120.3207,19120200
2017-02-14,128.1500,128.5400,127.7400,128.5300,120.7246,16333500
2017-02-15,128.4400,129.3500,128.3700,129.2900,121.4385,17891400
2017-02-16,129.3700,129.6300,128.9200,129.2500,121.4009,15098300
2017-02-17,129.0600,129.8200,129.0400,129.8100,121.9269,15563700
2017-02-21,130.0600,130.5300,129.9900,130.4500,122.5280,18479600
2017-02-22,130.3300,130.5900,130.1100,130.5000,122.5750,12110900
2017-02-23,130.7000,130.7000,129.4900,130.0100,122.1148,17489000
2017-02-24,129.4200,130.2600,129.3800,130.2600,122.3496,18624500
2017-02-27,130.0200,130.4300,129.8000,130.4200,122.4999,12008700
2017-02-28,130.3900,130.4500,129.6600,130.0200,122.1242,16598600
2017-03-01,130.8500,131.6800,130.6000,131.4400,123.4579,25813800
2017-03-02,131.4100,131.4300,130.6200,130.7800,122.8380,19951400
2017-03-03,130.6900,131.0600,130.3400,131.0200,123.0634,13722700
2017-03-06,130.5900,130.9500,130.2100,130.7300,122.7910,12026200
2017-03-07,130.4700,131.0800,130.2800,130.5100,122.5844,15500900
2017-03-08,130.5900,131.1500,130.4600,130.7400,122.8004,15776000
2017-03-09,130.7100,131.0200,130.1400,130.8400,122.8943,20855300
2017-03-10,131.4400,131.6000,130.8200,131.3900,123.4110,21922600
2017-03-13,131.3400,131.6400,131.2700,131.6100,123.6176,10731600
2017-03-14,131.3100,131.3600,130.7600,131.2900,123.3170,14019700
2017-03-15,131.5600,132.4100,131.1400,132.1000,124.0778,22709100
2017-03-16,132.3500,132.3500,131.7100,132.0100,123.9932,18457300
2017-03-17,131.9000,132.0400,131.6200,131.6900,123.9500,21234500
2017-03-20,131.6500,132.1100,131.4600,131.8100,124.0630,10105200
2017-03-21,132.3100,132.4300,129.7300,129.8100,122.1805,35841900
2017-03-22,129.8500,130.8200,129.6800,130.6900,123.0088,29177900
2017-03-23,130.5200,130.8800,130.1400,130.3600,122.6982,20311700
2017-03-24,130.7800,131.2900,130.1300,130.6300,122.9523,22967600
2017-03-27,129.7000,131.0700,129.4000,130.8400,123.1500,18472400
2017-03-28,130.8400,132.0300,130.5500,131.6400,123.9029,23721900
2017-03-29,131.7300,132.3000,131.5900,132.2500,124.4771,13710000
2017-03-30,132.2000,132.6100,132.0800,132.4700,124.6841,16092400
2017-03-31,132.2800,132.7400,132.1300,132.3800,124.5994,19841400
2017-04-03,132.4900,132.8100,131.5600,132.3000,124.5242,23700300
2017-04-04,131.9200,132.5300,131.8700,132.5100,124.7218,13400000
2017-04-05,132.7000,133.4800,131.7200,131.9700,124.2136,32011200
2017-04-06,132.1000,132.3900,131.7000,132.0400,124.2795,18832200
2017-04-07,132.0000,132.3700,131.5000,131.9700,124.2136,16743100
2017-04-10,132.1000,132.5700,131.6600,132.0200,124.2606,15619300
2017-04-11,131.9000,132.1000,130.5000,131.4500,123.7241,33778400
2017-04-12,131.4300,131.5400,130.7800,130.9200,123.2252,15955200
2017-04-13,130.7400,131.5100,130.3800,130.4000,122.7358,23683000
2017-04-17,130.7700,131.5000,130.7200,131.4800,123.7523,13325500
2017-04-18,131.0400,131.6600,130.9500,131.2800,123.5641,12841100
2017-04-19,131.8500,132.2900,131.3100,131.4900,123.7618,17764800
2017-04-20,132.0200,132.8800,131.8200,132.5900,124.7971,21977900
2017-04-21,132.7100,132.7600,132.2200,132.5600,124.7688,22454900
2017-04-24,134.0300,134.2900,133.8000,134.1600,126.2748,22469900
2017-04-25,134.6000,135.3700,134.4800,135.1300,127.1878,19384400
2017-04-26,135.1800,135.5100,134.8600,134.9400,127.0090,25398500
2017-04-27,135.2700,135.7500,135.1900,135.7500,127.7714,16136500
2017-04-28,136.2900,136.3400,135.7700,135.9900,127.9973,22771900
2017-05-01,136.4400,137.3800,136.3800,137.2000,129.1361,24815500
2017-05-02,137.3700,137.4900,137.0200,137.4300,129.3526,18345100
2017-05-03,137.1200,137.1700,136.6200,136.9900,128.9385,23827600
2017-05-04,136.9700,137.4300,136.5600,137.0400,128.9855,14630100
2017-05-05,137.3900,137.5400,136.8800,137.5400,129.4562,19330700
2017-05-08,137.6100,137.8400,137.3300,137.8400,129.7385,13279900
2017-05-09,138.0500,138.6300,137.9300,138.3200,130.1903,28426100
2017-05-10,138.4000,138.4500,137.9100,138.4000,130.2656,20499400
2017-05-11,138.0200,138.3300,137.3800,138.2900,130.1621,27232100
2017-05-12,138.3500,138.6300,138.2300,138.6000,130.4538,19738600
2017-05-15,138.6600,139.1200,138.5300,139.0400,130.8680,20481300
2017-05-16,139.4000,139.6400,138.9900,139.6200,131.4140,21786000
2017-05-17,138.5100,138.7700,136.0500,136.0700,128.0726,55642200
2017-05-18,136.0200,137.7200,135.8700,137.2600,129.1926,41319900
2017-05-19,137.7500,138.4200,137.6600,137.8400,129.7385,36730100
2017-05-22,138.1500,139.0700,138.1000,139.0000,130.8304,19509700
2017-05-23,139.4100,139.4200,138.7800,139.1400,130.9622,19687500
2017-05-24,139.5600,139.8500,139.1700,139.7800,131.5646,15891900
2017-05-25,140.3100,141.3300,140.0100,140.9700,132.6845,23928600
2017-05-26,141.0000,141.2800,140.8100,141.2200,132.9199,13851600
2017-05-30,141.1500,141.5100,141.0600,141.3400,133.0328,20306400
2017-05-31,141.8400,141.8400,140.5700,141.2900,132.9857,33229400
2017-06-01,141.5800,141.9000,140.9800,141.8400,133.5034,20120700
2017-06-02,142.3400,143.4900,142.1100,143.4600,135.0282,37222900
2017-06-05,143.4500,143.6800,143.2300,143.4300,135.0000,15727500
2017-06-06,143.2600,143.7300,142.6500,142.8600,134.4635,22393000
2017-06-07,143.2600,143.5400,142.6000,143.4200,134.9906,18842400
2017-06-08,143.7400,143.8000,142.7900,143.5700,135.1317,25417400
2017-06-09,143.7400,143.9000,138.1100,139.9800,131.7528,109783700
2017-06-12,138.8000,139.4800,137.4700,139.2300,131.0469,104454000
2017-06-13,140.0100,140.5600,139.2800,140.3600,132.1104,51193000
2017-06-14,140.9300,140.9300,138.6200,139.7500,131.5362,60093800
2017-06-15,138.3400,139.2800,137.4900,139.1300,130.9527,55145200
2017-06-16,138.6800,138.7800,137.6400,138.1500,130.3846,48087400
2017-06-19,139.4900,140.5900,139.2800,140.4600,132.5647,39626500
2017-06-20,140.3200,140.5000,139.3100,139.3600,131.5266,40935100
2017-06-21,139.6800,140.8100,139.5900,140.7400,132.8290,35743400
2017-06-22,140.9600,141.2200,140.3400,140.7000,132.7912,24099100
2017-06-23,140.5400,141.4200,140.1500,141.2400,133.3009,21654300
2017-06-26,142.0500,142.2900,140.2700,140.5800,132.6780,34411100
2017-06-27,140.0500,140.2200,138.0200,138.0300,130.2713,65957800
2017-06-28,138.5400,140.1400,137.7400,140.0200,132.1495,57427200
2017-06-29,139.4400,139.4400,136.2500,137.5900,129.8560,88769400
2017-06-30,137.9800,138.6700,137.1900,137.6400,129.9032,68898300
2017-07-03,138.2700,138.4300,136.1000,136.1900,128.5347,32797000
2017-07-05,136.6200,137.9000,136.1600,137.5300,129.7994,42116600
2017-07-06,136.4800,137.0600,135.8000,136.2900,128.6291,48430500
2017-07-07,136.7500,138.1300,136.7400,137.7600,130.0165,36970400
2017-07-10,137.8500,138.9900,137.5000,138.6600,130.8659,24853500
2017-07-11,138.4600,139.2200,137.9400,139.0500,131.2340,31517700
2017-07-12,140.2400,140.8600,139.9600,140.7000,132.7912,36045800
2017-07-13,140.8700,141.3500,140.6000,141.0100,133.0838,31073600
2017-07-14,141.6400,142.3000,141.1900,142.1200,134.1315,34544800
2017-07-17,142.2700,142.6900,141.9200,142.1900,134.1975,25343200
2017-07-18,142.0900,143.1700,141.6400,143.1400,135.0941,25748500
2017-07-19,143.5600,144.1900,143.5000,143.9800,135.8869,33752300
2017-07-20,144.3500,144.4400,143.5200,144.1700,136.0661,36139400
2017-07-21,143.6400,144.1100,143.3500,144.1100,136.0096,39697100
2017-07-24,144.0900,144.8700,143.9200,144.7700,136.6324,26712700
2017-07-25,144.2900,144.7400,144.0100,144.4000,136.2833,28120900
2017-07-26,144.7600,144.9500,144.5300,144.8700,136.7268,18610600
2017-07-27,145.8200,145.9600,142.3000,143.9600,135.8679,80665900
2017-07-28,143.1000,144.0800,142.8700,143.8400,135.7547,38013200
2017-07-31,144.2500,144.4300,142.9200,143.2300,135.1790,33848600
2017-08-01,143.7200,143.7600,143.1200,143.5600,135.4904,20149400
2017-08-02,144.4900,144.5200,142.6100,143.9500,135.8585,41769700
2017-08-03,144.0900,144.1700,143.1300,143.3900,135.3300,27112800
2017-08-04,143.7100,143.9700,143.0600,143.6500,135.5754,29472900
2017-08-07,143.9100,144.5600,143.7100,144.5600,136.4342,17933900
2017-08-08,144.2800,145.4700,143.9000,144.3100,136.1983,30810400
2017-08-09,143.1200,144.1900,142.7900,144.1200,136.0190,36169500
2017-08-10,143.3000,143.4000,140.8900,141.0300,133.1027,63331700
2017-08-11,141.2200,142.4100,140.9000,142.1000,134.1125,45862500
2017-08-14,143.2300,144.1500,143.1900,143.9300,135.8396,34161000
2017-08-15,144.2900,144.3000,143.6400,144.0300,135.9340,25509200
2017-08-16,144.3900,144.9600,143.8000,144.2800,136.1700,31913000
2017-08-17,143.7200,143.9400,141.3300,141.3300,133.3858,70191000
2017-08-18,141.4100,142.2000,140.6500,141.2300,133.2914,60751900
2017-08-21,141.2200,141.5300,140.1800,141.0500,133.1215,37111500
2017-08-22,141.8100,143.3500,141.7600,143.2000,135.1508,36294200
2017-08-23,142.4800,143.0100,142.3800,142.6900,134.6694,25702300
2017-08-24,143.0100,143.1700,141.4700,142.2700,134.2730,38160800
2017-08-25,142.8200,143.1800,141.7800,141.9700,133.9899,26380400
2017-08-28,142.4000,142.7400,141.9500,142.4100,134.4052,15362100
2017-08-29,141.1900,143.2100,141.0600,142.9700,134.9336,24498300
2017-08-30,143.0900,144.8900,143.0000,144.6500,136.5192,33642700
2017-08-31,145.0600,146.2100,144.9800,146.2000,137.9821,38480700
2017-09-01,146.3900,146.5900,145.6100,146.0000,137.7933,22293600
2017-09-05,145.5700,145.8800,143.6000,144.6900,136.5569,44794300
2017-09-06,145.0600,145.4600,144.0800,145.1300,136.9722,30722700
2017-09-07,145.4000,145.8400,144.9400,145.4700,137.2931,22721100
2017-09-08,145.2800,145.3500,144.0600,144.2100,136.1039,27890100
2017-09-11,145.3400,146.1200,145.3000,145.8700,137.6706,27126300
2017-09-12,146.2800,146.4100,145.5300,146.2200,138.0009,30256700
2017-09-13,145.9700,146.4400,145.7300,146.4200,138.1897,28450900
2017-09-14,145.8500,146.2900,145.4700,145.5600,137.3781,35296400
2017-09-15,145.5300,146.5900,145.2900,146.0600,137.8499,46422400
2017-09-18,145.9100,146.3700,145.1100,145.5500,137.6693,24858200
2017-09-19,145.8100,146.0100,145.3100,145.8000,137.9057,20871200
2017-09-20,145.7500,145.9100,144.2300,145.3500,137.4801,34236200
2017-09-21,145.2500,145.2600,143.9500,144.4600,136.6383,28841800
2017-09-22,144.0000,144.5300,143.8500,144.3200,136.5059,21702400
2017-09-25,143.7500,143.8300,142.1000,142.8000,135.0681,54947700
2017-09-26,143.5300,143.8000,142.6700,143.1700,135.4181,29628800
2017-09-27,143.9300,145.0000,143.5700,144.4600,136.6383,33249400
2017-09-28,144.1100,144.5600,143.7800,144.4100,136.5910,24149400
2017-09-29,144.7000,145.5600,144.3200,145.4500,137.5747,43102400
2017-10-02,145.6700,146.1700,144.9300,145.5800,137.6977,27351300
2017-10-03,145.7700,146.0600,145.4500,145.8900,137.9909,19715200
2017-10-04,145.6100,146.3400,145.4700,146.0300,138.1233,26381100
2017-10-05,146.5600,147.5400,146.4100,147.4600,139.4759,31562400
2017-10-06,146.9600,147.6600,146.9600,147.6600,139.6651,23561100
2017-10-09,147.8500,148.0100,147.3000,147.4900,139.5042,13704800
2017-10-10,147.9900,148.1400,146.9500,147.6000,139.6083,19223100
2017-10-11,147.5300,148.0700,147.3400,148.0400,140.0245,12439100
2017-10-12,147.8200,148.3500,147.6200,147.7700,139.7691,14513500
2017-10-13,148.3700,148.5100,147.7800,148.3400,140.3082,18409900
2017-10-16,148.7100,148.8900,148.3900,148.8500,140.7906,21809400
2017-10-17,148.8000,149.0600,148.5700,149.0400,140.9703,13138200
2017-10-18,149.1900,149.2100,148.6400,148.8600,140.8001,17218200
2017-10-19,147.9900,148.3300,147.2700,148.3100,140.2798,27680300
2017-10-20,148.9100,149.0400,148.5300,148.7100,140.6582,30173300
2017-10-23,149.0200,149.0300,147.5300,147.7400,139.7407,29297100
2017-10-24,148.0300,148.3000,147.4400,147.9900,139.9771,20289500
2017-10-25,147.7000,148.1800,146.3300,147.4300,139.4475,36179100
2017-10-26,147.3400,147.7100,146.9200,146.9600,139.0030,28230200
2017-10-27,149.4300,151.5200,149.2000,151.2400,143.0512,60165100
2017-10-30,151.1300,152.1900,150.9900,151.5800,143.3728,31733400
2017-10-31,152.0700,152.3700,151.6300,152.1500,143.9119,26319300
2017-11-01,152.7600,152.8300,151.5000,152.1000,143.8646,29481600
2017-11-02,151.9300,151.9900,150.7700,151.8100,143.5903,31017400
2017-11-03,152.3600,153.2900,151.8400,153.2700,144.9713,26199200
2017-11-06,153.1500,153.8500,153.1000,153.7900,145.4631,28693900
2017-11-07,153.6700,154.0800,153.3400,153.8800,145.5483,21333100
2017-11-08,153.8000,154.5400,153.6200,154.5000,146.1347,17373500
2017-11-09,153.2300,153.7700,152.1100,153.6900,145.3685,40594500
2017-11-10,153.3300,153.8000,153.0600,153.6800,145.3591,20150800
2017-11-13,153.1000,154.0700,153.1000,153.8700,145.5388,12522400
2017-11-14,153.3300,153.5000,152.5700,153.3100,145.0091,25173800
2017-11-15,152.6500,153.0000,151.7800,152.5900,144.3281,24808000
2017-11-16,153.3600,154.8900,153.3300,154.5400,146.1725,34790600
2017-11-17,154.5800,154.6900,153.8000,153.9500,145.6144,28725800
2017-11-20,154.0600,154.2000,153.6100,153.8300,145.5010,21143900
2017-11-21,154.5600,155.5700,154.4900,155.5000,147.0806,20147800
2017-11-22,155.6400,155.8400,155.3400,155.6900,147.2603,17299000
2017-11-24,155.8500,156.3100,155.7600,156.2600,147.7994,8280600
2017-11-27,156.2100,156.5600,155.8300,156.1900,147.7332,22653400
2017-11-28,156.5400,156.6900,155.7000,156.5900,148.1115,25227300
2017-11-29,156.4100,156.4500,153.1200,153.8600,145.5293,71986300
2017-11-30,154.5100,155.4500,154.1500,155.1500,146.7495,56595500
2017-12-01,154.2000,155.2400,152.2600,154.4900,146.1252,59015800
2017-12-04,155.4600,155.6300,152.5600,152.7100,144.4416,51319100
2017-12-05,152.6800,154.5500,152.1000,152.8100,144.5362,40604200
2017-12-06,152.2400,153.7400,152.0600,153.5000,145.1888,28647800
2017-12-07,153.4900,154.4600,153.3300,154.0200,145.6807,32666200
2017-12-08,155.1500,155.5300,154.4600,154.7000,146.3238,28081700
2017-12-11,154.7700,155.9500,154.7600,155.9000,147.4589,20821500
2017-12-12,155.8300,156.1500,155.3600,155.6900,147.2603,20310300
2017-12-13,156.3200,156.4900,155.7600,155.9900,147.5440,24418500
2017-12-14,156.2600,156.6600,155.7100,155.8800,147.4399,24594700
2017-12-15,156.4900,157.8200,156.2300,157.6500,149.1141,49816200
2017-12-18,158.3600,158.7700,158.0700,158.6400,150.3643,26844500
2017-12-19,158.3400,158.5000,157.2600,157.7000,149.4733,31415000
2017-12-20,158.2500,158.2800,156.9100,157.5300,149.3122,38972600
2017-12-21,157.7500,158.2500,157.3700,157.5500,149.3312,18638700
2017-12-22,157.3100,157.4300,156.9500,157.3700,149.1606,23330400
2017-12-26,156.4900,156.7200,155.9500,156.5200,148.3549,21918700
2017-12-27,156.5300,156.9600,156.3900,156.5400,148.3739,22388200
2017-12-28,157.0400,157.0700,156.5400,156.7300,148.5540,25393800
2017-12-29,156.8700,156.9000,155.7000,155.7600,147.6346,33186000
2018-01-02,156.5600,158.5300,156.1700,158.4900,150.2221,32573300
2018-01-03,158.6400,160.1700,158.6100,160.0300,151.6819,29383600
2018-01-04,160.5800,160.7900,160.0800,160.3100,151.9472,24776100
2018-01-05,161.0700,162.0300,160.7700,161.9200,153.4732,26992300
2018-01-08,161.9200,162.6300,161.8600,162.5500,154.0704,23159100
2018-01-09,162.8700,163.0400,162.0700,162.5600,154.0799,24782400
2018-01-10,161.8400,162.2100,161.1200,162.1800,153.7197,34004000
2018-01-11,162.4600,163.3000,162.2100,163.2900,154.7717,20473500
2018-01-12,163.1500,164.6600,162.9400,164.4900,155.9092,37762700
2018-01-16,165.5800,166.4200,163.5300,164.0200,155.4637,41231800
2018-01-17,164.8000,166.0400,164.0000,165.7900,157.1413,33849900
2018-01-18,165.5300,166.2000,165.1400,165.8200,157.1698,26432200
2018-01-19,166.3100,166.6100,165.5400,166.3400,157.6626,38937600
2018-01-22,166.2800,168.1200,166.0900,168.1200,159.3498,26081400
2018-01-23,168.6400,169.6600,168.5600,169.5100,160.6673,37989700
2018-01-24,169.8700,170.2400,167.4400,168.4100,159.6247,54287400
2018-01-25,169.5700,169.6300,167.8100,168.3500,159.5678,28925000
2018-01-26,169.2900,170.9500,168.9600,170.9300,162.0132,32038200
2018-01-29,170.5700,170.9100,169.7400,170.1000,161.2265,37277800
2018-01-30,168.5500,169.4200,167.8200,168.7000,159.8996,44987700
2018-01-31,169.6500,169.9900,168.3400,169.4000,160.5630,42449200
2018-02-01,168.1000,169.7300,167.4200,167.9600,159.1981,38037900
2018-02-02,167.3000,167.7000,164.4700,164.6100,156.0229,68478100
2018-02-05,163.0700,165.7500,158.0000,158.1200,149.8715,105372200
2018-02-06,155.8100,162.5100,155.1000,162.3100,153.8428,118537900
2018-02-07,161.7900,163.5500,160.2000,160.2100,151.8524,91028300
2018-02-08,160.6200,160.8000,153.4500,153.4500,145.4451,94184800
2018-02-09,155.6200,157.2400,150.1300,156.1000,147.9568,113836600
2018-02-12,157.7000,159.9500,156.4600,158.8700,150.5823,63050600
2018-02-13,157.9600,160.0100,157.7200,159.6900,151.3595,31785600
2018-02-14,158.7500,162.9300,158.0000,162.6800,154.1936,52107400
2018-02-15,164.1400,165.7000,162.4400,165.7000,157.0560,51633900
2018-02-16,165.1600,166.7600,164.6800,164.9600,156.3546,62256300
2018-02-20,164.3800,166.6800,164.3100,165.2900,156.6674,36785600
2018-02-21,166.1000,167.7200,164.7200,164.8200,156.2220,41161800
2018-02-22,165.5400,166.4200,164.3800,164.8000,156.2030,37074400
2018-02-23,166.1300,168.1700,165.4500,168.1700,159.3972,50096900
2018-02-26,168.9600,170.4000,168.8200,170.4000,161.5108,39266700
2018-02-27,170.4500,170.7300,168.2100,168.2900,159.5109,42209900
2018-02-28,169.2500,169.8000,167.1000,167.2100,158.4873,42936300
2018-03-01,167.3000,168.0700,163.0000,164.4800,155.8997,76809900
2018-03-02,162.5000,166.2800,161.9600,165.9900,157.3309,57445100
2018-03-05,165.2100,168.2600,164.5900,167.8300,159.0749,38540200
2018-03-06,168.6500,169.1100,167.4800,168.5400,159.7479,29480900
2018-03-07,167.2500,169.0700,166.9600,168.9300,160.1175,34609400
2018-03-08,169.6300,169.9800,168.9500,169.8600,160.9990,25828400
2018-03-09,171.0700,173.1600,170.8200,173.1600,164.1269,38310500
2018-03-12,173.6700,174.4800,173.2800,174.0800,164.9989,37635000
2018-03-13,174.4800,175.2100,171.2700,171.7100,162.7525,55638900
2018-03-14,172.6100,172.7400,170.9300,171.6800,162.7240,40536400
2018-03-15,171.8000,172.5300,170.9000,171.5300,162.5819,28810400
2018-03-16,171.8200,172.2000,170.9400,171.0200,162.0985,31176700
2018-03-19,169.1000,169.2200,165.6400,167.1000,158.6399,71395100
2018-03-20,167.1700,168.0400,166.6100,167.6500,159.1621,34075700
2018-03-21,167.2100,168.7600,166.1900,166.9200,158.4691,43863500
2018-03-22,164.6100,165.7700,162.5900,162.8000,154.5577,66607300
2018-03-23,162.6100,163.3000,158.4300,158.5100,150.4849,80110400
2018-03-26,161.7200,164.6000,159.1600,164.4000,156.0766,57481500
2018-03-27,165.6200,165.6200,157.6800,159.0800,151.0260,78889100
2018-03-28,158.1700,159.7800,156.0400,157.2500,149.2886,89369700
2018-03-29,158.1000,161.7100,156.6300,160.1300,152.0228,68692600
2018-04-02,158.9900,159.7400,153.8800,155.5100,147.6367,85549400
2018-04-03,156.8700,157.9200,154.4400,157.2600,149.2981,64090000
2018-04-04,154.2200,160.2300,154.0400,159.7400,151.6526,65768700
2018-04-05,161.3300,161.5800,159.4800,160.6500,152.5165,43054900
2018-04-06,158.8800,160.4600,155.8800,156.6300,148.7000,59870900
2018-04-09,157.9800,160.8800,157.4600,157.7300,149.7444,41810400
2018-04-10,160.2100,161.7300,159.0700,161.2100,153.0482,48296800
2018-04-11,160.2000,162.0000,160.1000,160.2800,152.1652,41622100
2018-04-12,161.2500,162.7700,161.1600,162.2100,153.9975,30467900
2018-04-13,163.0200,163.2600,160.6700,161.3700,153.2000,44604900
2018-04-16,162.5000,163.1900,161.4800,162.6000,154.3678,28180800
2018-04-17,164.2400,166.4600,163.9100,166.1000,157.6906,35536100
2018-04-18,166.1000,167.0000,165.3100,166.4400,158.0134,29573900
2018-04-19,165.6000,165.9900,164.3400,164.9100,156.5608,34705700
2018-04-20,164.4900,164.6100,161.7300,162.3000,154.0829,49197100
2018-04-23,163.0900,163.7300,161.0200,161.8900,153.6937,33040600
2018-04-24,162.6600,162.9100,157.3900,158.4600,150.4374,70256800
2018-04-25,158.7400,159.3100,156.4700,158.6500,150.6178,52089300
2018-04-26,160.7000,162.5300,160.1800,161.9900,153.7887,43005500
2018-04-27,164.3700,164.4100,161.1700,162.0900,153.8835,51043400
2018-04-30,162.4700,163.4800,160.5400,160.9400,152.7918,35615300
2018-05-01,160.5200,162.8000,160.1400,162.7800,154.5387,36513500
2018-05-02,163.0600,163.5700,161.6300,161.8200,153.6273,38646800
2018-05-03,161.0000,162.4000,159.2200,161.8000,153.6083,60337100
2018-05-04,161.1000,165.2500,160.9800,164.8700,156.5229,41543200
2018-05-07,165.6400,166.7800,165.5100,166.2400,157.8234,32500200
2018-05-08,165.8900,166.4300,164.8600,166.0700,157.6621,26040200
2018-05-09,166.3700,168.0000,165.7800,167.8800,159.3805,29122700
2018-05-10,168.4200,169.7400,168.2900,169.6200,161.0324,27067600
2018-05-11,169.4200,169.8600,168.7200,169.4600,160.8804,24688800
2018-05-14,169.8500,170.8200,169.4700,169.7500,161.1558,21821700
2018-05-15,168.4100,168.5000,166.9800,167.8700,159.3709,49361600
2018-05-16,168.0900,169.3700,168.0100,168.9800,160.4248,22941200
2018-05-17,168.3900,169.6100,167.5100,168.3300,159.8076,27480200
2018-05-18,167.6800,168.2600,167.2100,167.4600,158.9817,26217900
2018-05-21,168.7600,169.5000,167.6800,168.4000,159.8742,22954600
2018-05-22,169.1700,169.4500,167.8800,168.1800,159.6653,19477700
2018-05-23,166.9000,169.6200,166.8800,169.6000,161.0134,26557800
2018-05-24,169.5500,169.8500,167.8400,169.5500,160.9659,27696500
2018-05-25,169.5300,170.3300,169.2100,169.7200,161.1273,27460500
2018-05-29,168.9500,169.9200,167.9600,168.9700,160.4153,41220500
2018-05-30,169.5800,170.4800,169.2200,170.1800,161.5640,22665800
2018-05-31,170.1800,171.2000,169.6300,170.0700,161.4596,35670900
2018-06-01,170.9200,172.8400,170.8700,172.7400,163.9944,45543300
2018-06-04,173.1800,174.3400,173.0700,174.3000,165.4754,20459600
2018-06-05,174.7100,175.1300,174.0700,174.8400,165.9881,24779300
2018-06-06,175.0200,175.8900,174.1400,175.8600,166.9564,25036600
2018-06-07,175.8900,175.9300,173.5500,174.4300,165.5988,39600300
2018-06-08,173.6100,174.8800,173.1800,174.4400,165.6084,31780300
2018-06-11,174.3100,175.3400,174.2800,174.9100,166.0545,22319700
2018-06-12,175.1500,176.0000,174.9600,175.8300,166.9279,22511800
2018-06-13,176.1000,177.1400,175.4300,175.8200,166.9184,37858600
2018-06-14,176.6300,177.8900,176.5000,177.6000,168.6084,35916000
2018-06-15,176.9300,177.3300,176.1100,176.9800,168.0197,49615700
2018-06-18,175.4900,176.6500,174.9400,176.5000,167.9227,31633200
2018-06-19,174.2700,176.0400,173.7100,176.0000,167.4470,38236000
2018-06-20,176.8100,177.9800,176.6500,177.2500,168.6362,33038000
2018-06-21,177.7000,177.8800,175.3700,175.7100,167.1710,43469400
2018-06-22,176.3000,176.3700,174.6900,175.3200,166.8000,30073200
2018-06-25,173.7300,173.9900,169.8100,171.3700,163.0420,77799700
2018-06-26,172.0000,173.0600,171.3700,172.0700,163.7080,39008100
2018-06-27,172.8000,173.5800,169.6100,169.7300,161.4817,52843500
2018-06-28,169.5200,171.7700,169.1700,171.1900,162.8707,46407700
2018-06-29,172.0100,172.9200,171.4000,171.6500,163.3084,36408500
2018-07-02,170.0400,172.8500,169.6700,172.8000,164.4025,31770000
2018-07-03,173.4500,173.4500,170.6300,170.8000,162.4997,25512700
2018-07-05,171.9100,173.0600,171.0300,172.9200,164.5167,31626200
2018-07-06,173.3200,175.7400,173.0000,175.6100,167.0759,37005600
2018-07-09,176.5200,177.2300,175.8200,177.1900,168.5791,27362100
2018-07-10,177.5200,177.7200,176.7100,177.3200,168.7029,23902500
2018-07-11,175.9300,177.0700,175.8000,176.4200,167.8465,30280600
2018-07-12,177.2000,179.4600,177.0800,179.4600,170.7389,27930100
2018-07-13,179.4500,179.9000,178.9500,179.6100,170.8815,28049800
2018-07-16,179.6500,179.9500,178.8800,179.1800,170.4724,21405300
2018-07-17,177.2800,180.6500,177.2800,180.2700,171.5095,31034100
2018-07-18,180.2900,180.4400,179.3800,179.9300,171.1860,23220800
2018-07-19,179.2800,179.8800,178.8200,179.0300,170.3298,31094100
2018-07-20,179.5700,180.1700,178.7900,178.9900,170.2917,35897300
2018-07-23,178.4600,179.6400,177.7400,179.5600,170.8340,22184700
2018-07-24,181.4100,182.0500,179.5600,180.3000,171.5380,36900300
2018-07-25,180.3800,182.9300,180.2900,182.8200,173.9356,35026600
2018-07-26,180.3400,180.9200,179.8100,180.0500,171.3001,40873500
2018-07-27,181.1900,181.3100,176.6000,177.6200,168.9883,59456100
2018-07-30,177.6300,177.7300,174.2700,175.1100,166.6002,60193000
2018-07-31,175.8000,177.1300,174.8200,176.4500,167.8752,47285100
2018-08-01,176.8600,177.6500,176.1000,177.1200,168.5125,37101900
2018-08-02,175.8700,179.7400,175.7900,179.5300,170.8054,47178200
2018-08-03,179.8700,180.0900,179.0800,180.0800,171.3287,28934400
2018-08-06,179.9600,181.1900,179.7400,181.1400,172.3372,24808800
2018-08-07,181.6500,182.1400,181.2600,181.8000,172.9651,29895700
2018-08-08,181.5500,182.3500,181.0600,182.0200,173.1744,22680700
2018-08-09,181.9100,182.6300,181.6400,181.9100,173.0697,18852900
2018-08-10,180.6800,181.2200,179.8400,180.5200,171.7474,33818500
2018-08-13,180.8500,182.0100,180.2400,180.3200,171.5570,26089200
2018-08-14,181.0100,181.6600,180.0400,181.4500,172.6321,20913000
2018-08-15,180.0100,180.5800,178.1200,179.2300,170.5200,58528000
2018-08-16,180.6100,180.9900,179.4700,179.8200,171.0814,27711800
2018-08-17,179.3500,180.3100,178.2700,179.8600,171.1194,36092600
2018-08-20,180.2600,180.3300,179.0000,179.7000,170.9672,24939000
2018-08-21,180.2400,181.4400,180.1300,180.3600,171.5951,26258700
2018-08-22,179.9800,181.2700,179.7500,181.0600,172.2611,18042400
2018-08-23,180.7400,182.0500,180.5000,180.8000,172.0137,25776200
2018-08-24,181.4000,182.6300,181.3600,182.4800,173.6120,23136100
2018-08-27,183.4000,184.3400,183.1100,184.3400,175.3817,29343600
2018-08-28,184.8300,185.0200,184.2200,184.6100,175.6386,20277000
2018-08-29,184.9300,186.8400,184.8600,186.7400,177.6651,29175600
2018-08-30,186.3800,187.5200,185.7900,186.4100,177.3511,29315500
2018-08-31,186.1800,187.1800,185.9800,186.6500,177.5794,28653200
2018-09-04,186.0800,186.4000,184.8500,185.8500,176.8183,29063500
2018-09-05,185.5200,185.5500,182.8200,183.4500,174.5349,42623300
2018-09-06,183.5300,183.7500,180.5800,181.8100,172.9746,46091400
2018-09-07,180.5000,182.6700,180.4400,181.1100,172.3086,46629500
2018-09-10,182.1500,182.2500,180.7300,181.7200,172.8890,26132000
2018-09-11,180.9900,183.4200,180.5200,183.1200,174.2209,30116500
2018-09-12,182.8500,182.9800,181.0100,182.5800,173.7072,36204000
2018-09-13,183.7200,184.8800,183.6400,184.5300,175.5624,31133200
2018-09-14,184.6600,184.9500,183.2600,183.9900,175.0487,31224100
2018-09-17,183.6800,183.8100,181.1700,181.3400,172.5275,33071200
2018-09-18,181.4900,183.7300,181.4000,182.8400,173.9545,31877300
2018-09-19,182.8700,183.3000,181.5100,182.7000,173.8214,31843400
2018-09-20,183.9600,184.9700,183.5200,184.7200,175.7432,33295800
2018-09-21,185.2200,185.4800,183.4800,183.7100,174.7823,38605400
2018-09-24,182.0500,183.9600,181.3000,183.8900,175.2684,34945600
2018-09-25,183.8100,184.2800,183.1800,184.1400,175.5067,25277500
2018-09-26,184.3000,185.9900,183.9100,184.2700,175.6306,36210600
2018-09-27,185.0200,186.4900,184.9200,185.8300,177.1174,33113300
2018-09-28,185.3100,186.2800,184.9700,185.7900,177.0793,28076800
2018-10-01,186.8700,187.5300,185.7000,186.1700,177.4415,27371300
2018-10-02,186.0100,187.1800,185.3200,185.7500,177.0412,25618600
2018-10-03,186.5300,186.9700,185.6600,185.9500,177.2318,29128700
2018-10-04,185.2000,185.3200,181.0600,182.3800,173.8292,80557300
2018-10-05,182.3600,182.9700,178.4300,180.1500,171.7037,83325600
2018-10-08,179.5200,180.6400,176.9300,179.0500,170.6553,66864500
2018-10-09,179.1800,181.0200,178.7500,179.6300,171.2081,49097900
2018-10-10,178.5100,178.6200,171.5000,171.7300,163.6785,114471100
2018-10-11,171.0200,173.4000,167.8100,169.6000,161.6484,143084500
2018-10-12,174.1700,174.8600,170.9300,174.3200,166.1471,102078400
2018-10-15,173.7100,174.0400,171.5600,172.2100,164.1360,64885300
2018-10-16,174.0200,177.6500,173.7000,177.2200,168.9111,71979700
2018-10-17,178.0800,178.2600,175.4700,177.2900,168.9778,66987600
2018-10-18,176.6200,176.6800,172.4400,173.1800,165.0605,82486200
2018-10-19,174.5800,176.0700,172.3900,173.0200,164.9080,82923700
2018-10-22,174.0600,175.2500,172.5900,173.9100,165.7563,52909300
2018-10-23,170.6400,174.1300,168.8200,173.2700,165.1463,77567000
2018-10-24,173.0700,173.3600,165.0400,165.3400,157.5881,102997400
2018-10-25,167.9100,172.0800,167.1600,171.0600,163.0399,83481100
2018-10-26,165.2000,169.9600,164.2300,166.6600,158.8462,130970900
2018-10-29,169.2100,169.8600,160.0900,163.2300,155.5770,111871900
2018-10-30,162.7500,166.0400,162.0100,165.9200,158.1409,92584000
2018-10-31,168.6200,171.2500,168.5400,169.8200,161.8581,73828600
2018-11-01,170.0700,172.2400,168.7800,172.0600,163.9930,52706800
2018-11-02,171.5300,172.5500,168.2200,169.3800,161.4387,75966800
2018-11-05,169.6000,169.6600,167.0800,168.9600,161.0384,39573500
2018-11-06,168.9700,171.1900,168.7200,170.2400,162.2584,34410400
2018-11-07,172.2800,175.5800,171.8700,175.5800,167.3480,51169600
2018-11-08,174.7600,175.3000,173.6300,174.4600,166.2805,40296500
2018-11-09,172.8300,173.2500,170.1600,171.5200,163.4783,50602700
2018-11-12,170.3200,170.6400,166.1800,166.3300,158.5317,62578400
2018-11-13,167.1100,169.4800,166.0000,166.4700,158.6651,64128100
2018-11-14,168.1200,168.7000,164.2500,165.2000,157.4547,75270700
2018-11-15,164.9000,168.5400,163.4600,168.0900,160.2092,73254300
2018-11-16,166.4500,168.3100,165.7800,167.5000,159.6469,65390700
2018-11-19,166.7000,166.9000,161.5400,162.0600,154.4619,67280500
2018-11-20,158.3700,161.3800,157.1300,159.1600,151.6979,102652800
2018-11-21,161.3500,161.9700,159.2300,160.3700,152.8511,42965800
2018-11-23,159.0900,160.8400,159.0900,159.2100,151.7455,23503700
2018-11-26,161.4400,162.9700,160.7600,162.8900,155.2530,42012600
2018-11-27,162.0000,163.8500,161.1800,163.4400,155.7771,36608100
2018-11-28,164.6200,168.7000,163.4700,168.7000,160.7906,70141000
2018-11-29,167.9900,169.2600,166.8200,168.1500,160.2664,44885700
2018-11-30,168.3800,169.4700,167.5400,169.3700,161.4291,36722800
2018-12-03,173.1100,173.3100,169.5100,172.3300,164.2504,50771700
2018-12-04,171.4300,171.9100,165.5200,165.7200,157.9503,70594700
2018-12-06,162.3800,166.9100,161.7700,166.8900,159.0654,71715500
2018-12-07,166.1600,167.1200,160.8600,161.3800,153.8138,80432200
2018-12-10,161.0800,163.7800,159.4100,163.0700,155.4245,73960800
2018-12-11,165.7300,165.7700,162.2300,163.6100,155.9392,59058300
2018-12-12,166.0000,167.6000,164.9600,165.0500,157.3117,53780000
2018-12-13,166.1300,166.8200,164.0300,165.1000,157.3594,46378500
2018-12-14,163.2100,163.8100,160.7000,161.0800,153.5278,56547400
2018-12-17,160.3900,161.6700,156.1700,157.4300,150.0490,74834100
2018-12-18,158.6500,159.9500,157.0400,158.4200,150.9925,63642100
2018-12-19,158.1800,160.7200,153.3400,154.5300,147.2849,81856500
2018-12-20,154.1500,155.8700,150.3900,152.2900,145.1499,99002100
2018-12-21,153.0500,154.0900,146.7200,147.5700,140.6513,141129400
2018-12-24,146.0800,147.9800,143.4600,143.5000,137.1634,56163300
2018-12-26,145.0800,152.5400,144.0900,152.4600,145.7277,98982100
2018-12-27,150.3700,153.1800,147.0800,153.0500,146.2917,85824300
2018-12-28,154.1500,155.5900,151.7200,152.9700,146.2152,77856600
2018-12-31,154.4700,154.9800,152.7100,154.2600,147.4482,53015300
2019-01-02,150.9900,155.7500,150.8800,154.8800,148.0409,58576700
2019-01-03,152.6000,153.2600,149.4900,149.8200,143.2043,74820200
2019-01-04,152.3400,157.0000,151.7400,156.2300,149.3312,74709300
2019-01-07,156.6200,158.8600,156.1100,158.0900,151.1091,52059300
2019-01-08,159.5400,160.1100,157.2000,159.5200,152.4760,49388700
2019-01-09,160.1400,161.5200,159.4700,160.8200,153.7185,46491700
2019-01-10,159.6000,161.3700,158.7000,161.2800,154.1582,38943400
2019-01-11,160.3300,160.8600,159.7900,160.6900,153.5943,30176600
2019-01-14,159.3300,159.9600,158.5900,159.2700,152.2370,30710200
2019-01-15,160.0000,162.6000,159.9100,162.3800,155.2097,40874200
2019-01-16,162.6500,163.7800,162.2900,162.3500,155.1810,33812200
2019-01-17,161.8300,164.3600,161.5700,163.6300,156.4044,39329000
2019-01-18,164.7800,166.0200,163.8200,165.2500,157.9530,57183200
2019-01-22,164.0600,164.1400,160.7600,161.9400,154.7891,56711700
2019-01-23,162.7700,163.5100,160.3200,162.1500,154.9898,38106100
2019-01-24,162.6800,163.4400,162.0600,163.2000,155.9935,32417800
2019-01-25,164.5100,165.6500,163.9500,165.1500,157.8574,36515900
2019-01-28,163.0200,163.1200,161.7500,163.1100,155.9074,33491200
2019-01-29,163.2000,163.2400,160.9900,161.5700,154.4355,30784200
2019-01-30,163.4000,166.2800,162.8900,165.6800,158.3640,41346500
2019-01-31,166.7000,168.9900,166.4700,168.1600,160.7344,37258400
2019-02-01,167.3300,168.6000,166.9900,167.4500,160.0558,32143700
2019-02-04,167.4800,169.5300,167.3300,169.5300,162.0440,26718800
2019-02-05,169.7600,171.2300,169.6900,171.0300,163.4777,28156400
2019-02-06,171.0700,171.3700,169.7500,170.5200,162.9902,27970000
2019-02-07,169.0300,169.4500,166.9500,168.2300,160.8014,42036200
2019-02-08,166.7600,168.5900,166.5700,168.5600,161.1168,29020700
2019-02-11,169.1700,169.5800,167.9800,168.4000,160.9639,21434100
2019-02-12,169.6300,171.1400,169.3300,170.8900,163.3439,29722100
2019-02-13,171.6500,172.1600,170.8200,171.0100,163.4586,26094100
2019-02-14,170.4000,171.8300,169.8300,171.2200,163.6593,30326800
2019-02-15,172.5200,172.5600,171.1400,171.9400,164.3476,32521700
2019-02-19,171.4100,172.8000,171.3800,172.2800,164.6725,19487700
2019-02-20,172.4000,173.0800,171.3200,172.2500,164.6438,32593000
2019-02-21,171.7900,172.2600,170.7100,171.6200,164.0416,25207400
2019-02-22,171.9900,173.0100,171.9000,172.8900,165.2555,27735400
2019-02-25,174.2100,174.6600,173.4000,173.5200,165.8578,32608800
2019-02-26,173.1000,174.2500,172.8100,173.7000,166.0298,21939700
2019-02-27,172.9000,173.8000,171.7600,173.5900,165.9247,25162000
2019-02-28,173.0500,173.8100,172.7000,173.1900,165.5423,25085500
2019-03-01,174.4400,174.6500,173.1800,174.3900,166.6893,31431200
2019-03-04,175.5400,175.7900,172.4700,174.4200,166.7180,38063500
2019-03-05,174.5500,175.0900,173.6900,174.5500,166.8422,22319900
2019-03-06,174.7200,174.7500,173.2800,173.5600,165.8960,27194600
2019-03-07,173.1200,173.1800,170.7900,171.4300,163.8600,39407400
2019-03-08,169.5100,171.2600,169.3400,171.1700,163.6115,39303200
2019-03-11,171.8800,174.8500,171.8500,174.7300,167.0143,30518400
2019-03-12,175.1900,176.1400,174.7700,175.6900,167.9319,33953500
2019-03-13,176.6000,177.9300,176.3500,177.0100,169.1936,42426100
2019-03-14,177.1300,177.3400,176.6600,176.7100,168.9069,23751500
2019-03-15,177.4000,178.8800,177.2800,178.3500,170.4744,38192000
2019-03-18,177.9500,178.9900,177.5900,178.4500,170.8805,32935100
2019-03-19,179.1800,180.0000,178.2900,179.0500,171.4550,36893300
2019-03-20,179.0600,180.8600,178.2400,179.7600,172.1349,50105000
2019-03-21,179.2200,182.8300,179.2000,182.5700,174.8257,42428500
2019-03-22,181.7800,182.2700,178.3700,178.5600,170.9858,70794500
2019-03-25,177.9100,178.8400,176.9300,178.2200,170.6602,46336500
2019-03-26,179.6000,180.6900,178.1400,179.0500,171.4550,33248100
2019-03-27,179.3200,179.7200,176.6000,177.9000,170.3538,37096700
2019-03-28,178.3600,178.9800,177.2400,178.3100,170.7464,30368200
2019-03-29,179.6900,179.8300,178.5900,179.6600,172.0392,35205500
2019-04-01,181.5100,182.2600,180.7700,182.0400,174.3182,30969500
2019-04-02,182.2400,182.9100,181.7800,182.7300,174.9789,22645200
2019-04-03,183.7600,184.9200,183.2100,183.7800,175.9844,31633500
2019-04-04,183.8300,184.5000,182.6500,183.7100,175.9174,28530800
2019-04-05,184.2400,184.7700,184.0200,184.6600,176.8271,25674700
2019-04-08,184.3600,185.2800,183.6300,185.1300,177.2771,22697500
2019-04-09,184.5000,185.1100,184.0900,184.4800,176.6547,25631900
2019-04-10,184.7200,185.5300,184.5200,185.4700,177.6027,24563000
2019-04-11,185.7800,185.7800,184.6900,185.0300,177.1814,20654100
2019-04-12,185.8500,185.9500,185.0600,185.8300,177.9474,24989100
2019-04-15,185.8400,186.0700,184.6200,185.8600,177.9762,21073000
2019-04-16,186.5400,186.9100,185.9300,186.5000,178.5890,27195700
2019-04-17,187.7500,187.9300,186.6000,187.1500,179.2115,29651600
2019-04-18,187.4600,187.7900,186.2900,187.3900,179.4413,28580900
2019-04-22,186.5700,187.9900,186.4300,187.9200,179.9488,17936000
2019-04-23,188.4000,190.5400,188.1300,190.3100,182.2374,33665600
2019-04-24,190.4700,190.7100,189.6500,189.7100,181.6628,24977100
2019-04-25,191.1300,191.2200,189.4500,190.4800,182.4002,29517500
2019-04-26,190.1800,190.6900,188.5900,190.6500,182.5630,26359500
2019-04-29,190.6500,191.3200,190.3400,191.0200,182.9173,21716200
2019-04-30,189.4800,189.8500,188.2100,189.5400,181.5001,31495300
2019-05-01,190.7800,191.3200,188.8000,188.9300,180.9160,34797100
2019-05-02,188.8700,189.8500,186.8700,188.1100,180.1307,44110100
2019-05-03,189.6700,191.2500,189.3300,191.1100,183.0035,30386200
2019-05-06,187.0500,190.2000,186.7600,189.9400,181.8831,38371800
2019-05-07,187.8700,188.6700,184.5100,186.2400,178.3401,58818100
2019-05-08,185.6300,187.1700,184.9600,185.7700,177.8900,37165300
2019-05-09,183.7000,185.4100,182.0900,184.7700,176.9324,55351700
2019-05-10,184.1100,185.8900,181.0300,185.0000,177.1526,58526400
2019-05-13,180.2900,181.2600,178.0600,178.5800,171.0049,67185800
2019-05-14,179.5200,181.6300,178.8600,180.5400,172.8818,43360600
2019-05-15,179.3500,183.5500,179.3100,183.0900,175.3237,40944500
2019-05-16,183.1700,186.0700,182.9500,184.9300,177.0856,39281200
2019-05-17,183.1000,185.5800,182.8800,183.0400,175.2758,44702300
2019-05-20,180.4900,181.1800,179.3400,179.9500,172.3168,38608300
2019-05-21,181.5000,182.3300,180.9200,181.8300,174.1171,31613800
2019-05-22,180.8200,182.0700,180.7500,181.0200,173.3415,24332600
2019-05-23,178.9400,179.0200,177.1400,178.2500,170.6890,45351300
2019-05-24,179.2100,179.8500,177.9400,178.1600,170.6028,25903300
2019-05-28,178.6600,179.6600,177.4700,177.4900,169.9612,24763800
2019-05-29,176.3900,177.0000,175.0900,176.0300,168.5631,42178800
2019-05-30,176.5000,177.2700,175.7700,176.7700,169.2717,30354800
2019-05-31,174.6900,175.2900,173.8700,173.9500,166.5714,45446200
2019-06-03,173.4800,173.9500,169.2700,170.1200,162.9038,75842300
2019-06-04,172.0300,174.9700,171.3700,174.9100,167.4906,47797800
2019-06-05,176.5800,176.6100,174.3800,176.2100,168.7355,34412700
2019-06-06,176.5100,178.0400,175.7300,177.6100,170.0762,29913200
2019-06-07,178.5600,181.7700,178.3300,181.0400,173.3606,45888300
2019-06-10,182.2500,184.8500,182.2100,183.1500,175.3811,41385300
2019-06-11,185.0600,185.4000,182.7800,183.4000,175.6205,41260300
2019-06-12,182.9000,183.2800,182.0000,182.3400,174.6055,27758100
2019-06-13,183.1000,183.8700,182.7400,183.4200,175.6397,23715800
2019-06-14,182.4800,183.1100,181.9400,182.6400,174.8928,22844100
2019-06-17,183.0400,184.2500,182.8400,183.7400,175.9461,20379500
2019-06-18,185.9100,187.7200,185.4300,186.4100,178.5028,48177300
2019-06-19,186.6600,187.5300,185.5700,187.1100,179.1731,31672900
2019-06-20,189.7200,189.7600,187.1600,188.8500,180.8394,40922000
2019-06-21,188.6300,189.7700,188.1700,188.5700,180.5712,39980400
2019-06-24,188.5300,188.7200,188.0600,188.1600,180.5770,19375200
2019-06-25,188.0300,188.1400,184.6500,184.9300,177.4771,33921100
2019-06-26,186.1600,187.3300,185.4900,185.7900,178.3025,22595700
2019-06-27,186.4600,186.9400,185.9900,186.5000,178.9839,19709200
2019-06-28,186.9500,187.1500,186.0700,186.7400,179.2142,21179200
2019-07-01,190.3200,190.5700,188.3800,189.2600,181.6326,31025600
2019-07-02,189.2000,190.0300,188.6600,190.0100,182.3524,18035800
2019-07-03,190.4900,191.4400,190.2900,191.4400,183.7248,15792100
2019-07-05,190.1300,191.4000,189.3900,191.0500,183.3505,21415600
2019-07-08,189.8100,189.8700,188.9300,189.7100,182.0645,17598800
2019-07-09,188.8100,190.9000,188.6500,190.6600,182.9762,19193500
2019-07-10,191.8200,193.0900,191.4700,192.5600,184.7996,28374500
2019-07-11,192.8500,193.3400,191.8100,192.4200,184.6653,23736100
2019-07-12,192.6300,193.5400,192.4500,193.5300,185.7306,20211900
2019-07-15,193.9800,194.1900,193.4400,194.1500,186.3256,15606100
2019-07-16,193.9100,194.0900,192.5600,193.1500,185.3658,20190900
2019-07-17,193.1500,193.4900,192.1800,192.2000,184.4542,16765100
2019-07-18,191.2900,192.7900,190.6900,192.4200,184.6653,28877000
2019-07-19,193.7400,193.8300,190.8100,191.0100,183.3121,29387900
2019-07-22,191.4400,192.9400,191.4400,192.5300,184.7709,18954900
2019-07-23,193.5800,193.8100,192.2900,193.7900,185.9801,23786700
2019-07-24,193.0500,195.1600,193.0300,195.1500,187.2852,20422900
2019-07-25,194.4900,194.5200,192.9300,193.3000,185.5098,23434700
2019-07-26,194.5300,195.5500,194.4300,195.2900,187.4196,20431200
2019-07-29,195.1100,195.1800,193.3900,194.6200,186.7766,20451700
2019-07-30,193.1300,194.5400,192.9900,193.7800,185.9705,18705000
2019-07-31,194.3000,194.4300,189.3200,191.1000,183.3985,41627500
2019-08-01,191.4300,194.9800,189.2300,190.1500,182.4868,63251600
2019-08-02,188.7200,188.9900,186.2100,187.3500,179.7997,55214000
2019-08-05,183.4300,183.5100,179.2000,180.7300,173.4464,75040000
2019-08-06,182.4000,183.8000,181.0700,183.2600,175.8744,41897200
2019-08-07,181.2700,184.5100,179.8900,184.2500,176.8245,49990600
2019-08-08,185.0800,188.3200,184.5700,188.2600,180.6729,38418100
2019-08-09,187.3600,188.0000,185.0300,186.4900,178.9743,33608900
2019-08-12,185.3400,185.9000,183.5000,184.3500,176.9205,24642900
2019-08-13,184.1900,189.6800,184.0200,188.3900,180.7977,40241900
2019-08-14,185.3600,185.9500,182.4200,182.7600,175.3946,51000500
2019-08-15,183.0000,183.5900,181.1600,182.5500,175.1930,36685000
2019-08-16,184.2100,185.9500,184.1000,185.4800,178.0050,32781400
2019-08-19,188.1600,188.8300,187.5000,188.4300,180.8361,22494100
2019-08-20,187.9600,188.6400,186.9200,186.9700,179.4349,19902900
2019-08-21,188.6100,189.2300,187.9600,188.6300,181.0280,20418500
2019-08-22,188.9800,189.4600,186.5400,188.0200,180.4426,24243700
2019-08-23,186.7400,188.4500,181.5600,182.0700,174.7324,55372400
2019-08-26,184.1400,184.8700,183.0800,184.8200,177.3716,27598900
2019-08-27,186.1100,186.4200,183.7100,184.4300,176.9973,28012800
2019-08-28,183.8300,185.4000,182.9100,185.0900,177.6307,21792400
2019-08-29,187.3900,188.4600,186.6800,187.9200,180.3466,25358900
2019-08-30,188.9300,188.9700,186.4100,187.4700,179.9148,26319800
2019-09-03,186.2200,187.1800,185.0300,185.6500,178.1681,27964200
2019-09-04,187.4400,188.4900,186.9000,188.3300,180.7402,21592100
2019-09-05,190.4100,192.3300,190.3400,191.7800,184.0511,33932600
2019-09-06,192.1000,192.1700,191.1700,191.5900,183.8687,19487800
2019-09-09,192.1900,192.2700,190.2200,191.1900,183.4849,24407600
2019-09-10,190.1600,190.7400,188.9100,190.6400,182.9571,23744700
2019-09-11,191.0000,192.5300,190.5600,192.4300,184.6749,25063600
2019-09-12,193.6100,194.7100,192.9700,193.2300,185.4426,28689900
2019-09-13,192.9500,193.4000,192.2900,192.5400,184.7804,27669800
2019-09-16,191.3000,192.0800,191.1100,191.6800,183.9551,20319000
2019-09-17,191.7000,192.6000,191.2900,192.6000,184.8380,20953400
2019-09-18,192.2000,192.6000,190.1100,192.5200,184.7613,29781300
2019-09-19,192.8600,194.0400,192.4700,192.8400,185.0684,26039400
2019-09-20,193.1100,193.3100,190.1600,190.8000,183.1106,29086100
2019-09-23,190.3600,191.0700,189.7200,190.5000,183.1913,22485900
2019-09-24,191.3700,191.7900,187.1500,187.9700,180.7584,40820700
2019-09-25,187.7800,190.5800,186.2100,190.0800,182.7874,34704900
2019-09-26,189.8300,190.0000,187.9800,189.3800,182.1143,26826000
2019-09-27,189.7300,189.8300,185.7500,187.0300,179.8545,40773500
2019-09-30,187.7900,189.1100,187.4000,188.8100,181.5662,26307700
2019-10-01,189.5000,190.5900,186.9600,187.2700,180.0852,32367600
2019-10-02,186.0000,186.0300,183.0200,184.0500,176.9888,48544300
2019-10-03,184.0300,186.2100,181.8200,186.0700,178.9314,39392500
2019-10-04,187.0800,189.0800,186.8800,188.8100,181.5662,31887600
2019-10-07,188.2700,189.7400,187.9100,188.2400,181.0181,21216000
2019-10-08,187.0600,187.8600,185.2700,185.4200,178.3063,32379300
2019-10-09,186.9900,188.0800,186.4300,187.2300,180.0468,20147400
2019-10-10,187.2800,189.4300,187.1200,188.6800,181.4412,25177700
2019-10-11,190.8300,192.6300,190.7200,191.1100,183.7780,40976700
2019-10-14,190.8400,191.7000,190.6500,191.0900,183.7587,14975000
2019-10-15,191.6800,193.9700,191.5600,193.5200,186.0955,23234200
2019-10-16,192.8600,193.5300,192.4300,193.0400,185.6339,20457100
2019-10-17,194.2000,194.5000,192.8100,193.5500,186.1243,19045200
2019-10-18,193.2000,193.6700,190.7100,191.6900,184.3357,27700800
2019-10-21,192.7100,193.5200,192.1400,193.3900,185.9705,15801200
2019-10-22,194.1500,194.4200,191.7900,191.8500,184.4896,22392300
2019-10-23,191.4600,192.2600,191.1500,192.2200,184.8453,14828400
2019-10-24,193.5900,194.2100,192.7400,194.0900,186.6436,18998500
2019-10-25,193.0900,195.7400,193.0500,195.6400,188.1341,21507100
2019-10-28,196.5500,197.8300,196.5500,197.5700,189.9901,18818700
2019-10-29,197.2400,197.5400,196.0100,196.0400,188.5188,18569700
2019-10-30,196.4200,197.3200,195.2900,196.9900,189.4324,21764300
2019-10-31,197.5600,197.6500,195.9400,197.0800,189.5189,26801800
2019-11-01,197.9300,198.8800,197.6300,198.8700,191.2403,22131900
2019-11-04,200.1900,200.5300,198.8700,200.1000,192.4231,19015900
2019-11-05,200.3500,200.5500,199.5500,200.2100,192.5288,15048900
2019-11-06,199.9800,200.0000,198.7900,199.7600,192.0961,19725500
2019-11-07,200.7600,201.7200,199.8500,200.4300,192.7404,17832400
2019-11-08,200.0700,201.2500,199.5400,201.2300,193.5097,15258800
2019-11-11,200.2100,201.0400,199.9400,200.9600,193.2500,10147600
2019-11-12,201.1300,202.2100,200.8200,201.5400,193.8078,14778300
2019-11-13,200.8400,201.7800,200.7100,201.5900,193.8559,15774600
2019-11-14,200.8300,201.5600,200.2200,201.4300,193.7020,16945400
2019-11-15,202.6500,202.9100,202.0000,202.9100,195.1252,18427900
2019-11-18,202.5900,203.3900,201.7700,203.0700,195.2791,18365900
2019-11-19,203.8400,203.8400,202.5900,203.3700,195.5676,16923300
2019-11-20,202.8400,203.4500,200.6200,202.1500,194.3944,36629000
2019-11-21,201.9300,202.0700,201.0700,201.7000,193.9617,17883600
2019-11-22,202.2000,202.3200,200.7400,201.8300,194.0867,17189600
2019-11-25,202.7000,204.2600,202.6700,204.2200,196.3850,17752800
2019-11-26,204.3500,204.8700,204.0500,204.6100,196.7600,14780600
2019-11-27,205.1400,206.0500,204.8900,206.0400,198.1352,16963100
2019-11-29,205.5200,205.8300,205.0000,205.1000,197.2312,9854600
2019-12-02,205.1100,205.1800,201.7800,203.0000,195.2118,28007000
2019-12-03,200.2100,201.4900,199.2300,201.4100,193.6828,31104100
2019-12-04,202.4400,202.9100,202.1400,202.4300,194.6637,15300100
2019-12-05,203.1500,203.1500,201.8400,202.8300,195.0483,14962300
2019-12-06,204.3100,205.1500,204.1500,205.0000,197.1350,16555300
2019-12-09,204.6300,205.5900,203.9800,204.0700,196.2407,13984100
2019-12-10,204.1700,204.8800,203.4400,203.9000,196.0773,21799800
2019-12-11,204.3600,205.1900,204.0400,204.9800,197.1158,18780800
2019-12-12,204.7700,207.3200,204.4900,206.5100,198.5871,32612000
2019-12-13,206.4000,207.9100,205.9600,207.1900,199.2411,32519400
2019-12-16,208.5500,209.5300,208.4800,209.2700,201.2412,21296600
2019-12-17,209.5400,209.7100,209.0400,209.3900,201.3566,15996100
2019-12-18,209.5700,210.1300,209.3300,209.5500,201.5105,15443300
2019-12-19,209.6400,210.9300,209.6200,210.8600,202.7702,17865900
2019-12-20,211.8600,212.5200,211.2700,211.7100,203.5876,27672600
2019-12-23,212.0000,212.1500,211.6300,211.8100,204.1254,23774700
2019-12-24,212.0000,212.0900,211.4400,211.9200,204.2314,7089000
2019-12-26,212.2600,213.8100,212.2300,213.7900,206.0336,17067500
2019-12-27,214.5400,214.5600,213.0400,213.6100,205.8601,18134100
2019-12-30,213.5000,213.6300,211.1600,212.2100,204.5109,21815500
2019-12-31,211.5300,212.7600,211.2000,212.6100,204.8963,18170900
2020-01-02,214.4000,216.1600,213.9800,216.1600,208.3176,30969400
2020-01-03,213.3000,215.4700,213.2800,214.1800,206.4093,27518900
2020-01-06,212.5000,215.5900,212.2400,215.5600,207.7393,21655300
2020-01-07,215.6400,216.1400,214.8500,215.5300,207.7104,22139300
2020-01-08,215.5000,218.1400,215.1600,217.1500,209.2716,26397300
2020-01-09,218.9400,219.4100,217.7100,218.9900,211.0449,23547000
2020-01-10,219.8500,219.8700,218.0400,218.4300,210.5052,21898500
2020-01-13,219.3300,220.9800,218.9800,220.9500,212.9337,22756900
2020-01-14,220.8400,221.2100,219.7400,220.0800,212.0953,24418100
2020-01-15,220.2000,221.2000,219.4500,220.1700,212.1821,25742100
2020-01-16,221.2700,222.3200,220.8000,222.2800,214.2155,18805000
2020-01-17,223.2800,223.5600,222.1200,223.3800,215.2756,24325200
2020-01-21,222.7600,223.8400,222.6600,223.2800,215.1792,21146300
2020-01-22,224.4100,225.1500,223.5900,223.8700,215.7478,20736400
2020-01-23,223.7400,224.6900,222.7000,224.5900,216.4417,26496100
2020-01-24,225.6400,225.8800,221.6700,222.7000,214.6203,37436500
2020-01-27,217.6700,219.2800,217.1800,218.1000,210.1872,42264400
2020-01-28,219.6400,221.9600,219.0600,221.4500,213.4156,26731900
2020-01-29,222.6800,222.9300,220.8300,221.8100,213.7626,28924500
2020-01-30,220.3800,222.7000,219.6900,222.6000,214.5239,39568100
2020-01-31,223.5300,223.5600,218.2900,219.0700,211.1220,52015800
2020-02-03,220.1400,222.8900,219.9900,222.3800,214.3119,25408600
2020-02-04,225.4200,227.8600,224.6500,227.4700,219.2172,30691200
2020-02-05,230.2100,230.2500,226.8500,228.2200,219.9400,38534800
2020-02-06,228.7900,230.2500,227.9800,230.1900,221.8385,22467100
2020-02-07,229.1600,230.4400,228.5400,229.2000,220.8845,25884900
2020-02-10,228.4400,231.9800,228.3800,231.9700,223.5540,21478900
2020-02-11,233.2500,234.0200,231.4000,232.0100,223.5925,30198000
2020-02-12,233.3800,234.3800,232.8000,234.2700,225.7705,24471300
2020-02-13,232.6400,234.9300,232.3600,233.9700,225.4814,22773200
2020-02-14,234.3400,234.8600,233.5500,234.6400,226.1271,23438500
2020-02-18,233.5000,235.1700,233.2500,234.7300,226.2138,24394500
2020-02-19,236.1300,237.4700,235.8500,236.9800,228.3821,22230500
2020-02-20,236.4600,236.9500,231.8800,234.7800,226.2620,42604000
2020-02-21,233.6100,234.0100,229.3200,230.2700,221.9157,66017200
2020-02-24,221.6800,224.2500,220.2600,221.3900,213.3578,84522600
2020-02-25,223.2500,223.9900,214.7400,215.3700,207.5562,97743000
2020-02-26,216.7100,220.2800,214.9000,216.4800,208.6260,79537700
2020-02-27,210.9000,216.4200,205.5000,205.6400,198.1792,121822600
2020-02-28,198.6400,207.1700,198.1700,205.8000,198.3334,148173700
2020-03-02,208.8800,216.5700,205.9400,216.4200,208.5681,112933900
2020-03-03,217.1100,219.6100,207.6200,209.4800,201.8799,131953500
2020-03-04,213.3200,218.3300,211.3700,218.2200,210.3028,73086200
2020-03-05,212.6900,216.3600,210.1000,211.5900,203.9133,78705500
2020-03-06,204.6700,209.1500,202.9100,208.0200,200.4729,89828400
2020-03-09,193.4800,201.1600,192.1100,193.5700,186.5472,116424000
2020-03-10,201.1100,204.3000,193.6800,204.1100,196.7047,100599200
2020-03-11,199.3500,200.7500,192.7300,195.2200,188.1373,89168800
2020-03-12,182.0900,190.7800,176.9400,177.3200,170.8867,137820700
2020-03-13,187.0700,194.4800,178.1300,192.3400,185.3618,134882000
2020-03-16,174.1500,184.6800,169.1600,169.3000,163.1577,92054400
2020-03-17,175.4700,184.3900,169.7800,182.1400,175.5319,121257100
2020-03-18,171.6100,179.2200,166.8000,176.6000,170.1929,114156300
2020-03-19,175.6900,183.4900,171.6300,177.6600,171.2144,120896500
2020-03-20,181.7400,182.8700,170.1000,170.7000,164.5069,118983900
2020-03-23,170.9200,174.2100,164.9300,170.4600,164.6257,124639800
2020-03-24,179.9100,183.8300,177.9500,183.6600,177.3738,94881800
2020-03-25,184.4200,189.5100,179.9800,182.3000,176.0604,88754900
2020-03-26,183.8700,192.7200,183.6100,191.9000,185.3318,79887600
2020-03-27,186.9300,190.5100,184.6600,185.3000,178.9578,58845000
2020-03-30,187.0600,192.4900,186.3400,192.0400,185.4670,49356900
2020-03-31,191.7200,195.2500,189.2000,190.4000,183.8832,62659300
2020-04-01,184.7700,187.6600,180.8600,182.3100,176.0700,53715400
2020-04-02,181.2400,190.1000,180.9700,186.0100,179.6434,56465300
2020-04-03,185.5500,187.0700,181.2900,183.3700,177.0938,47487600
2020-04-06,190.4800,197.6500,189.1900,196.4800,189.7551,64763500
2020-04-07,202.3700,202.6600,196.0000,196.4000,189.6778,69904500
2020-04-08,198.1500,201.1700,196.1700,200.5700,193.7051,45940400
2020-04-09,202.3500,203.2200,199.0300,200.8600,193.9852,68252600
2020-04-13,200.0000,203.4200,198.7500,203.0300,196.0809,42853900
2020-04-14,207.2300,212.5000,206.4200,211.8600,204.6087,63959600
2020-04-15,208.4800,211.8300,207.1200,209.4300,202.2618,47036000
2020-04-16,211.6900,214.3700,209.6900,213.2500,205.9511,64657400
2020-04-17,216.1700,216.5100,212.0800,215.2900,207.9212,62863200
2020-04-20,213.3600,215.8800,212.5700,212.7400,205.4586,38249100
2020-04-21,210.6000,211.1600,203.6300,204.8900,197.8772,72932800
2020-04-22,209.1000,212.3500,208.3300,210.9700,203.7491,40089100
2020-04-23,211.7900,214.4400,210.1000,210.5200,203.3145,43278500
2020-04-24,210.9700,214.3000,209.5000,213.8400,206.5209,34231900
2020-04-27,216.1900,216.6300,214.5000,215.5600,208.1820,36451700
2020-04-28,217.3200,217.3200,211.2100,211.5000,204.2610,46862800
2020-04-29,216.1900,219.9700,215.1400,219.0000,211.5043,48716400
2020-04-30,219.9500,220.0400,217.3500,218.9100,211.4173,43359500
2020-05-01,214.5000,216.6700,211.6800,212.7400,205.4586,48795000
2020-05-04,211.4600,215.4500,211.1200,215.2200,207.8537,32841000
2020-05-05,217.4400,220.1400,216.8500,217.6600,210.2101,37783100
2020-05-06,219.4000,221.0400,218.1100,219.0000,211.5043,36455200
2020-05-07,221.8200,222.7300,220.4200,221.8200,214.2277,38624800
2020-05-08,223.5500,225.0000,222.4800,224.8600,217.1637,31852300
2020-05-11,223.4900,227.9300,223.2500,226.8700,219.1049,35714100
2020-05-12,227.4900,228.1000,222.0900,222.1200,214.5175,41054100
2020-05-13,222.6600,224.6100,216.7100,219.3400,211.8326,65521200
2020-05-14,217.9700,221.8700,215.9900,221.8300,214.2374,51549300
2020-05-15,218.7800,223.3300,218.3300,223.2700,215.6282,55747200
2020-05-18,226.2800,228.6800,225.4700,227.4300,219.6457,42398100
2020-05-19,227.7000,229.8500,226.7100,226.8600,219.0953,36237300
2020-05-20,229.5000,231.7600,229.4800,231.3900,223.4702,37417000
2020-05-21,231.4400,232.1400,228.3400,228.8700,221.0365,43642900
2020-05-22,228.4500,229.8700,227.5000,229.6600,221.7994,28762400
2020-05-26,233.3600,233.5700,228.7900,229.0400,221.2006,33055300
2020-05-27,228.6900,230.4100,223.9400,230.2900,222.4079,55665600
2020-05-28,229.1100,233.4700,229.0500,229.9900,222.1181,42784300
2020-05-29,230.3800,233.6000,228.7600,233.3600,225.3727,50691800
2020-06-01,232.4600,234.4500,232.0000,234.0600,226.0488,25776000
2020-06-02,234.5000,235.6900,232.0100,235.6300,227.5651,33383400
2020-06-03,236.2600,237.4700,235.3500,236.6900,228.5888,37228700
2020-06-04,236.3300,237.7900,233.6800,235.0300,226.9856,38716100
2020-06-05,236.2200,240.3000,235.6300,239.6900,231.4862,47365600
2020-06-08,239.5400,241.6800,237.9100,241.5500,233.2825,32937300
2020-06-09,240.6600,244.1800,240.4700,243.3000,234.9726,35046300
2020-06-10,245.0500,247.8200,244.5100,246.2200,237.7926,58084400
2020-06-11,242.1600,243.5900,233.9600,234.0200,226.0102,72919400
2020-06-12,239.0900,240.4000,231.7400,235.8800,227.8065,72034800
2020-06-15,232.4400,239.4500,231.4700,238.7500,230.5782,45307400
2020-06-16,243.7800,244.3900,239.1000,242.8500,234.5379,48890100
2020-06-17,244.4000,245.5000,242.7300,243.6200,235.2816,34749300
2020-06-18,243.2900,244.5300,242.4900,244.2800,235.9190,30578600
2020-06-19,246.7300,247.0000,242.4500,244.2400,235.8804,49422100
2020-06-22,243.6800,246.8700,243.3800,246.7400,238.7092,24068700
2020-06-23,248.3900,251.1500,247.8200,248.8400,240.7409,32767400
2020-06-24,248.0600,249.3300,242.1600,243.7100,235.7779,46032400
2020-06-25,243.8000,246.3400,241.1400,246.0300,238.0223,36940800
2020-06-26,245.7800,245.9600,239.6800,240.2200,232.4014,52824600
2020-06-29,239.9700,242.8500,237.3500,242.8400,234.9361,34377800
2020-06-30,242.7700,248.1600,242.5800,247.6000,239.5413,38909200
2020-07-01,247.6400,251.5200,247.0800,250.4900,242.3372,34689200
2020-07-02,253.0200,254.2700,251.7100,252.1900,243.9819,31956500
2020-07-06,255.4500,258.9300,255.4300,258.3900,249.9800,34589000
2020-07-07,258.1300,260.8800,256.3000,256.6100,248.2579,36578200
2020-07-08,257.9800,260.0200,256.5000,259.9900,251.5279,30426300
2020-07-09,261.9700,262.8700,257.6300,262.1800,253.6467,40312900
2020-07-10,262.0300,264.2300,259.2600,263.9700,255.3785,32885300
2020-07-13,266.9100,269.7900,257.6900,258.5400,250.1252,64108100
2020-07-14,255.9300,260.7900,252.7600,260.3700,251.8956,72230500
2020-07-15,261.8300,262.6900,257.4900,260.9000,252.4084,54523900
2020-07-16,258.0200,259.7800,255.6200,259.1200,250.6862,47594100
2020-07-17,259.5900,260.3100,257.1700,259.4200,250.9765,35137900
2020-07-20,260.0800,267.4300,258.7900,266.7800,258.0970,40610100
2020-07-21,268.4000,268.4100,263.1300,264.0000,255.4074,43243800
2020-07-22,264.5100,265.8900,262.5500,264.9300,256.3073,29865500
2020-07-23,264.5100,265.2400,256.5500,258.0100,249.6124,51363500
2020-07-24,254.0400,256.9300,251.3200,255.5600,247.2421,54054500
2020-07-27,257.2600,260.5200,256.4500,260.1200,251.6537,36445700
2020-07-28,259.3100,259.8500,256.5100,256.8100,248.4514,31302400
2020-07-29,258.4000,260.6600,257.9100,259.7700,251.3151,27556900
2020-07-30,257.7400,261.7100,256.5500,261.1300,252.6309,41774500
2020-07-31,265.9100,265.9500,260.8500,265.7900,257.1392,53686300
2020-08-03,268.0000,270.1500,267.8700,269.3800,260.6123,32081600
2020-08-04,268.8600,270.4800,268.0900,270.3800,261.5797,24911300
2020-08-05,270.8800,271.5200,269.9600,271.0500,262.2280,21612100
2020-08-06,270.8500,274.9800,270.1900,274.6400,265.7012,28048200
2020-08-07,274.0800,274.8800,269.2500,271.4700,262.6343,44969400
2020-08-10,271.7700,271.9800,266.6700,270.3100,261.5121,35088400
2020-08-11,269.1100,270.4400,264.6300,265.1900,256.5587,43104300
2020-08-12,267.4200,272.8400,267.3700,271.8600,263.0115,38773400
2020-08-13,272.6600,274.8300,271.5100,272.4800,263.6115,31895700
2020-08-14,273.1200,273.4000,270.7200,272.1600,263.3018,30799500
2020-08-17,273.9300,275.8400,272.2000,275.3200,266.3590,24803000
2020-08-18,276.4200,278.4600,274.9100,277.9700,268.9228,23529500
2020-08-19,277.9300,279.0200,275.5700,276.1000,267.1136,31999400
2020-08-20,275.2800,280.4300,274.8600,279.9300,270.8189,27723400
2020-08-21,280.1300,282.3400,279.4600,281.8700,272.6958,34748900
2020-08-24,285.2500,286.0000,281.2700,283.6300,274.3984,36418500
2020-08-25,282.8300,286.0600,282.3700,285.8600,276.5559,34866600
2020-08-26,287.1500,292.2200,285.8300,291.9600,282.4574,42216700
2020-08-27,292.9700,293.8500,288.7100,291.0500,281.5771,49482700
2020-08-28,292.3300,293.1800,290.9300,292.5300,283.0089,28021000
2020-08-31,293.0700,296.7500,292.6200,294.8800,285.2824,36321000
2020-09-01,297.6200,300.0400,295.7900,299.9200,290.1582,36216200
2020-09-02,303.2800,303.5000,296.8900,302.7600,292.9058,50836800
2020-09-03,298.1000,298.6200,284.4100,287.4100,278.0555,110083300
2020-09-04,285.5600,288.9300,271.8000,283.5800,274.3501,123959000
2020-09-08,272.2200,278.2200,269.6600,269.9500,261.1638,99568600
2020-09-09,275.6400,280.0500,273.0000,277.8800,268.8357,64837900
2020-09-10,280.9400,282.2000,270.5600,272.3400,263.4760,69667500
2020-09-11,274.1500,275.2200,266.9000,270.4500,261.6476,71809000
2020-09-14,274.3600,277.2200,272.9600,275.1600,266.2042,38525200
2020-09-15,279.0300,280.4500,275.1300,279.0600,269.9773,41849900
2020-09-16,279.8800,280.3600,274.2500,274.6100,265.6721,42321000
2020-09-17,267.5500,274.4000,266.6800,270.3200,261.5217,81570800
2020-09-18,271.7900,272.0900,262.6300,266.8700,258.1840,86251100
2020-09-21,262.4700,267.6500,260.1100,267.5100,258.8032,57168600
2020-09-22,269.9900,273.0800,266.5400,272.4800,263.6115,41128900
2020-09-23,272.1500,272.3400,263.2500,264.1600,255.5623,48837300
2020-09-24,261.3900,268.7000,261.2200,265.3900,256.7522,70631700
2020-09-25,265.9100,272.4000,264.3000,271.5600,262.7214,55242400
2020-09-28,276.5800,277.2000,271.6700,277.2000,268.1779,58438300
2020-09-29,276.6200,277.7100,275.3700,275.9500,266.9686,27050000
2020-09-30,276.1500,281.0900,275.8700,277.8400,268.7970,49380800
2020-10-01,281.7900,282.8800,279.8400,282.2500,273.0635,50020200
2020-10-02,276.0200,282.2400,273.4400,274.3100,265.3819,75497400
2020-10-05,276.3400,280.4900,276.2300,280.1600,271.0415,28184600
2020-10-06,279.4500,281.1900,274.2500,275.1600,266.2042,49704200
2020-10-07,277.8900,280.7400,277.2800,279.9200,270.8093,27539700
2020-10-08,282.4000,282.4700,280.3100,281.4100,272.2508,25443300
2020-10-09,283.1100,285.7900,282.7100,285.7100,276.4108,30201100
2020-10-12,290.5500,297.4600,289.4700,294.5300,284.9438,79370700
2020-10-13,296.3900,297.0500,293.1100,294.5200,284.9341,64240000
2020-10-14,295.3500,296.3500,290.2600,292.0600,282.5541,36949100
2020-10-15,287.2000,290.7100,286.5400,290.1000,280.6581,42514200
2020-10-16,291.8000,293.2700,288.1500,288.5100,279.1196,40570700
2020-10-19,290.4900,291.4800,282.7900,283.8000,274.5630,36756800
2020-10-20,284.5600,287.6200,282.9500,284.4100,275.1531,32195400
2020-10-21,284.6700,287.3200,283.6900,284.1900,274.9403,29306100
2020-10-22,285.0500,285.9800,280.8200,284.1800,274.9306,32196200
2020-10-23,284.7700,284.9100,281.7800,284.7400,275.4725,24658500
2020-10-26,282.3800,285.3000,276.7600,280.4700,271.3413,38421100
2020-10-27,281.5000,283.5100,280.2000,282.6600,273.4601,30559100
2020-10-28,278.0100,278.6400,271.3800,271.6400,262.7988,53413500
2020-10-29,273.0000,279.4900,272.5200,276.3900,267.3941,43246300
2020-10-30,274.3400,275.2400,267.0700,269.3800,260.6123,65838300
2020-11-02,271.8500,273.5200,266.9700,269.9800,261.1928,39987400
2020-11-03,271.9600,276.8200,270.8400,274.6500,265.7108,43604100
2020-11-04,283.5900,288.7700,281.8700,286.9100,277.5718,75728200
2020-11-05,293.5300,295.3900,292.0000,294.3900,284.8084,52054200
2020-11-06,293.7100,295.3600,289.8300,294.6100,285.0212,40959800
2020-11-09,297.6500,299.1400,288.1200,288.5900,279.1971,86537100
2020-11-10,285.1700,286.6600,280.6200,283.4200,274.1953,69024900
2020-11-11,286.0300,290.2500,283.3800,289.7600,280.3290,36102900
2020-11-12,290.7600,292.0700,287.2500,288.4000,279.0132,34414600
2020-11-13,290.1700,291.5700,287.8700,290.9300,281.4609,24806900
2020-11-16,290.6200,293.5100,289.9900,293.2000,283.6570,30168400
2020-11-17,293.4000,293.7400,291.6100,292.2700,282.7573,21843500
2020-11-18,291.7000,293.3700,290.0200,290.1100,280.6676,28069600
2020-11-19,289.5400,292.7000,288.8500,292.3800,282.8638,22718400
2020-11-20,292.3000,293.0700,290.2900,290.3800,280.9288,25907300
2020-11-23,291.4100,292.7500,288.0700,290.3900,280.9385,26875600
2020-11-24,291.4900,294.9800,289.6300,294.4700,284.8857,24516800
2020-11-25,295.5700,296.9400,294.5900,296.2800,286.6368,23326800
2020-11-27,298.3100,300.1700,297.9000,299.0100,289.2780,17163100
2020-11-30,299.3400,299.9700,294.7800,299.6200,289.8681,27836200
2020-12-01,301.9700,305.1400,300.8300,303.4600,293.5831,27521300
2020-12-02,302.2500,304.2000,300.3500,303.8500,293.9603,23620000
2020-12-03,304.1700,305.8800,303.5300,304.2800,294.3764,22828700
2020-12-04,304.3300,305.6700,303.6300,305.5200,295.5761,19332100
2020-12-07,305.7100,307.6300,305.5200,307.2500,297.2498,20851000
2020-12-08,306.7600,308.6000,304.9500,308.2900,298.2559,18341500
2020-12-09,308.0700,308.3600,300.2100,301.3100,291.5031,48839300
2020-12-10,299.2100,303.6800,298.0900,302.5200,292.6737,27519500
2020-12-11,300.8100,301.9800,298.4700,301.8500,292.0256,26760400
2020-12-14,303.0800,306.0500,303.0100,304.0400,294.1442,28804800
2020-12-15,306.3700,307.2900,304.1100,307.2900,297.2884,25709000
2020-12-16,307.7000,309.7900,306.6200,308.9800,298.9235,25461900
2020-12-17,310.6300,311.2400,309.3900,311.0000,300.8777,23730500
2020-12-18,311.6600,311.9800,307.6100,310.0600,299.9682,41173400
2020-12-21,306.4600,309.4700,303.6000,308.9200,299.4072,37095500
2020-12-22,309.8500,310.7100,306.8500,309.7600,300.2213,26176300
2020-12-23,309.8100,310.1800,308.0400,308.2000,298.7094,21201300
2020-12-24,308.4700,310.0200,308.3900,309.5600,300.0275,16785000
2020-12-28,312.2500,313.1700,310.3600,312.6800,303.0513,22497700
2020-12-29,314.0500,314.6900,312.0300,312.9600,303.3227,25871900
2020-12-30,314.1600,314.4900,312.3300,312.9700,303.3324,18138100
2020-12-31,312.8700,314.2400,311.7600,313.7400,304.0787,21611400
2021-01-04,315.1100,315.2900,305.1800,309.3100,299.7852,45305900
2021-01-05,308.2900,312.1400,308.2900,311.8600,302.2565,29323400
2021-01-06,307.0000,311.8800,305.9800,307.5400,298.0696,52809600
2021-01-07,310.2800,315.8400,310.2500,314.9800,305.2805,30394800
2021-01-08,317.3400,319.3900,315.0800,319.0300,309.2058,33955800
2021-01-11,315.9800,317.1900,313.7500,314.4200,304.7378,32746400
2021-01-12,314.4600,315.5800,311.2000,313.9200,304.2531,29266800
2021-01-13,314.1900,316.8600,313.5700,316.0400,306.3078,22898400
2021-01-14,316.5000,317.5300,313.8600,314.3500,304.6700,23500100
2021-01-15,314.1300,315.1200,310.5800,311.8600,302.2565,35118700
2021-01-19,314.2500,316.9300,313.1200,316.4100,306.6665,24537000
2021-01-20,320.1400,324.7400,316.5100,323.7700,313.7998,30728100
2021-01-21,325.1500,327.1300,323.7300,326.3600,316.3101,25130600
2021-01-22,325.2900,326.4600,324.7100,325.4200,315.3990,21609400
2021-01-25,328.9100,330.3200,321.4100,328.1100,318.0062,39080600
2021-01-26,328.8500,329.7600,327.2200,328.5900,318.4714,25498100
2021-01-27,326.2600,326.2700,317.3600,319.4300,309.5934,55264000
2021-01-28,320.6700,326.4200,320.0300,321.3200,311.4253,42836300
2021-01-29,319.5800,320.7200,312.7600,314.5600,304.8735,55259000
2021-02-01,318.1100,323.5400,316.0200,322.4200,312.4914,35646000
2021-02-02,325.4800,328.8700,325.3100,327.6800,317.5894,33930800
2021-02-03,329.8200,330.2000,326.3200,326.3800,316.3295,24824500
2021-02-04,327.8200,330.3300,326.4600,330.2400,320.0706,22350900
2021-02-05,331.2200,332.4000,329.5300,331.3600,321.1560,22732000
2021-02-08,333.1000,333.7400,331.4100,333.5800,323.3077,20462800
2021-02-09,332.6200,334.8100,332.6100,333.5100,323.2399,17597500
2021-02-10,334.9900,335.4600,329.5000,332.7500,322.5033,28068700
2021-02-11,334.3300,335.0000,332.1200,334.5800,324.2770,22046100
2021-02-12,333.7100,336.6200,332.6300,336.4500,326.0894,20346800
2021-02-16,337.2700,338.1900,334.3400,335.5400,325.2074,27080800
2021-02-17,332.4700,335.6600,330.1700,333.9300,323.6469,31360300
2021-02-18,330.2300,333.8700,328.3600,332.4700,322.2320,32236200
2021-02-19,333.8600,333.9900,329.9700,331.0200,320.8266,39157700
2021-02-22,326.5000,327.8000,322.2300,322.4400,312.5108,47256900
2021-02-23,317.0000,323.2000,311.0000,321.4800,311.5804,97241900
2021-02-24,318.7400,324.4500,315.9600,324.1300,314.1487,58206300
2021-02-25,321.3900,324.0300,311.2400,312.8300,303.1967,110182600
2021-02-26,315.8500,319.1100,310.8800,314.1400,304.4664,104739800
2021-03-01,319.2700,323.9400,317.9400,323.5900,313.6254,49164500
2021-03-02,324.2500,324.3300,318.1400,318.4000,308.5952,48370000
2021-03-03,317.2700,318.2400,309.1000,309.1600,299.6397,86301100
2021-03-04,308.7800,312.0400,300.1100,304.1000,294.7356,139131600
2021-03-05,306.8000,309.6100,297.4500,308.6800,299.1746,121523700
2021-03-08,308.1200,310.0600,299.5100,299.9400,290.7036,88409800
2021-03-09,307.4700,313.7300,306.9200,311.7700,302.1694,80391100
2021-03-10,316.1600,316.4700,310.1700,310.8800,301.3068,76798100
2021-03-11,315.7700,319.8600,314.8500,318.0400,308.2463,53484800
2021-03-12,313.8600,318.2300,311.3900,315.4600,305.7457,69315600
2021-03-15,315.7900,319.0000,314.1000,318.8300,309.0118,42955700
2021-03-16,321.0900,324.2000,319.1000,320.5800,310.7080,54925900
2021-03-17,317.4500,323.8500,315.6800,321.9000,311.9874,78258700
2021-03-18,316.8700,317.8800,311.5700,312.0400,302.4311,82718100
2021-03-19,311.8700,314.7300,309.6600,313.1400,303.4972,78446200
2021-03-22,315.2100,320.7400,315.2100,318.6100,309.1888,56194800
2021-03-23,319.7300,321.0900,316.3800,317.2200,307.8398,53455400
2021-03-24,318.6300,318.6700,311.7200,311.8700,302.6480,64803700
2021-03-25,309.9700,312.8900,307.3900,311.3300,302.1240,78729000
2021-03-26,311.1100,316.3300,309.6700,316.0000,306.6559,63519600
2021-03-29,315.4500,316.9900,312.4700,315.9100,306.5686,54608000
2021-03-30,313.8900,314.9100,311.5400,314.3200,305.0255,44635700
2021-03-31,316.1600,320.7400,315.8100,319.1300,309.6934,55032500
2021-04-01,323.0700,324.7100,322.8100,324.5700,314.9726,55685600
2021-04-05,327.1300,331.8400,326.8800,331.0500,321.2608,42172500
2021-04-06,330.7300,332.8300,330.0200,330.8200,321.0377,33537200
2021-04-07,330.3300,332.4800,329.3700,331.6200,321.8140,32046400
2021-04-08,334.5600,335.2700,333.7400,335.0800,325.1716,29940800
2021-04-09,333.6800,337.3200,332.9200,337.1100,327.1417,36664900
2021-04-12,336.0400,337.1000,334.7300,336.6700,326.7148,25833000
2021-04-13,338.2400,341.0800,338.0200,340.6000,330.5285,30374000
2021-04-14,340.8500,340.9800,335.6700,336.5100,326.5595,42564300
2021-04-15,339.4700,342.0100,336.2200,341.6100,331.5086,36342800
2021-04-16,342.1500,342.2300,340.0800,342.0100,331.8969,40860100
2021-04-19,340.3900,341.5800,336.9000,338.8800,328.8593,34533100
2021-04-20,338.2000,339.5200,334.3800,336.4100,326.4625,38081800
2021-04-21,335.0900,339.4800,333.9700,339.2900,329.2572,36598100
2021-04-22,338.8900,339.9000,334.0100,335.2000,325.2881,45936100
2021-04-23,335.8500,340.7700,335.8500,339.4200,329.3834,36381900
2021-04-26,339.6700,341.9200,338.9000,341.6300,331.5281,30812000
2021-04-27,341.9300,342.1500,339.1700,340.1500,330.0918,33187200
2021-04-28,339.8100,340.8500,338.3300,339.0000,328.9758,33615700
2021-04-29,342.3700,342.8000,336.9000,340.2200,330.1598,37708900
2021-04-30,337.7000,340.2600,337.0500,337.9900,327.9956,38263400
2021-05-03,339.2300,340.0000,335.7300,336.1900,326.2489,29729700
2021-05-04,333.5600,333.8900,326.2100,330.1400,320.3778,65147000
2021-05-05,332.2500,333.1400,328.2300,329.0300,319.3006,46219300
2021-05-06,328.7600,331.6700,326.4500,331.5100,321.7073,46814300
2021-05-07,334.3700,336.6500,331.6900,334.2000,324.3177,53324500
2021-05-10,332.7800,332.9600,325.5500,325.7600,316.1273,60700500
2021-05-11,319.7000,326.1300,319.0200,325.3100,315.6906,71963600
2021-05-12,320.2300,322.6200,316.0000,316.8900,307.5196,91164900
2021-05-13,319.9200,322.4000,316.9000,319.3400,309.8972,69877800
2021-05-14,322.6000,327.3300,322.0800,326.3900,316.7387,44370000
2021-05-17,324.6300,326.3700,321.4500,324.4100,314.8173,39395000
2021-05-18,325.3900,326.6500,321.9400,322.2200,312.6921,36528500
2021-05-19,316.6600,322.9000,316.3000,322.5900,313.0510,66319100
2021-05-20,324.1200,329.7100,323.8900,328.8300,319.1065,46466100
2021-05-21,330.4300,330.8600,326.6400,327.0100,317.3404,50330400
2021-05-24,329.3700,333.6700,326.9000,332.5100,322.6777,32475800
2021-05-25,334.0700,334.8100,331.7600,332.9700,323.1241,31280300
2021-05-26,333.6600,334.6100,332.9500,334.1300,324.2499,25444900
2021-05-27,333.6700,334.5400,332.6700,332.8800,323.0368,27931700
2021-05-28,334.1200,335.5700,333.6000,333.9300,324.0557,29927400
2021-06-01,335.3000,335.7900,331.4300,332.8200,322.9785,31145400
2021-06-02,333.2500,334.3400,331.7000,333.4700,323.6094,22047900
2021-06-03,330.5500,331.8600,328.2800,330.0000,320.2419,37057800
2021-06-04,331.8500,336.0600,331.7800,335.6000,325.6764,38736500
2021-06-07,335.0500,336.6600,334.3400,336.6000,326.6467,32611900
2021-06-08,338.4000,339.2900,335.0300,336.7600,326.8021,27282800
2021-06-09,338.1700,338.9700,336.6500,336.8400,326.8797,21485300
2021-06-10,337.1900,340.4600,336.7300,340.3500,330.2859,33702100
2021-06-11,340.3600,341.2500,339.6900,341.2400,331.1496,21222800
2021-06-14,341.6800,344.5200,340.4600,344.5100,334.3229,27827700
2021-06-15,344.1500,344.4700,341.5200,342.2600,332.1394,35963800
2021-06-16,342.7400,343.8400,337.4500,341.0100,330.9264,55399500
2021-06-17,339.9700,346.3800,339.9200,345.3400,335.1284,59722700
2021-06-18,343.6300,344.8100,341.8600,342.6300,332.4985,55414900
2021-06-21,342.4300,344.6900,340.1500,344.3600,334.5650,32992600
2021-06-22,344.1500,348.0300,343.8400,347.5700,337.6837,28941600
2021-06-23,347.5100,348.9200,346.8800,347.7400,337.8488,27188500
2021-06-24,349.7300,351.4600,349.1700,349.8900,339.9376,32581600
2021-06-25,350.4700,350.7200,348.8400,349.4600,339.5200,28682800
2021-06-28,350.7800,353.8500,350.7200,353.7100,343.6490,39130300
2021-06-29,353.5300,355.0200,352.6700,354.9900,344.8926,29426000
2021-06-30,354.8300,355.2300,353.8300,354.4300,344.3485,32724000
2021-07-01,354.0700,355.0900,352.6800,354.5700,344.4845,29290000
2021-07-02,356.5200,358.9700,356.2800,358.6400,348.4388,32727200
2021-07-06,359.2600,360.4800,356.4900,360.1900,349.9447,38842400
2021-07-07,362.4500,362.7600,358.9400,360.9500,350.6831,35265200
2021-07-08,355.7400,359.6500,354.4200,358.7700,348.5651,50890000
2021-07-09,358.1700,361.5000,357.5700,361.0100,350.7414,35184500
2021-07-12,362.4500,362.8900,360.8300,362.4200,352.1112,25717700
2021-07-13,362.0300,365.4700,361.5400,362.4200,352.1112,39723000
2021-07-14,364.8300,365.4900,362.2200,363.0700,352.7428,35336400
2021-07-15,362.9800,363.1900,358.4600,360.5200,350.2653,53391600
2021-07-16,361.4000,362.4100,357.2400,357.6000,347.4283,47262000
2021-07-19,354.0500,355.1800,352.0400,354.6700,344.5817,64404600
2021-07-20,355.6300,360.2800,353.8000,358.7900,348.5845,42183700
2021-07-21,358.3500,361.5600,358.1200,361.5600,351.2758,30259900
2021-07-22,361.7700,363.9600,361.7700,363.9500,353.5978,30252200
2021-07-23,365.3100,368.4900,363.9200,368.2000,357.7269,31960800
2021-07-26,367.4900,368.8900,366.6000,368.4900,358.0086,28438100
2021-07-27,368.2200,368.2200,360.1600,364.4300,354.0641,57933100
2021-07-28,365.6000,367.4500,363.2400,365.8300,355.4242,42066200
2021-07-29,365.2500,367.6800,365.2500,366.4800,356.0559,25672500
2021-07-30,362.4400,365.1700,362.4100,364.5700,354.2001,36484600
2021-08-02,366.2800,366.8800,363.8700,364.6000,354.2292,27334100
2021-08-03,365.2800,366.9300,362.0000,366.8100,356.3763,35558500
2021-08-04,366.7700,368.3200,365.6300,367.3400,356.8913,29602200
2021-08-05,368.1800,369.9100,367.4500,369.6700,359.1551,21443900
2021-08-06,368.3700,369.3700,366.9100,368.0500,357.5812,33332100
2021-08-09,368.5200,369.2700,367.3900,368.7300,358.2418,25960200
2021-08-10,369.2600,369.5600,365.6200,366.8400,356.4055,35130800
2021-08-11,368.1400,368.6500,364.8400,366.2100,355.7934,34249800
2021-08-12,365.6900,367.9000,364.3000,367.5300,357.0759,25969200
2021-08-13,367.8900,369.1600,367.3800,368.8200,358.3291,19336200
2021-08-16,367.6700,369.0200,363.7000,368.9800,358.4846,34856900
2021-08-17,366.1500,367.1500,363.2300,365.7300,355.3270,44793900
2021-08-18,365.1800,366.6200,361.8700,362.2100,351.9072,38541900
2021-08-19,360.2200,365.6800,359.9600,363.9600,353.6074,48499400
2021-08-20,365.0600,368.1400,364.7400,367.7300,357.2702,39486000
2021-08-23,368.8000,373.9400,368.7900,373.2300,362.6138,34034700
2021-08-24,373.8400,374.9900,373.3600,374.3700,363.7213,21732900
2021-08-25,374.6300,375.3900,373.8600,374.8000,364.1391,20441900
2021-08-26,373.9200,374.6200,371.9700,372.4200,361.8268,29133300
2021-08-27,373.0700,376.5600,372.5700,376.0400,365.3439,27104700
2021-08-30,376.8500,380.7600,376.8300,380.2600,369.4438,27295700
2021-08-31,380.5100,380.5800,378.3600,379.9500,369.1426,29628200
2021-09-01,381.0400,382.7100,380.3700,380.5800,369.7547,28138300
2021-09-02,381.9700,382.3100,379.1500,380.4000,369.5798,25453400
2021-09-03,379.2200,381.9800,379.2000,381.5700,370.7165,24605400
2021-09-07,381.6800,382.7800,380.4900,382.1100,371.2412,23970200
2021-09-08,381.9300,381.9300,378.4500,380.7800,369.9490,32949200
2021-09-09,381.0100,382.1500,379.2200,379.4700,368.6763,29399000
2021-09-10,381.2300,381.9700,376.2500,376.5900,365.8781,40249400
2021-09-13,378.9900,379.4300,374.2200,376.3300,365.6256,48741800
2021-09-14,377.8600,378.6100,374.2800,375.2600,364.5860,41826600
2021-09-15,375.7300,378.4100,373.3700,378.0500,367.2967,34097900
2021-09-16,376.6800,378.9000,374.7000,378.3100,367.5493,35193100
2021-09-17,377.8200,377.8700,372.7600,373.8300,363.1967,60912300
2021-09-20,367.4600,369.2500,360.9300,365.7000,355.6919,76203200
2021-09-21,367.5800,368.8100,364.9900,366.1500,356.1295,41927500
2021-09-22,367.0900,371.0700,365.9600,369.5700,359.4560,46972900
2021-09-23,370.7600,374.0400,370.1000,372.9800,362.7727,44652000
2021-09-24,370.6500,373.7600,370.2700,373.3300,363.1130,36056800
2021-09-27,370.2000,371.2500,367.7300,370.3500,360.2146,43338100
2021-09-28,365.6700,370.3000,359.3500,359.8700,350.0215,97701600
2021-09-29,361.1700,363.3700,358.6400,359.2800,349.4476,58076600
2021-09-30,360.9700,362.6800,357.1000,357.9600,348.1637,61384600
2021-10-01,358.6000,361.2500,354.3800,360.1800,350.3230,56375500
2021-10-04,358.5200,358.8600,350.3200,352.6200,342.9698,76766000
2021-10-05,353.7100,359.6900,353.4800,357.3800,347.5996,47232900
2021-10-06,354.0800,359.9500,353.1500,359.6700,349.8269,56806500
2021-10-07,362.8000,365.6900,362.2500,362.9700,353.0366,39411200
2021-10-08,364.0800,364.3200,360.6100,361.1600,351.2762,41822300
2021-10-11,359.5800,363.2000,358.3000,358.3900,348.5819,34847200
2021-10-12,359.8800,360.3300,356.4800,357.1400,347.3661,43905100
2021-10-13,359.5100,360.6900,357.4300,360.0000,350.1479,40120800
2021-10-14,363.6900,366.8500,363.0100,366.6300,356.5964,43433900
2021-10-15,367.8800,369.0600,366.8200,368.9400,358.8432,40419900
2021-10-18,367.6100,372.8700,366.9900,372.6500,362.4516,34513500
2021-10-19,373.7500,375.5200,372.7000,375.4700,365.1945,29091000
2021-10-20,375.9400,376.5700,373.4600,374.9800,364.7179,31390300
2021-10-21,374.1600,377.4700,373.8500,377.2700,366.9453,25469300
2021-10-22,375.9800,376.9700,372.3900,374.1000,363.8621,36275800
2021-10-25,375.5600,378.8700,373.5600,377.9300,367.5872,32597800
2021-10-26,380.2300,382.7100,377.9100,379.1200,368.7445,47191300
2021-10-27,379.5800,383.1500,379.3100,380.0000,369.6006,45760500
2021-10-28,381.9500,384.4800,381.1600,384.2200,373.7050,38007000
2021-10-29,381.0600,386.2800,380.7000,386.1100,375.5433,37310100
2021-11-01,386.5600,387.5600,384.4200,387.4300,376.8271,30765300
2021-11-02,386.8000,389.5400,386.7500,389.0500,378.4028,25135300
2021-11-03,389.5500,393.6100,388.4800,393.1800,382.4198,33748900
2021-11-04,394.4800,399.2000,393.9200,398.2200,387.3220,40265300
2021-11-05,400.0400,400.9900,397.1600,398.6000,387.6915,43383800
2021-11-08,398.5700,399.6200,397.4000,398.0600,387.1663,29256300
2021-11-09,399.1600,399.5700,393.9200,395.3200,384.5013,50490700
2021-11-10,392.4700,395.3600,387.5300,389.5100,378.8503,54937400
2021-11-11,392.5700,392.7500,390.2400,390.5900,379.9007,32243000
2021-11-12,391.7700,395.2500,390.1300,394.7000,383.8983,34730600
2021-11-15,395.9100,396.2400,392.1000,394.6100,383.8107,33716900
2021-11-16,393.8600,397.9300,393.6600,397.4200,386.5438,27872900
2021-11-17,397.7500,399.7200,396.6400,397.6300,386.7480,28703300
2021-11-18,399.7300,402.2700,397.4500,401.7500,390.7553,45721500
2021-11-19,403.4300,405.3000,402.5800,403.9900,392.9340,45191700
2021-11-22,405.5700,408.7100,399.1900,399.3000,388.3723,61715400
2021-11-23,398.1100,400.2300,392.9200,397.4800,386.6022,70098700
2021-11-24,394.9300,399.0500,392.5400,398.7600,387.8471,46954400
2021-11-26,396.1100,397.5400,389.7700,391.2000,380.4940,51533300
2021-11-29,395.8900,400.7300,395.1400,399.6900,388.7516,54447100
2021-11-30,398.7800,401.1900,391.7500,393.8200,383.0423,81332700
2021-12-01,398.2800,400.4800,386.6400,387.1200,376.5257,77766500
2021-12-02,385.8000,391.7400,384.3400,389.9100,379.2394,84416600
2021-12-03,391.3100,392.3400,378.9000,383.1300,372.6449,105349100
2021-12-06,383.6300,387.6000,379.3000,386.2000,375.6309,67588800
2021-12-07,393.0300,398.4600,392.9900,397.8300,386.9426,56005300
2021-12-08,398.1700,399.8200,396.2200,399.6100,388.6738,39204000
2021-12-09,398.3500,400.2000,393.5300,393.7300,382.9548,49973700
2021-12-10,396.6200,398.2800,393.3600,398.0100,387.1176,52545800
2021-12-13,398.0000,398.3300,391.8800,392.2600,381.5250,50166400
2021-12-14,387.3000,390.0900,383.6300,388.2000,377.5762,75199200
2021-12-15,387.9400,397.4200,383.8800,397.0500,386.1839,73858000
2021-12-16,398.0400,398.4800,385.2100,386.8400,376.2533,82591400
2021-12-17,383.3300,389.1900,381.7700,384.9100,374.3762,80492500
2021-12-20,379.5700,381.5000,377.4700,380.6900,370.7446,65336800
2021-12-21,384.0500,389.5300,380.2000,389.2100,379.0420,48899500
2021-12-22,388.9100,394.1600,388.2300,393.9500,383.6582,37042200
2021-12-23,394.3100,398.4300,394.1400,396.9200,386.5505,29595500
2021-12-27,398.2500,403.4800,398.2200,403.4800,392.9392,32820700
2021-12-28,404.4000,404.5800,400.7100,401.6100,391.1180,33113700
2021-12-29,401.7500,403.0500,399.1100,401.5500,391.0596,32248500
2021-12-30,401.3300,403.5700,399.7500,400.3500,389.8910,23850100
2021-12-31,399.6600,401.0600,397.3400,397.8500,387.4563,34752900
2022-01-03,399.0500,401.9400,396.8800,401.6800,391.1862,40575900
2022-01-04,402.2400,402.2800,393.2900,396.4700,386.1123,58027200
2022-01-05,394.7400,395.8900,384.0300,384.2900,374.2505,75739800
2022-01-06,382.4200,387.3500,380.1300,384.0200,373.9876,70814300
2022-01-07,384.0300,385.7600,378.0400,379.8600,369.9362,72652300
2022-01-10,374.8200,380.6400,369.3100,380.1100,370.1797,91770500
2022-01-11,379.3600,385.9900,377.2200,385.8200,375.7405,68295700
2022-01-12,388.4600,390.2000,385.0100,387.3500,377.2306,54576400
2022-01-13,388.7700,389.4700,376.7000,377.6600,367.7938,77994000
2022-01-14,375.0700,380.3500,374.8600,380.0100,370.0824,80121200
2022-01-18,374.0400,376.2200,369.7700,370.5500,360.8695,75450900
2022-01-19,372.1500,374.6900,366.2100,366.4800,356.9058,81791500
2022-01-20,369.7900,373.8700,361.1700,361.7200,352.2702,88610700
2022-01-21,359.4700,362.1800,351.4000,351.6900,342.5022,143388900
2022-01-24,345.9100,353.9800,334.1500,353.3000,344.0701,198685800
2022-01-25,346.6700,351.0300,341.6800,345.1100,336.0941,124398400
2022-01-26,352.9100,356.8800,340.7800,344.5700,335.5681,146559500
2022-01-27,349.4000,351.2700,340.0500,341.1000,332.1888,95255700
2022-01-28,343.0300,352.0200,337.9500,351.8000,342.6093,108167900
2022-01-31,353.2000,363.6500,351.5200,363.0500,353.5654,94326400
2022-02-01,364.4300,366.1900,359.1400,365.5200,355.9709,74433000
2022-02-02,369.7600,370.1000,364.2900,368.4900,358.8633,78777100
2022-02-03,358.5300,361.9300,352.4600,353.5500,344.3136,95384800
2022-02-04,354.0800,361.4000,351.9700,358.0100,348.6570,86318300
2022-02-07,358.6200,361.0500,353.8400,355.1300,345.8524,58198100
2022-02-08,353.9600,360.2400,352.8000,359.1200,349.7380,64720900
2022-02-09,363.7600,366.8100,362.1200,366.7300,357.1493,55766400
2022-02-10,359.5200,366.4900,356.5400,358.4300,349.0661,112468500
2022-02-11,358.4300,360.0700,345.8000,347.0600,337.9931,101569100
2022-02-14,346.4900,350.9800,343.8900,347.4900,338.4120,80254400
2022-02-15,352.9100,356.3700,351.8200,356.1300,346.8263,55128800
2022-02-16,353.8200,357.0900,350.7100,356.0400,346.7385,58947100
2022-02-17,352.7400,353.4600,345.0200,345.4500,336.4252,61801400
2022-02-18,346.4100,346.8100,339.1400,341.5100,332.5881,80001500
2022-02-22,338.4900,344.0400,334.3500,338.0800,329.2478,85967100
2022-02-23,341.3200,342.1800,329.1000,329.4200,320.8140,86215400
2022-02-24,318.8400,341.0400,318.2600,340.4900,331.5948,130614100
2022-02-25,341.3100,345.9800,337.3900,345.7700,336.7369,78842100
2022-02-28,342.5100,348.5400,341.3200,346.8000,337.7399,77515500
2022-03-01,345.7500,348.0800,338.9000,341.4900,332.5687,67407000
2022-03-02,343.0800,348.5900,340.2400,347.2200,338.1490,70609000
2022-03-03,349.9300,350.0400,340.3500,342.2600,333.3185,71089400
2022-03-04,339.8400,341.3100,334.9200,337.3000,328.4881,76936300
2022-03-07,337.2900,338.4800,324.6500,324.8600,316.3731,89933800
2022-03-08,324.0500,333.2100,319.9400,323.3500,314.9026,116153900
2022-03-09,331.7500,336.3800,329.0900,334.9900,326.2384,64723400
2022-03-10,330.8200,332.5100,326.7100,331.2700,322.6157,69362700
2022-03-11,334.3200,334.6400,323.9000,324.4000,315.9251,66228400
2022-03-14,323.1300,326.5900,317.4500,318.1700,309.8579,79802600
2022-03-15,320.8800,328.9500,319.2300,328.1500,319.5771,76471000
2022-03-16,332.1700,340.4400,328.4000,340.3200,331.4292,105243000
2022-03-17,338.3700,344.5000,337.0400,344.4400,335.4415,67810000
2022-03-18,342.7400,351.7900,341.5500,351.4900,342.3074,85446300
2022-03-21,350.2000,352.4800,345.5800,350.0800,341.3557,73799100
2022-03-22,350.5900,357.8500,350.2000,356.9600,348.0643,63345900
2022-03-23,354.0100,357.6600,351.7700,351.8300,343.0621,70615500
2022-03-24,353.8000,359.7000,351.5900,359.6500,350.6873,53555300
2022-03-25,359.5900,360.6700,354.9400,359.3500,350.3947,57584200
2022-03-28,359.3400,365.0100,358.0700,364.9100,355.8161,56833900
2022-03-29,368.9000,371.8300,366.0600,371.1900,361.9396,68073000
2022-03-30,369.2800,370.9800,365.5700,367.0900,357.9419,68757700
2022-03-31,367.2400,367.6000,361.6800,362.5400,353.5052,67011400
2022-04-01,362.8100,363.6100,358.5900,361.8500,352.8324,54527800
2022-04-04,362.7100,369.3100,362.4400,369.3000,360.0968,45950200
2022-04-05,367.8100,368.5400,359.9300,361.1000,352.1011,62738700
2022-04-06,355.6500,356.7800,350.5600,353.2600,344.4565,90077100
2022-04-07,352.2400,356.3500,348.6900,354.1000,345.2755,63777400
2022-04-08,352.3200,353.0900,348.5000,349.1500,340.4489,61956100
2022-04-11,344.8100,345.7500,340.5400,340.8900,332.3948,66107400
2022-04-12,345.7600,347.6900,338.0400,339.4500,330.9907,72790200
2022-04-13,339.8000,347.4300,339.0600,346.3500,337.7188,61367800
2022-04-14,346.4400,346.9700,338.2100,338.4300,329.9961,73519400
2022-04-18,337.3500,341.0400,335.7900,338.6900,330.2496,58560600
2022-04-19,338.0300,346.8500,336.9800,346.2600,337.6310,56515700
2022-04-20,347.0900,347.5600,339.9600,341.2100,332.7067,65500000
2022-04-21,345.1900,347.8700,333.2000,334.1500,325.8228,75801000
2022-04-22,334.3100,335.5600,324.9600,325.4000,317.2907,82562100
2022-04-25,323.7300,329.9000,322.4300,329.5800,321.3666,101755900
2022-04-26,327.4700,327.6600,316.8600,317.1400,309.2367,105819600
2022-04-27,317.2400,322.8800,315.0000,316.7600,308.8661,111204200
2022-04-28,321.8500,329.8900,317.5200,328.0100,319.8357,99450000
2022-04-29,323.7000,327.2300,312.6000,313.2500,305.4436,91977900
2022-05-02,312.8300,318.7200,309.6500,318.4800,310.5432,115511800
2022-05-03,318.5000,321.1700,315.9800,318.8200,310.8748,78185500
2022-05-04,319.3100,330.2900,313.8900,329.6000,321.3862,116083400
2022-05-05,325.1700,325.2500,309.6200,313.0000,305.1998,154607400
2022-05-06,310.9500,315.0900,305.1100,309.2500,301.5432,139572800
2022-05-09,303.4800,309.3500,295.7200,297.1500,289.7448,113387300
2022-05-10,304.5100,305.7600,296.5700,300.7600,293.2649,124124600
2022-05-11,298.4400,304.0900,290.9500,291.8400,284.5671,140326100
2022-05-12,287.4500,295.7500,284.9400,291.1500,283.8943,120910900
2022-05-13,295.7200,303.0000,294.0800,301.9400,294.4154,83684900
2022-05-16,300.1500,302.2600,297.1300,298.4400,291.0027,59190400
2022-05-17,304.4500,306.5600,300.5500,306.1700,298.5401,62715300
2022-05-18,301.5400,302.2500,289.8500,291.1400,283.8846,79477100
2022-05-19,289.2900,294.3900,287.5800,289.5800,282.3634,79920700
2022-05-20,293.1300,293.8000,280.2100,288.6800,281.4858,91764200
2022-05-23,289.7500,293.8700,287.2900,293.4800,286.1663,63648400
2022-05-24,288.1300,288.8600,282.2500,287.2400,280.0818,73491100
2022-05-25,285.7100,293.3900,285.5000,291.2600,284.0016,67144500
2022-05-26,290.4400,300.9200,290.1500,299.3300,291.8705,59462200
2022-05-27,302.5400,309.2500,302.4200,309.1000,301.3970,66985600
2022-05-31,309.0700,311.3300,304.3300,308.2800,300.5974,60968300
2022-06-01,310.4700,312.6500,303.7300,306.0000,298.3743,65341700
2022-06-02,304.8500,314.5600,303.4000,314.3800,306.5454,59291300
2022-06-03,309.0300,310.4700,304.9200,306.2000,298.5693,60914700
2022-06-06,310.7500,312.3500,305.6200,307.2200,299.5638,51785000
2022-06-07,303.8100,310.6700,302.6900,309.8700,302.1477,44900300
2022-06-08,309.0500,311.7200,306.7700,307.6400,299.9734,38342100
2022-06-09,305.9100,309.0500,299.2300,299.4000,291.9387,55900500
2022-06-10,293.6500,294.8700,288.3800,288.8400,281.6419,85963500
2022-06-13,279.7500,282.3400,274.5300,275.4100,268.5466,94442000
2022-06-14,277.6600,278.6600,273.3400,275.9100,269.0342,64697500
2022-06-15,279.4200,286.8300,276.6100,282.8000,275.7523,86051400
2022-06-16,275.5900,276.0600,269.2800,271.3900,264.6268,81910300
2022-06-17,272.1800,277.1900,270.5100,274.6900,267.8445,82703400
2022-06-21,278.7500,283.4500,278.6400,281.0800,274.6021,51633700
2022-06-22,278.5200,285.1800,277.9100,280.6700,274.2015,67472900
2022-06-23,283.2100,285.7200,280.3100,284.8500,278.2852,57457800
2022-06-24,287.7400,295.0400,287.5000,294.6100,287.8202,58422300
2022-06-27,296.0000,296.5800,291.2900,292.4500,285.7101,54151500
2022-06-28,293.0000,295.6500,283.3500,283.5400,277.0054,61609800
2022-06-29,283.4000,285.3400,280.8400,283.8000,277.2594,57302700
2022-06-30,280.7500,283.9400,275.7800,280.2800,273.8205,79313600
2022-07-01,278.9500,282.5300,277.0300,282.1300,275.6279,56675100
2022-07-05,278.3100,287.0800,276.7500,286.9600,280.3466,61829300
2022-07-06,287.3500,290.9500,285.5900,288.8000,282.1443,63194700
2022-07-07,289.6300,295.7000,289.6300,294.9800,288.1818,56620100
2022-07-08,292.0800,296.7500,291.1200,295.3500,288.5432,59895500
2022-07-11,292.8800,293.1100,288.1400,289.0400,282.3787,55273900
2022-07-12,290.3200,292.2800,284.6100,286.2400,279.6432,55797100
2022-07-13,280.6000,288.0500,280.0200,285.6500,279.0668,73939400
2022-07-14,282.9900,287.5600,279.8000,286.6700,280.0633,63741800
2022-07-15,289.7300,291.9800,288.0800,291.8700,285.1434,63818100
2022-07-18,294.7200,296.1600,288.2000,289.4000,282.7304,59519600
2022-07-19,293.1100,298.6000,291.4700,298.3000,291.4253,55172600
2022-07-20,298.7300,304.2400,297.9300,303.0300,296.0462,67769400
2022-07-21,303.5000,307.4400,300.7800,307.3800,300.2961,55049400
2022-07-22,306.4300,308.5500,300.1200,301.9900,295.0302,57127700
2022-07-25,302.0200,302.5000,298.2200,300.2700,293.3499,40582400
2022-07-26,298.5300,298.7900,293.5400,294.3700,287.5858,50074100
2022-07-27,299.0400,308.5400,298.4600,306.8100,299.7392,69304400
2022-07-28,306.5900,310.4000,302.7500,309.8100,302.6700,55139900
2022-07-29,311.3900,316.3900,309.9300,315.4600,308.1898,57501000
2022-08-01,313.6500,318.8100,312.5300,315.2700,308.0042,46358800
2022-08-02,312.9200,318.5500,311.8400,314.3300,307.0859,48676500
2022-08-03,316.0500,323.7300,315.9900,322.8900,315.4486,53735700
2022-08-04,322.9700,324.7200,320.7700,324.4000,316.9238,38973700
2022-08-05,319.1900,323.8300,318.3900,321.7500,314.3348,53894000
2022-08-08,322.6900,326.4700,319.2100,320.7100,313.3188,43878500
2022-08-09,318.7700,319.0300,315.4200,317.0800,309.7725,39764200
2022-08-10,324.5900,326.2300,322.0600,325.9300,318.4185,51459600
2022-08-11,328.3100,330.3600,323.3600,324.0800,316.6111,45897700
2022-08-12,326.1800,330.5900,325.1000,330.3900,322.7757,40928400
2022-08-15,329.4200,333.5700,329.4000,333.0600,325.3842,38266600
2022-08-16,332.0600,334.4200,329.1600,332.2800,324.6222,41186900
2022-08-17,329.0700,331.4300,326.3600,328.4900,320.9195,47842200
2022-08-18,328.4400,330.4900,326.7900,329.2800,321.6913,41937200
2022-08-19,326.1700,326.8400,322.0800,322.8600,315.4193,51770600
2022-08-22,318.5000,318.7400,313.5300,314.3600,307.1151,51098900
2022-08-23,314.1200,317.0000,313.3300,314.1000,306.8611,39497100
2022-08-24,313.6100,316.8700,312.9900,315.0100,307.7502,38057100
2022-08-25,316.8300,320.6000,315.7600,320.5800,313.1918,38098300
2022-08-26,320.2800,321.5100,307.3500,307.4400,300.3546,69047700
2022-08-29,304.6200,307.2200,303.2800,304.4100,297.3945,48321900
2022-08-30,306.1000,306.7300,298.4400,301.0200,294.0826,51184500
2022-08-31,303.9900,304.9100,299.1600,299.2700,292.3729,50044000
2022-09-01,296.7200,299.7800,292.9500,299.4000,292.4999,57990700
2022-09-02,302.3400,303.7500,293.5200,295.1700,288.3674,64666800
2022-09-06,295.6600,296.6000,290.8700,293.0500,286.2962,57005400
2022-09-07,293.5400,299.9900,293.2700,298.9700,292.0798,49260400
2022-09-08,296.8500,301.8700,295.4500,300.5200,293.5941,55649800
2022-09-09,302.8300,307.6000,300.5200,307.0900,300.0126,56125200
2022-09-12,308.5000,311.0800,308.1800,310.7400,303.5785,45905700
2022-09-13,301.8000,303.0200,292.7900,293.7000,286.9313,79562200
2022-09-14,294.8700,296.9300,293.0600,296.0300,289.2076,54907200
2022-09-15,294.0700,296.5300,289.4600,291.1000,284.3912,65299400
2022-09-16,287.7200,289.7200,285.6200,289.3200,282.6523,79920400
2022-09-19,286.1000,291.2100,286.0400,291.0500,284.8533,52613800
2022-09-20,288.4900,291.0700,286.3800,288.7300,282.5827,51271100
2022-09-21,289.5900,293.9500,283.4200,283.5600,277.5228,82931000
2022-09-22,282.0000,283.0300,278.8200,280.0700,274.1071,62757100
2022-09-23,277.5500,277.8500,272.0200,275.5100,269.6442,74815200
2022-09-26,275.0300,279.4900,273.5600,274.3700,268.5285,71176700
2022-09-27,277.8100,280.2100,272.1100,274.4800,268.6361,69780100
2022-09-28,274.4600,281.2500,272.9500,279.9400,273.9799,79652100
2022-09-29,275.8600,276.2500,268.8400,271.8700,266.0816,81216000
2022-09-30,271.0300,275.1900,267.1000,267.2600,261.5699,78482400
2022-10-03,269.0700,275.1600,267.5300,273.5300,267.7064,61267400
2022-10-04,278.9900,282.8500,278.9900,282.1300,276.1233,66696900
2022-10-05,278.2800,283.8100,275.4200,281.9800,275.9764,55766300
2022-10-06,280.9600,284.1800,279.4300,279.7600,273.8037,53489400
2022-10-07,275.0200,275.1500,267.7400,269.1000,263.3707,71354700
2022-10-10,269.3000,269.7000,263.6400,266.4100,260.7379,60393000
2022-10-11,264.7000,267.6300,261.0300,262.7500,257.1559,66522500
2022-10-12,263.4000,265.3600,261.9500,262.6600,257.0678,50580200
2022-10-13,255.1600,270.1700,254.2600,268.8200,263.0966,112894100
2022-10-14,271.2000,271.8100,260.1400,260.7400,255.1887,77244300
2022-10-17,266.8400,270.2400,266.7400,269.3500,263.6153,64576500
2022-10-18,276.5300,277.2100,268.7400,271.4800,265.7000,69781000
2022-10-19,269.9300,273.6800,268.0700,270.4900,264.7310,53115400
2022-10-20,269.5800,274.8400,267.9200,269.1100,263.3804,60605500
2022-10-21,267.9800,275.9700,266.8200,275.4200,269.5561,77897700
2022-10-24,275.6900,279.4000,271.9700,278.4500,272.5217,63963600
2022-10-25,279.4100,284.6000,277.9000,284.2100,278.1589,59014500
2022-10-26,278.4600,283.9800,277.4300,277.9300,272.0126,63492400
2022-10-27,276.7900,278.2800,272.3400,272.8700,267.0604,57760300
2022-10-28,272.2300,281.7000,272.0600,281.2200,275.2326,62651300
2022-10-31,278.9200,279.7600,275.9900,277.9500,272.0322,47742000
2022-11-01,281.5000,282.0700,274.7400,275.1100,269.2527,45895900
2022-11-02,275.0800,278.2100,265.6100,265.6800,260.0234,79803100
2022-11-03,263.0100,264.5000,260.1000,260.4900,254.9440,70038900
2022-11-04,265.5300,266.6100,259.0800,264.6800,259.0447,78313200
2022-11-07,265.7500,268.1400,263.5700,267.5900,261.8928,47333800
2022-11-08,269.1400,272.8500,265.5200,269.5400,263.8013,63213800
2022-11-09,267.7600,268.5600,263.0300,263.3200,257.7138,64862100
2022-11-10,276.0100,283.0500,273.8500,282.7500,276.7301,99256700
2022-11-11,282.5600,288.6400,281.1900,287.9600,281.8291,66961800
2022-11-14,285.8600,289.2100,284.4400,285.4400,279.3628,55290700
2022-11-15,292.2100,293.2600,285.9700,289.3900,283.2287,73985400
2022-11-16,287.3900,289.4800,284.6000,285.4400,279.3628,48859800
2022-11-17,280.8800,286.3200,280.7200,284.8100,278.7462,55462100
2022-11-18,287.8900,287.9900,282.3200,284.8200,278.7560,53588600
2022-11-21,283.4000,284.5800,281.0400,281.8900,275.8884,40083500
2022-11-22,282.6400,286.1100,280.4600,285.9500,279.8619,41873400
2022-11-23,285.9700,289.4600,285.7900,288.8200,282.6708,46390000
2022-11-25,287.1900,287.9100,286.4200,286.9200,280.8113,15498800
2022-11-28,284.9000,286.9600,281.7600,282.7100,276.6909,38714200
2022-11-29,282.9400,283.3500,279.1700,280.5700,274.5965,35618900
2022-11-30,280.8400,293.4700,279.9700,293.3600,287.1141,74718100
2022-12-01,293.6900,295.7500,290.8800,293.7200,287.4665,51547300
2022-12-02,288.5400,293.4500,288.3600,292.5500,286.3214,53583200
2022-12-05,290.3800,291.6800,286.1500,287.6400,281.5159,41482100
2022-12-06,287.4800,287.6200,280.2600,281.6800,275.6828,53937600
2022-12-07,280.4700,282.5700,278.7800,280.5300,274.5573,45614300
2022-12-08,281.9100,284.8400,279.7900,283.8500,277.8066,42594900
2022-12-09,282.8100,285.6400,281.5900,282.0400,276.0351,47860500
2022-12-12,282.2200,285.6400,281.1600,285.5800,279.4998,35732500
2022-12-13,296.6500,296.8800,285.9100,288.6500,282.5044,80667700
2022-12-14,288.0500,291.4100,283.1900,286.5100,280.4100,64984400
2022-12-15,282.3300,283.0100,275.6700,276.8900,270.9948,60554100
2022-12-16,276.2000,277.7700,272.6100,274.2500,268.4110,68300400
2022-12-19,273.8700,273.9600,268.4900,269.7500,264.6389,44167900
2022-12-20,268.5600,271.3200,266.9500,269.5400,264.4329,51064200
2022-12-21,270.6000,274.7800,269.7400,273.4500,268.2688,46394700
2022-12-22,270.3800,270.5100,262.4600,266.7600,261.7056,60278400
2022-12-23,265.4700,268.0400,263.5300,267.3600,262.2942,39373600
2022-12-27,266.7400,266.8500,263.0300,263.5800,258.5858,38009000
2022-12-28,263.1700,265.4700,259.7300,260.1000,255.1717,47139000
2022-12-29,262.9600,267.4000,262.2500,266.4400,261.3915,45893600
2022-12-30,263.6200,266.4100,262.2900,266.2800,261.2346,37858300
2023-01-03,268.6500,270.1500,262.1300,264.4800,259.4687,42335300
2023-01-04,266.6400,267.4500,262.5300,265.7400,260.7049,47754900
2023-01-05,264.0400,264.2100,261.2600,261.5800,256.6237,45396700
2023-01-06,263.3500,269.9400,260.3400,268.8000,263.7068,54659700
2023-01-09,270.8300,275.2900,269.9200,270.5400,265.4140,45568700
2023-01-10,269.4900,272.9400,268.9700,272.8300,267.6605,35247800
2023-01-11,273.9200,277.6600,273.1200,277.5500,272.2911,44077000
2023-01-12,278.1200,280.1000,273.7400,279.0500,273.7626,60600000
2023-01-13,276.5000,281.2200,276.1600,280.9700,275.6463,44802900
2023-01-17,280.7700,282.8500,279.5800,281.5400,276.2055,36269700
2023-01-18,283.1100,284.6900,277.6700,277.8800,272.6148,47754500
2023-01-19,276.2200,277.3800,273.8900,275.1500,269.9366,44150400
2023-01-20,276.7900,283.0200,275.7100,282.6800,277.3239,60613600
2023-01-23,283.5400,290.2100,282.7300,288.9600,283.4849,52799900
2023-01-24,287.3100,289.5500,286.7800,288.3700,282.9060,44875100
2023-01-25,283.7700,288.3600,281.1800,287.7300,282.2782,50872000
2023-01-26,291.2200,293.5200,288.5200,293.3400,287.7819,51596300
2023-01-27,292.0000,298.2600,291.8800,296.2600,290.6467,56441900
2023-01-30,292.9300,294.3800,289.8900,290.2700,284.7701,49405800
2023-01-31,290.3100,294.7200,290.2000,294.6200,289.0377,46705100
2023-02-01,294.4100,303.4300,292.3000,300.9200,295.2183,67562200
2023-02-02,307.5700,313.6800,306.7300,311.7200,305.8137,83070600
2023-02-03,304.9400,312.3900,304.5400,306.1800,300.3787,76170800
2023-02-06,303.5100,305.9100,302.2200,303.5900,297.8377,40802300
2023-02-07,303.4600,311.0300,302.3200,309.8800,304.0085,67584000
2023-02-08,308.5400,309.5000,303.6700,304.3700,298.6029,56720900
2023-02-09,308.8400,308.9900,300.2000,301.6800,295.9638,49137800
2023-02-10,299.4800,301.5700,297.2500,299.7000,294.0214,50050100
2023-02-13,301.1300,305.1000,299.9300,304.5000,298.7304,39636700
2023-02-14,302.8900,307.7200,300.9100,306.7500,300.9378,64079100
2023-02-15,304.9000,309.2700,304.2000,309.1000,303.2433,43100600
2023-02-16,304.3800,308.4300,303.1500,303.3000,297.5532,59498600
2023-02-17,301.0700,301.9300,298.1000,301.1600,295.4538,58230700
2023-02-21,297.2600,298.7300,293.8900,294.0300,288.4588,46526700
2023-02-22,294.6200,296.3600,292.5600,294.2500,288.6746,51389200
2023-02-23,297.9700,298.1300,292.5500,296.8200,291.1960,69294400
2023-02-24,291.7600,292.9700,290.0500,291.8500,286.3202,74332000
2023-02-27,295.0700,296.4900,293.3400,293.9400,288.3705,48995000
2023-02-28,293.3000,296.1200,292.9600,293.5600,287.9978,48243100
2023-03-01,293.2600,293.9300,290.2000,291.2000,285.6824,58287000
2023-03-02,288.6600,294.4300,288.3700,293.6100,288.0468,53565900
2023-03-03,295.3900,299.9200,294.8700,299.6800,294.0017,60511500
2023-03-06,300.9400,304.0000,299.8200,300.0200,294.3353,56736300
2023-03-07,300.0700,301.0100,295.7200,296.3400,290.7251,65955800
2023-03-08,296.7700,298.4300,294.8800,297.8200,292.1771,50876300
2023-03-09,298.3300,300.9800,291.8300,292.6600,287.1148,71456700
2023-03-10,292.8300,294.3500,287.3800,288.5500,283.0826,98593600
2023-03-13,286.7300,294.4700,285.1900,290.6900,285.1821,97123600
2023-03-14,294.3100,297.9300,293.4500,297.3700,291.7355,73602500
2023-03-15,294.7100,299.2700,293.2400,298.9300,293.2660,83631500
2023-03-16,298.0000,307.1800,297.1900,306.8100,300.9967,98198100
2023-03-17,306.7200,309.1500,303.3700,305.3600,299.5742,89923700
2023-03-20,304.2600,306.3000,302.0100,305.9700,300.6373,56359500
2023-03-21,307.9400,310.8000,306.4000,310.3400,304.9311,49757000
2023-03-22,310.2700,315.2500,305.9500,306.1200,300.7847,75791900
2023-03-23,309.9200,314.1500,307.0100,309.7500,304.3514,74576000
2023-03-24,309.3200,310.9900,306.9500,310.8900,305.4716,57195200
2023-03-27,311.6000,312.7000,307.8900,308.7600,303.3787,50287400
2023-03-28,308.1700,308.2000,304.7700,307.1200,301.7673,48585900
2023-03-29,310.8800,313.3500,310.0500,312.7200,307.2697,53274300
2023-03-30,315.2400,316.3200,312.8100,315.6800,310.1781,58354800
2023-03-31,315.9100,321.1700,315.6000,320.9300,315.3366,62138100
2023-04-03,318.7700,320.4200,317.4200,320.1500,314.5702,47126800
2023-04-04,320.6000,321.6300,317.8300,319.0700,313.5090,45875400
2023-04-05,318.1000,319.0600,314.0700,315.9200,310.4139,62795700
2023-04-06,314.2400,318.5500,312.8200,318.0500,312.5068,46916500
2023-04-10,315.0700,317.9200,313.2500,317.8700,312.3300,45134700
2023-04-11,317.8300,317.8900,315.3100,315.8300,310.3255,40113600
2023-04-12,317.8200,318.4200,312.5700,313.0400,307.5841,62813300
2023-04-13,314.8300,319.6500,313.6300,319.1700,313.6073,54613800
2023-04-14,317.5900,320.3600,315.6100,318.5700,313.0177,56278300
2023-04-17,318.1500,319.2000,316.0400,318.8400,313.2829,43007000
2023-04-18,320.9900,321.4200,317.6400,318.8600,313.3026,46746900
2023-04-19,316.4100,319.7900,316.2800,318.7100,313.1552,38960100
2023-04-20,315.6900,319.2700,314.9700,316.2800,310.7676,62462100
2023-04-21,315.9100,317.4000,314.1000,316.6100,311.0918,59002300
2023-04-24,316.3800,317.7400,313.7400,315.9500,310.4433,44043100
2023-04-25,314.2900,314.9700,309.8900,309.9900,304.5872,57121600
2023-04-26,313.4400,314.9400,311.3400,311.8700,306.4345,55400500
2023-04-27,315.7000,320.8600,315.0500,320.3500,314.7667,65430400
2023-04-28,320.1100,322.6500,318.9600,322.5600,316.9381,59712600
2023-05-01,322.0900,323.6300,321.0900,322.1900,316.5746,41013400
2023-05-02,322.1200,322.4500,317.6100,319.3800,313.8136,56519400
2023-05-03,319.7500,322.4700,317.1800,317.2900,311.7600,59882100
2023-05-04,317.0600,318.2300,315.1200,316.1700,310.6595,50224500
2023-05-05,318.4700,323.7600,316.2100,322.8900,317.2624,51806100
2023-05-08,322.4200,324.0400,321.3200,323.6900,318.0485,36465800
2023-05-09,322.0000,322.8800,321.3200,321.6400,316.0342,31768800
2023-05-10,324.1200,326.0100,321.6000,325.1400,319.4732,60446600
2023-05-11,325.7000,326.7500,324.1200,326.2000,320.5147,44278500
2023-05-12,326.7400,327.1700,322.9400,325.0300,319.3652,48432800
2023-05-15,325.5100,327.0300,323.9600,326.7900,321.0944,33375600
2023-05-16,326.0600,328.9000,326.0200,327.1600,321.4580,40019200
2023-05-17,328.2400,331.7100,327.0400,331.1200,325.3490,47486100
2023-05-18,331.5200,337.4900,331.5000,337.2700,331.3918,64213500
2023-05-19,337.4900,338.2100,335.4300,336.5100,330.6451,61554900
2023-05-22,336.2500,338.6700,336.2400,337.6400,331.7554,43015900
2023-05-23,335.8900,337.0600,333.0000,333.3600,327.5499,48216700
2023-05-24,331.3700,332.9100,329.5600,331.6500,325.8697,62891200
2023-05-25,339.1400,341.0100,336.6700,339.7200,333.7991,66862800
2023-05-26,340.7600,349.2500,340.6600,348.4000,342.3279,63007000
2023-05-30,352.7100,353.9300,348.5300,349.9800,343.8803,72652200
2023-05-31,348.3700,350.6000,346.5100,347.9900,341.9249,65105400
2023-06-01,347.7300,353.3600,346.6600,352.0100,345.8748,50488600
2023-06-02,353.8000,355.8300,352.0100,354.6500,348.4688,53372100
2023-06-05,354.4300,357.5000,353.8500,354.9000,348.7144,47266200
2023-06-06,354.2800,355.8200,352.9300,354.8400,348.6555,41390400
2023-06-07,355.1300,357.1200,348.1800,348.8200,342.7405,69225900
2023-06-08,349.1200,353.6200,348.8900,353.1500,346.9950,47153900
2023-06-09,354.6300,357.6600,353.0300,354.5000,348.3214,53196900
2023-06-12,356.1900,360.5900,355.2000,360.4900,354.2071,44606500
2023-06-13,363.2900,364.1100,360.0300,363.2600,356.9288,57097800
2023-06-14,363.2700,366.1900,360.4200,365.9000,359.5228,69525600
2023-06-15,364.6100,371.7700,363.9800,370.2600,363.8069,71138800
2023-06-16,372.7200,372.8500,367.4800,367.9300,361.5174,80932000
2023-06-20,365.9500,368.3200,363.8900,366.9000,360.9999,49204700
2023-06-21,365.7400,366.1800,360.9600,361.9000,356.0802,53378300
2023-06-22,360.6300,366.3300,360.2200,366.1700,360.2816,47603000
2023-06-23,362.2100,364.8800,360.8200,362.5400,356.7100,48922900
2023-06-26,362.0000,364.8400,357.5900,357.6800,351.9281,52685500
2023-06-27,359.2500,364.5700,358.5100,363.8300,357.9792,49428100
2023-06-28,361.9800,366.5200,361.9000,364.5400,358.6779,46498000
2023-06-29,364.2400,364.8900,362.1400,363.8100,357.9596,46151000
2023-06-30,367.5500,370.4900,367.2300,369.4200,363.4793,58712500
2023-07-03,370.0700,370.9300,368.9700,370.2900,364.3354,19432900
2023-07-05,368.7000,372.0100,368.6600,370.2800,364.3255,34460900
2023-07-06,366.5100,367.9100,364.5200,367.4600,361.5508,49374700
2023-07-07,367.2300,370.4800,366.0100,366.2400,360.3504,47133700
2023-07-10,365.9600,367.0500,363.4100,366.3600,360.4685,48498800
2023-07-11,366.7900,368.6300,364.6200,368.1700,362.2495,38214100
2023-07-12,372.3400,374.1900,370.3000,372.8200,366.8247,61975400
2023-07-13,376.0500,379.9900,375.4600,379.1500,373.0529,46960000
2023-07-14,379.5900,382.8600,378.1800,379.0700,372.9742,55148500
2023-07-17,379.8000,383.5000,379.3100,382.6100,376.4572,40868900
2023-07-18,381.9600,387.1300,380.0000,385.7400,379.5369,55262000
2023-07-19,386.8200,387.9800,384.3000,385.6500,379.4484,54093000
2023-07-20,382.6100,384.1000,375.7200,376.7600,370.7013,71941700
2023-07-21,379.1800,379.9200,375.1900,375.6300,369.5895,60499600
2023-07-24,376.6200,377.5800,374.3400,376.2300,370.1798,40380100
2023-07-25,376.9500,380.4700,376.9300,378.7800,372.6888,38894400
2023-07-26,377.7200,379.2400,375.1800,377.5200,371.4491,47075700
2023-07-27,383.0700,384.7100,375.3100,376.6200,370.5636,63940200
2023-07-28,380.7400,384.5200,380.2200,383.4800,377.3133,56902900
2023-07-31,383.7900,384.8800,382.3400,383.6800,377.5100,44019900
2023-08-01,382.3100,383.5600,380.6900,382.7900,376.6344,41060600
2023-08-02,379.2600,379.2600,373.1300,374.3900,368.3694,72687100
2023-08-03,371.9400,375.9500,371.7700,373.7900,367.7791,47666400
2023-08-04,375.7500,378.1000,371.5300,372.0400,366.0571,61702800
2023-08-07,373.8800,375.2900,371.5100,375.1900,369.1566,37230400
2023-08-08,372.6400,372.6600,368.8200,372.0000,366.0179,44726500
2023-08-09,372.2900,372.4500,367.1400,367.9100,361.9937,51150900
2023-08-10,370.9700,374.3600,367.0400,368.5900,362.6627,72035300
2023-08-11,365.9900,368.0000,364.6900,366.2400,360.3504,48707200
2023-08-14,365.4300,370.4700,364.7000,370.3500,364.3944,42130800
2023-08-15,369.3600,370.1700,365.7400,366.4200,360.5276,45539900
2023-08-16,365.8700,367.4300,362.4400,362.5400,356.7100,53190500
2023-08-17,363.9600,364.3100,358.1600,358.5800,352.8136,62604300
2023-08-18,355.2600,359.4100,354.7100,358.1300,352.3709,61191400
2023-08-21,359.6200,364.5900,359.1500,363.9000,358.0481,50696500
2023-08-22,366.5500,366.5600,362.6800,363.3800,357.5365,44530200
2023-08-23,364.5800,370.2200,364.3600,369.1100,363.1743,51770600
2023-08-24,372.6400,372.7400,361.0100,361.2200,355.4112,66842500
2023-08-25,362.0700,365.7400,358.5800,364.0200,358.1661,69960500
2023-08-28,366.9900,367.7100,364.2500,366.7600,360.8621,40910000
2023-08-29,366.5600,375.1300,366.2300,374.7700,368.7433,58492400
2023-08-30,374.8800,377.4500,373.8600,376.8600,370.7997,41731500
2023-08-31,376.9400,379.7200,376.8700,377.9900,371.9116,35730700
2023-09-01,380.4000,380.8300,376.0800,377.5900,371.5180,39801200
2023-09-05,376.7700,379.3100,375.8300,378.0700,371.9902,32344200
2023-09-06,377.2800,377.6300,372.7000,374.7400,368.7138,42998700
2023-09-07,370.2100,372.8500,369.1500,372.0600,366.0769,52060700
2023-09-08,372.0100,374.8500,371.6000,372.5800,366.5885,35800100
2023-09-11,375.6600,377.4900,373.6600,376.9700,370.9079,39936600
2023-09-12,375.2700,376.9500,372.5000,372.7900,366.7951,41391000
2023-09-13,373.0300,375.8400,371.8800,374.2100,368.1923,46300700
2023-09-14,375.9900,378.2700,373.8900,377.2700,371.2031,48039400
2023-09-15,375.9100,376.3200,369.8600,370.8100,364.8470,69811200
2023-09-18,369.3200,371.7900,369.0300,370.6600,365.2273,36903500
2023-09-19,369.3200,370.6800,366.8000,369.8700,364.4489,37621700
2023-09-20,370.9500,371.3100,364.4600,364.5400,359.1970,45514200
2023-09-21,360.8000,361.6000,357.6900,357.8600,352.6149,69734800
2023-09-22,359.6300,361.8000,357.5900,357.9100,352.6642,51589700
2023-09-25,356.9300,359.7000,355.9300,359.6100,354.3393,39168000
2023-09-26,356.9900,357.5400,353.2100,354.2100,349.0185,53657700
2023-09-27,355.3800,356.9800,351.3600,355.0400,349.8363,56066000
2023-09-28,354.1100,360.1700,353.2400,358.0100,352.7628,56453300
2023-09-29,361.5400,362.9500,357.0200,358.2700,353.0190,64829600
2023-10-02,358.5400,362.6800,357.9200,361.2600,355.9651,51625100
2023-10-03,358.7800,361.0100,353.2800,354.9200,349.7180,60478500
2023-10-04,355.7700,360.6100,355.3000,359.7500,354.4772,54786700
2023-10-05,359.7400,360.1500,355.1400,358.6900,353.4328,45897400
2023-10-06,355.6500,365.9100,354.8500,364.7000,359.3547,75049100
2023-10-09,362.3000,367.1100,360.7800,366.5600,361.1874,45304800
2023-10-10,366.9000,371.2800,366.3900,368.5900,363.1876,46968800
2023-10-11,369.9400,371.4100,368.1900,371.2200,365.7791,38215100
2023-10-12,371.7300,373.7400,367.5000,369.9300,364.5080,49587900
2023-10-13,370.5700,371.1600,363.8600,365.2800,359.9262,52469900
2023-10-16,366.6200,370.4800,366.4700,369.4100,363.9957,44201100
2023-10-17,365.8100,369.9200,363.6600,368.2000,362.8034,50999100
2023-10-18,365.6700,367.9100,362.0200,363.3700,358.0441,54280500
2023-10-19,364.8100,366.0200,359.1600,359.9700,354.6940,72274200
2023-10-20,359.4600,360.0400,354.3700,354.6000,349.4027,72559700
2023-10-23,353.2600,359.2600,351.1200,355.6700,350.4570,60665200
2023-10-24,357.5100,359.9100,355.7900,359.1300,353.8663,47082100
2023-10-25,356.7000,356.8800,349.7500,350.3400,345.2052,71190500
2023-10-26,349.1200,350.0700,342.3500,343.6600,338.6231,78621400
2023-10-27,346.4300,348.8400,344.0800,345.3100,340.2489,63476700
2023-10-30,347.8300,350.5400,346.4500,349.2000,344.0818,55298500
2023-10-31,349.2300,351.2500,346.6200,350.8700,345.7274,47671900
2023-11-01,351.7200,357.5300,351.6200,356.9600,351.7282,58992700
2023-11-02,361.5400,363.6800,360.3000,363.4400,358.1131,58162400
2023-11-03,364.7500,369.0200,364.5200,367.7100,362.3206,53280500
2023-11-06,368.4900,369.7800,366.9100,369.2100,363.7985,38848700
2023-11-07,370.2700,373.5800,369.0500,372.7000,367.2374,50777400
2023-11-08,373.0800,373.7900,370.6200,372.9400,367.4739,35663400
2023-11-09,373.6400,374.8000,369.5700,370.0700,364.6460,53859400
2023-11-10,371.8200,378.5400,371.2800,378.3900,372.8440,58309800
2023-11-13,376.7900,378.2800,375.2400,377.2100,371.6813,40733500
2023-11-14,383.7100,386.2600,383.1800,385.3300,379.6823,67792600
2023-11-15,387.2500,387.7500,384.2400,385.6200,379.9681,54141400
2023-11-16,384.8400,386.1900,383.5600,385.9500,380.2932,45343500
2023-11-17,385.2100,387.0700,384.2900,386.0400,380.3819,46571900
2023-11-20,386.0500,391.4100,386.0500,390.7400,385.0130,44429600
2023-11-21,389.0100,389.2300,386.7000,388.4700,382.7763,43337000
2023-11-22,390.5700,393.0700,389.0400,390.0600,384.3430,44121000
2023-11-24,389.6500,390.2500,388.5000,389.5100,383.8010,15718800
2023-11-27,389.0100,391.1500,388.2800,389.1700,383.4661,34139700
2023-11-28,388.4100,390.7800,388.0500,390.1900,384.4710,35491100
2023-11-29,392.6900,394.1400,389.4600,389.8100,384.0966,38811700
2023-11-30,390.0800,390.5500,385.8200,388.8300,383.1310,52834400
2023-12-01,387.7500,390.5400,386.0700,389.9400,384.2247,40490100
2023-12-04,386.0900,386.6000,382.6600,386.3200,380.6578,51186900
2023-12-05,384.3900,388.5000,384.2100,387.2900,381.6136,42933000
2023-12-06,390.2700,390.3700,384.7000,385.0500,379.4064,41994100
2023-12-07,388.0700,391.2700,386.9600,390.4300,384.7076,49593500
2023-12-08,388.6700,392.6200,388.4800,392.1700,386.4220,46687500
2023-12-11,391.7400,395.7900,391.5300,395.5200,389.7229,41198000
2023-12-12,395.5600,398.7900,394.4100,398.6700,392.8268,39221200
2023-12-13,399.6200,404.3600,398.8400,403.7400,397.8225,55408100
2023-12-14,404.9800,406.3000,400.3400,403.3900,397.4776,55447800
2023-12-15,404.1800,406.5400,403.5700,405.3400,399.3990,62896600
2023-12-18,404.9300,407.9900,404.6000,407.0800,401.9146,46610000
2023-12-19,407.5400,409.2800,407.3500,409.1600,403.9683,35711900
2023-12-20,408.3500,410.4700,402.9000,403.0800,397.9655,54042400
2023-12-21,407.0600,408.1400,404.4700,407.7700,402.5959,45568900
2023-12-22,409.0000,409.9700,406.4800,408.3800,403.1982,34314000
2023-12-26,409.2500,411.5600,409.1500,410.8800,405.6665,22722500
2023-12-27,410.9500,411.7900,410.0800,411.5000,406.4923,31980500
2023-12-28,412.6700,412.9200,410.9400,411.3000,406.2947,27029200
2023-12-29,411.2800,411.6400,407.5800,409.5200,404.5364,42662100
2024-01-02,405.8400,406.0900,400.2400,402.5900,397.6908,58026900
2024-01-03,399.9300,401.0000,397.8900,398.3300,393.4826,47002800
2024-01-04,396.4400,399.5900,396.0600,396.2800,391.4576,39432800
2024-01-05,396.4500,399.5600,395.3400,396.7500,391.9218,44922800
2024-01-08,397.9900,405.2400,397.8400,404.9500,400.0220,42473800
2024-01-09,401.9100,406.6900,401.7100,405.7500,400.8123,39132900
2024-01-10,406.0700,409.5200,405.1700,408.5000,403.5288,33962800
2024-01-11,409.7900,411.2000,404.2400,409.3500,404.3685,54536200
2024-01-12,410.4000,411.2500,408.1500,409.5600,404.5759,39595000
2024-01-16,408.3100,411.1200,406.8300,409.5200,404.5364,43903000
2024-01-17,406.1700,407.5900,402.9200,407.2100,402.2545,54386000
2024-01-18,410.5200,413.5800,409.1600,412.9900,407.9642,59562500
2024-01-19,415.2200,421.3400,414.6300,421.1800,416.0545,70325100
2024-01-22,423.4100,424.7300,421.1200,421.7300,416.5978,44880600
2024-01-23,422.4300,423.7000,420.5700,423.4800,418.3265,33003800
2024-01-24,427.4400,429.8500,425.3300,425.8300,420.6479,46948000
2024-01-25,428.3600,429.0400,423.9800,426.3500,421.1616,44367200
2024-01-26,424.4400,426.2100,423.1500,423.8100,418.6525,37137000
2024-01-29,424.2700,428.3500,423.6100,428.1500,422.9397,38694700
2024-01-30,427.1000,427.6800,424.3800,425.3000,420.1244,36739000
2024-01-31,420.8500,422.8700,416.7900,416.9700,411.8958,64010600
2024-02-01,418.7900,422.3800,417.8100,421.8800,416.7460,51008600
2024-02-02,423.8000,430.2400,422.7900,429.0100,423.7892,59602400
2024-02-05,429.0700,429.6100,425.0000,428.4500,423.2361,39889200
2024-02-06,429.6100,430.2200,425.2200,427.5900,422.3865,35846100
2024-02-07,430.4100,432.8300,429.0900,431.9900,426.7330,37712700
2024-02-08,432.1100,433.5600,431.4200,432.7900,427.5233,29889900
2024-02-09,433.9400,437.8500,433.1400,437.0500,431.7314,36943900
2024-02-12,436.9400,439.1400,434.6500,435.3400,430.0422,33203300
2024-02-13,427.2800,431.2700,425.3300,428.5500,423.3348,64491700
2024-02-14,431.2600,433.6500,428.8800,433.2200,427.9480,45092700
2024-02-15,433.9200,434.9800,431.3300,434.5100,429.2223,38796100
2024-02-16,434.8900,434.9900,429.8500,430.5700,425.3303,53716500
2024-02-20,428.5500,430.0800,423.5000,427.3200,422.1198,53999500
2024-02-21,424.5500,425.7000,421.6300,425.6100,420.4306,49779000
2024-02-22,434.4900,439.1200,433.7100,438.0700,432.7390,53887800
2024-02-23,439.6500,440.5900,435.7900,436.7800,431.4647,39853900
2024-02-26,437.6000,438.6000,436.3600,436.5500,431.2374,33043200
2024-02-27,437.6700,437.9900,435.0300,437.6000,432.2747,33713200
2024-02-28,435.4300,436.6700,434.3000,435.2700,429.9730,32938800
2024-02-29,438.2300,440.0900,435.0200,439.0000,433.6577,42495200
2024-03-01,439.9000,446.5800,439.8400,445.6100,440.1872,43853000
2024-03-04,445.6100,446.0400,443.7700,444.0200,438.6165,34325700
2024-03-05,440.9400,440.9500,433.6500,436.0500,430.7436,57917100
2024-03-06,440.3200,441.9900,436.8900,438.7900,433.4502,46234500
2024-03-07,442.4200,446.7200,440.8600,445.4500,440.0292,44526700
2024-03-08,445.8100,448.6400,438.3400,439.0200,433.6774,72096000
2024-03-11,437.5100,438.6600,435.4400,437.3900,432.0673,45860000
2024-03-12,439.7300,444.0200,436.4600,443.6600,438.2610,55300900
2024-03-13,442.6500,442.6700,439.1200,440.2500,434.8925,37928700
2024-03-14,441.5000,442.0300,436.3900,439.1400,433.7960,52195200
2024-03-15,436.0700,438.8700,432.7400,433.9200,428.6395,73069800
2024-03-18,438.7300,441.0400,437.2400,437.4800,432.7276,47323800
2024-03-19,435.4500,438.9800,433.3300,438.5700,433.8058,43004100
2024-03-20,439.7800,444.1100,438.0600,443.7700,438.9492,43653500
2024-03-21,448.8800,449.3400,445.6700,445.8700,441.0265,39345700
2024-03-22,445.3500,447.4900,444.4900,446.3800,441.5309,28253900
2024-03-25,443.5500,446.2600,442.5400,444.7600,439.9285,27789200
2024-03-26,446.3000,447.2300,443.0900,443.3200,438.5042,34142000
2024-03-27,446.4400,446.5400,441.9300,444.8300,439.9977,41359200
2024-03-28,444.7800,445.6400,443.6500,444.0100,439.1867,36839600
2024-04-01,444.9700,447.5300,443.0200,444.9500,440.1165,38729000
2024-04-02,440.0800,441.4300,438.0300,441.1100,436.3181,44259700
2024-04-03,438.9600,444.0000,438.9500,442.1000,437.2974,39949800
2024-04-04,446.3300,446.9500,435.1100,435.3400,430.6108,57267700
2024-04-05,436.7800,443.1700,435.9600,440.4700,435.6851,54744600
2024-04-08,441.4100,442.5000,439.2000,440.6000,435.8138,28144900
2024-04-09,442.9600,443.2400,437.4400,442.2300,437.4260,39443600
2024-04-10,437.0000,439.2400,436.2800,438.3700,433.6079,61502200
2024-04-11,440.2600,446.3300,437.9600,445.3700,440.5319,45474600
2024-04-12,441.1000,442.2400,436.8800,438.2700,433.5090,53665000
2024-04-15,442.0600,442.1500,430.2100,431.0600,426.3773,63453600
2024-04-16,430.9000,433.7600,429.7000,431.1000,426.4169,47619000
2024-04-17,433.1000,433.1200,424.9000,425.8400,421.2141,56880500
2024-04-18,426.4900,428.2400,422.8300,423.4100,418.8105,46549400
2024-04-19,422.2200,422.7500,413.0700,414.6500,410.1456,75231000
2024-04-22,417.3100,421.1800,413.9400,418.8200,414.2703,47807700
2024-04-23,420.7700,426.2800,418.8700,425.0700,420.4524,44384700
2024-04-24,428.2000,429.7300,424.2000,426.5100,421.8768,48440300
2024-04-25,419.2400,425.3200,418.1400,424.4500,419.8392,57392200
2024-04-26,427.6200,432.5500,426.9200,431.0000,426.3180,41874900
2024-04-29,433.1300,433.7600,429.9800,432.7500,428.0490,30022200
2024-04-30,431.1500,432.5600,424.5100,424.5900,419.9776,43665900
2024-05-01,423.1500,430.1400,420.6600,421.5200,416.9410,52251700
2024-05-02,425.3000,427.8100,420.6300,426.9000,422.2625,36559000
2024-05-03,434.4400,436.4800,432.6200,435.4800,430.7494,48515300
2024-05-06,437.3000,440.3400,436.5200,440.2500,435.4675,30227200
2024-05-07,440.7000,441.9700,439.5800,440.3200,435.5367,30996100
2024-05-08,437.6700,441.4800,437.5500,440.0600,435.2796,24896700
2024-05-09,440.3300,441.6000,438.4600,441.0200,436.2291,24580100
2024-05-10,442.5400,444.3100,440.5000,442.0600,437.2578,27116600
2024-05-13,443.9900,444.0900,441.6500,443.0800,438.2668,22994200
2024-05-14,442.6500,446.4700,442.4600,445.9300,441.0858,34478300
2024-05-15,448.4300,453.1500,446.9000,452.9000,447.9801,41464700
2024-05-16,452.7100,454.6900,451.8100,451.9800,447.0701,34780400
2024-05-17,452.1100,452.7200,449.5400,451.7600,446.8524,35803700
2024-05-20,451.9800,455.5800,451.7900,454.9100,449.9683,24474200
2024-05-21,453.0400,455.9900,452.8400,455.8000,450.8485,23167700
2024-05-22,456.0600,456.8200,453.0800,455.7100,450.7596,25120000
2024-05-23,460.5500,460.5800,451.8500,453.6600,448.7318,40899200
2024-05-24,455.2900,459.2300,453.5700,457.9500,452.9753,29669500
2024-05-28,459.1800,459.7400,456.6900,459.6800,454.6864,26216800
2024-05-29,455.4800,458.2400,455.3400,456.4400,451.4816,29739200
2024-05-30,455.5000,455.6400,450.2100,451.5500,446.6448,30536800
2024-05-31,451.7800,452.4800,443.0600,450.7100,445.8139,55941300
2024-06-03,454.5700,455.5800,447.9000,453.1300,448.2076,32997500
2024-06-04,452.8700,455.5800,451.1300,454.3700,449.4341,23767400
2024-06-05,457.9800,463.6100,454.4100,463.5300,458.4946,33817400
2024-06-06,464.2200,464.5400,462.1900,463.3700,458.3364,21966800
2024-06-07,463.0000,465.7400,461.8400,462.9600,457.9308,25829700
2024-06-10,461.8200,465.1900,461.5300,464.8300,459.7805,20660800
2024-06-11,463.5400,468.1400,462.0300,468.0200,462.9358,22053300
2024-06-12,471.9900,476.5000,471.2900,474.1500,468.9993,34532600
2024-06-13,477.7200,478.3900,474.4200,476.7200,471.5413,25859000
2024-06-14,476.5200,479.2600,476.0500,479.1900,473.9845,23372600
2024-06-17,479.4600,486.8600,478.1400,485.0600,479.7907,37054500
2024-06-18,485.0100,485.9000,483.4300,485.2100,479.9391,24438600
2024-06-20,486.4200,486.8400,479.6200,481.4700,476.2398,33918700
2024-06-21,481.1900,482.5400,478.6700,480.1800,474.9637,37456800
2024-06-24,478.1800,479.9300,473.8200,473.9600,469.5564,37751000
2024-06-25,476.0700,479.6800,475.1200,479.3800,474.9261,29014700
2024-06-26,478.5500,480.9200,478.1300,480.3700,475.9069,22737100
2024-06-27,480.1200,483.1000,479.3000,481.6100,477.1353,26222100
2024-06-28,482.4100,487.2000,478.4600,479.1100,474.6586,34881600
2024-07-01,480.0400,482.4900,476.2600,481.9200,477.4425,24898300
2024-07-02,480.4100,487.0400,480.2800,486.9800,482.4555,26723600
2024-07-03,486.2200,491.1700,486.2200,491.0400,486.4778,18064900
2024-07-05,491.8900,496.6000,491.5900,496.1600,491.5502,28495900
2024-07-08,496.5300,497.9000,495.5000,497.3400,492.7192,22109400
2024-07-09,498.8700,500.0000,496.2400,497.7700,493.1452,25614500
2024-07-10,499.7100,503.5200,498.3900,502.9600,498.2870,28046900
2024-07-11,503.0700,503.2800,490.7300,491.9300,487.3595,49966600
2024-07-12,492.5100,499.6200,492.0400,494.8200,490.2227,37109400
2024-07-15,496.6100,501.0100,494.0900,496.1500,491.5403,31151400
2024-07-16,497.6200,498.4400,493.1500,496.3400,491.7285,25950600
2024-07-17,488.2800,488.8000,481.7000,481.7700,477.2939,56268800
2024-07-18,485.5300,485.7100,476.2700,479.4900,475.0351,49347400
2024-07-19,479.1500,481.6900,473.9400,475.2400,470.8246,42042900
2024-07-22,481.1600,483.3500,477.7100,482.3200,477.8388,40300000
2024-07-23,481.4100,484.4300,480.1400,480.6200,476.1546,23282500
2024-07-24,473.8200,474.1900,462.5100,463.3800,459.0748,58818600
2024-07-25,463.7200,467.9400,455.6300,458.2700,454.0122,59256800
2024-07-26,462.6500,465.9300,459.7700,462.9700,458.6685,39992100
2024-07-29,465.7100,467.9100,461.6200,463.9000,459.5899,28218500
2024-07-30,465.8500,466.5600,454.1500,457.5300,453.2791,41317200
2024-07-31,467.8700,472.7900,466.4100,471.0700,466.6933,44552100
2024-08-01,471.7600,475.5500,455.9800,459.6600,455.3893,56653900
2024-08-02,450.8900,453.5700,444.4700,448.7500,444.5807,66323200
2024-08-05,424.7100,442.2900,423.4500,435.3700,431.3250,87483500
2024-08-06,437.2300,447.0700,434.5600,439.5300,435.4464,63164400
2024-08-07,446.4900,449.0000,434.3700,434.7700,430.7306,54929200
2024-08-08,441.0600,448.9900,437.1500,448.0700,443.9070,47890100
2024-08-09,446.7400,452.0600,445.6100,450.4100,446.2253,33574000
2024-08-12,451.3900,454.3700,448.5500,451.3800,447.1863,27795000
2024-08-13,455.8200,462.8500,455.6800,462.5800,458.2822,40084500
2024-08-14,463.5100,465.1100,458.4000,462.7300,458.4308,34733700
2024-08-15,468.7600,474.8200,468.3800,474.4200,470.0122,38280600
2024-08-16,472.6200,476.4100,471.6500,475.0300,470.6165,38383600
2024-08-19,475.1700,481.3100,473.3700,481.2700,476.7986,23737700
2024-08-20,480.3500,482.9400,478.5500,480.2600,475.7979,29209300
2024-08-21,481.0500,484.3700,479.3200,482.5000,478.0171,25658800
2024-08-22,484.8400,485.5400,473.8100,474.8500,470.4382,37739600
2024-08-23,479.2400,482.7400,475.2800,480.0000,475.5403,36061500
2024-08-26,479.4500,480.3800,473.2400,475.3400,470.9236,27452600
2024-08-27,473.6900,477.8400,471.7100,476.7600,472.3305,27510000
2024-08-28,476.2900,477.0200,467.8900,471.3500,466.9707,37372400
2024-08-29,473.2800,477.9300,469.3700,470.6600,466.2871,41081500
2024-08-30,475.0400,476.9000,470.5100,476.2700,471.8449,33466500
2024-09-03,473.2000,473.3300,459.4100,461.8100,457.5193,44985200
2024-09-04,458.6700,464.4500,457.7300,460.6100,456.3304,32505100
2024-09-05,458.9700,465.3600,457.9400,461.0400,456.7565,34452400
2024-09-06,460.3300,461.2200,448.1900,448.6900,444.5213,50624400
2024-09-09,453.0600,455.4600,449.8200,454.4600,450.2376,32981200
2024-09-10,456.2400,459.1700,452.2300,458.6600,454.3987,29680300
2024-09-11,459.9100,469.3700,451.2800,468.6200,464.2661,57843000
2024-09-12,468.6500,474.0400,466.8500,473.2200,468.8233,40067800
2024-09-13,472.4800,476.5300,472.2500,475.3400,470.9236,29111800
2024-09-16,473.1900,473.8600,469.8900,473.2400,468.8431,22585600
2024-09-17,476.2900,477.6000,470.9700,473.4900,469.0908,30084400
2024-09-18,474.7000,478.8300,470.8300,471.4400,467.0599,39909200
2024-09-19,482.6100,486.2300,480.4900,483.3600,478.8691,52782500
2024-09-20,482.4900,483.6900,478.3000,482.4400,477.9577,34577700
2024-09-23,482.9500,484.1400,481.6000,483.0400,479.2246,24843000
2024-09-24,484.4600,486.3300,480.1700,485.3700,481.5362,25952600
2024-09-25,484.7400,487.7900,484.5600,485.8200,481.9826,26549900
2024-09-26,493.3700,493.7000,485.8000,489.4700,485.6038,32020200
2024-09-27,490.5000,490.6400,485.5600,486.7500,482.9053,22851100
2024-09-30,485.7800,488.4100,482.9200,488.0700,484.2149,30281100
2024-10-01,487.7000,488.0000,477.4000,481.2700,477.4685,42735400
2024-10-02,480.3600,483.8800,477.7200,481.9500,478.1432,23744000
2024-10-03,479.7400,484.5500,478.9900,481.5900,477.7860,25337200
2024-10-04,487.4500,487.8800,482.3900,487.3200,483.4708,30686600
2024-10-07,485.3900,486.5700,480.8700,482.1000,478.2920,24975100
2024-10-08,484.6600,489.9900,483.8500,489.3000,485.4351,28272000
2024-10-09,489.0000,493.7300,487.9500,493.1500,489.2547,24995000
2024-10-10,490.8500,494.4700,489.5300,492.5900,488.6992,25750400
2024-10-11,490.7400,494.3900,490.1700,493.3600,489.4630,20644500
2024-10-14,495.7700,498.8300,495.2600,497.5000,493.5703,26060100
2024-10-15,497.8300,498.5000,488.6800,490.8500,486.9729,34784500
2024-10-16,491.1800,491.6900,487.5700,490.9100,487.0324,22996800
2024-10-17,496.4400,496.4900,491.1900,491.2500,487.3697,27210700
2024-10-18,494.0600,495.5700,493.3000,494.4700,490.5643,25335000
2024-10-21,493.2500,496.2300,491.3100,495.4200,491.5068,30336500
2024-10-22,492.7300,497.4500,491.9700,495.9600,492.0425,26685800
2024-10-23,493.5900,494.2500,485.0500,488.3600,484.5025,39346600
2024-10-24,492.1100,493.0000,489.4400,492.3200,488.4313,22024900
2024-10-25,495.1400,500.2800,494.4300,495.3200,491.4076,38762100
2024-10-28,498.4600,498.5200,495.1000,495.4000,491.4869,20477800
2024-10-29,495.7200,501.3500,493.8500,500.1600,496.2094,28014100
2024-10-30,499.3900,500.3500,495.8900,496.3800,492.4592,29756000
2024-10-31,492.3800,492.4300,483.7500,483.8500,480.0282,41245200
2024-11-01,485.5000,490.7500,485.2000,487.4300,483.5799,33655800
2024-11-04,486.8200,489.3800,484.2500,486.0100,482.1711,23291600
2024-11-05,487.6100,492.8800,487.5200,492.2100,488.3222,24353600
2024-11-06,500.5600,506.4100,499.6000,505.5800,501.5865,43082200
2024-11-07,508.4000,514.3300,508.3400,513.5400,509.4836,32853100
2024-11-08,513.0400,514.9200,512.4100,514.1400,510.0790,22924500
2024-11-11,515.3700,515.5800,510.9200,513.8400,509.7813,24167500
2024-11-12,513.7700,514.6600,509.8300,512.9100,508.8586,25835300
2024-11-13,512.4000,514.9800,509.9500,512.2500,508.2039,24567400
2024-11-14,511.9100,512.7900,507.7700,508.6900,504.6720,28679500
2024-11-15,502.9400,503.3300,494.4900,496.5700,492.6477,51461100
2024-11-18,498.1300,502.1400,496.7300,500.0200,496.0705,27080800
2024-11-19,497.4200,503.9500,497.0800,503.4600,499.4833,24523000
2024-11-20,503.1600,503.4800,496.5600,503.1700,499.1956,29565500
2024-11-21,506.2400,506.9600,497.5600,504.9800,500.9913,34526700
2024-11-22,504.4200,506.5300,502.7800,505.7900,501.7949,23826600
2024-11-25,509.9000,511.4500,504.2600,506.5900,502.5886,26375200
2024-11-26,508.0800,510.1400,507.2300,509.3100,505.2870,26557100
2024-11-27,508.1700,508.2400,501.9300,505.3000,501.3088,24957400
2024-11-29,505.9300,510.3400,505.3100,509.7400,505.7137,15334000
2024-12-02,511.0100,516.2600,510.6200,515.2900,511.2198,25147200
2024-12-03,513.9500,517.1500,513.3700,516.8700,512.7873,18597900
2024-12-04,520.3200,523.5200,519.6000,523.2600,519.1269,26086200
2024-12-05,523.3100,524.0400,521.4200,521.8100,517.6884,18169600
2024-12-06,522.4800,526.7200,522.3500,526.4800,522.3215,23762600
2024-12-09,525.5500,526.3500,521.2200,522.3800,518.2538,20674400
2024-12-10,523.6200,525.3800,519.1600,520.6000,516.4879,24350000
2024-12-11,525.0000,530.6100,524.5900,529.9200,525.7343,32168600
2024-12-12,527.6800,528.9600,526.0200,526.5000,522.3412,23577500
2024-12-13,530.4600,533.1700,527.3000,530.5300,526.3395,28780400
2024-12-16,533.0800,539.1500,533.0000,538.1700,533.9191,31979900
2024-12-17,536.3600,537.4800,534.1300,535.8000,531.5679,28579100
2024-12-18,535.1500,536.8800,515.0100,516.4700,512.3905,54703200
2024-12-19,521.1900,521.7600,513.8300,514.1700,510.1087,46441800
2024-12-20,510.4400,524.8200,509.2900,518.6600,514.5633,60530000
2024-12-23,519.5500,523.2500,516.1300,522.8700,519.5764,29672800
2024-12-24,524.8300,530.0500,524.1900,529.9600,526.6219,17558200
2024-12-26,528.3200,531.2400,526.3100,529.6000,526.2640,19090500
2024-12-27,526.0100,526.4500,517.8600,522.5600,519.2684,33839600
2024-12-30,515.5100,519.3600,511.8300,515.6100,512.3621,34584000
2024-12-31,516.9000,517.6600,510.2600,511.2300,508.0098,29117000
2025-01-02,514.3000,516.6400,505.7100,510.2300,507.0161,36389800
2025-01-03,513.3500,519.6500,512.5300,518.5800,515.3135,29059500
2025-01-06,524.0200,527.9200,522.0300,524.5400,521.2359,36109700
2025-01-07,525.5900,525.9900,513.2800,515.1800,511.9348,36690300
2025-01-08,515.0800,516.9200,510.5700,515.2700,512.0243,30777800
2025-01-10,511.4800,511.5800,503.9200,507.1900,503.9952,40532500
2025-01-13,501.2000,506.0200,499.7000,505.5600,502.3755,31694200
2025-01-14,508.7400,510.1600,501.5900,505.0800,501.8985,33737200
2025-01-15,513.0300,517.8500,511.4600,516.7000,513.4453,34957600
2025-01-16,518.9800,519.0600,512.9500,513.0800,509.8481,28229000
2025-01-17,522.8500,524.0700,513.1100,521.7400,518.4536,51837900
2025-01-21,524.4800,525.9700,520.0600,524.8000,521.4943,23628000
2025-01-22,529.5700,533.8200,529.2600,531.5100,528.1620,33593000
2025-01-23,529.0400,532.7600,528.4500,532.6400,529.2849,23096600
2025-01-24,533.0200,533.7900,528.1500,529.6300,526.2939,19878300
2025-01-27,511.0000,517.9900,510.1500,514.2100,510.9710,60771700
2025-01-28,515.2200,523.0000,511.7800,521.8100,518.5231,33194200
2025-01-29,522.4600,522.5900,516.9000,520.8300,517.5493,26649000
2025-01-30,523.7100,526.1000,518.2100,523.0500,519.7553,27431300
2025-01-31,526.9200,531.5200,521.1900,522.2900,519.0001,38755200
2025-02-03,513.4700,520.8500,511.0500,518.1100,514.8464,40580800
2025-02-04,518.6300,525.1100,518.2300,524.4700,521.1664,26046800
2025-02-05,521.8200,527.0100,520.6200,526.8500,523.5314,21134100
2025-02-06,527.3600,529.8100,525.7400,529.6000,526.2640,19434500
2025-02-07,530.1400,532.1000,522.1900,522.9200,519.6261,29605500
2025-02-10,527.2200,530.3600,526.7500,529.2500,525.9163,20852800
2025-02-11,525.9600,529.9200,525.8300,527.9900,524.6642,19325500
2025-02-12,522.3000,529.1900,521.9500,528.3000,524.9722,25009400
2025-02-13,529.9800,536.2200,529.1900,535.9000,532.5244,28714800
2025-02-14,536.0100,538.8400,535.6700,538.1500,534.7603,17862600
2025-02-18,539.7300,540.0000,536.0400,539.3700,535.9725,20565000
2025-02-19,538.5700,540.8100,536.4600,539.5200,536.1216,19666900
2025-02-20,538.7300,539.1000,532.4600,537.2300,533.8459,26550800
2025-02-21,538.3800,538.4000,525.7100,526.0800,522.7662,47093800
2025-02-24,527.8800,529.0700,519.5300,519.8700,516.5953,39268400
2025-02-25,519.2400,519.3200,509.4400,513.3200,510.0866,48940000
2025-02-26,515.5300,519.6600,511.3700,514.5600,511.3188,34457600
2025-02-27,518.1300,519.0700,500.0500,500.2700,497.1188,52448000
2025-02-28,500.1300,508.7800,496.9300,508.1700,504.9691,47654000
2025-03-03,511.5200,513.0400,493.5800,497.0500,493.9190,44587200
2025-03-04,494.1800,503.7400,487.7400,495.5500,492.4285,67875400
2025-03-05,496.2000,503.6300,491.2600,502.0100,498.8478,46323700
2025-03-06,493.6900,498.5800,486.2000,488.2000,485.1248,57574300
2025-03-07,487.1600,493.2800,480.5300,491.7900,488.6922,54714700
2025-03-10,483.4500,483.9700,468.6600,472.7300,469.7523,76668000
2025-03-11,472.3500,478.8100,467.0100,471.6000,468.6294,68760800
2025-03-12,479.1600,481.0600,471.7900,476.9200,473.9159,46971100
2025-03-13,476.2500,476.2800,466.4300,468.3400,465.3899,46563300
2025-03-14,473.7300,480.5600,473.1200,479.6600,476.6386,43563000
2025-03-17,479.6100,485.8400,477.8000,482.7700,479.7290,41744400
2025-03-18,479.4100,479.6100,472.4100,474.5400,471.5509,39072300
2025-03-19,476.8100,485.3300,474.8700,480.8900,477.8609,40430300
2025-03-20,476.8800,484.5500,476.1800,479.2600,476.2412,36780500
2025-03-21,474.0800,481.6100,472.9100,480.8400,477.8112,42234900
2025-03-24,487.7400,491.5100,484.4000,490.6600,488.2964,34567200
2025-03-25,491.3900,493.6200,490.4200,493.4600,491.0829,26035200
2025-03-26,492.3000,493.1600,482.8200,484.3800,482.0467,34627100
2025-03-27,482.4100,486.5800,480.2500,481.6200,479.3000,33469800
2025-03-28,479.8100,480.5200,468.0500,468.9400,466.6811,46363800
2025-03-31,461.9200,469.8600,457.3300,468.9200,466.6612,53000300
2025-04-01,467.3000,473.6300,464.4200,472.7000,470.4230,41156200
2025-04-02,466.1200,479.5600,465.8600,476.1500,473.8563,49894500
2025-04-03,456.4400,460.0700,450.1400,450.6600,448.4891,70456300
2025-04-04,438.1400,440.3700,422.6700,422.6700,420.6340,117088400
2025-04-07,408.6600,443.1400,402.3900,423.6900,421.6490,161557000
2025-04-08,438.1600,443.1400,409.7900,416.0600,414.0558,101248100
2025-04-09,415.5700,467.8300,415.4300,466.0000,463.7552,142876900
2025-04-10,453.5600,455.5900,432.6300,446.1800,444.0307,108384100
2025-04-11,444.6500,455.7900,441.3300,454.4000,452.2111,52483800
2025-04-14,464.4600,465.0500,452.6300,457.4800,455.2763,43941200
2025-04-15,458.5400,462.3800,456.1500,457.9900,455.7838,35404200
2025-04-16,449.0300,452.6200,437.7600,444.1800,442.0403,48980600
2025-04-17,447.1700,447.7500,441.3600,444.1000,441.9607,44837000
2025-04-21,438.2300,439.0800,427.9300,433.1100,431.0237,44149300
2025-04-22,438.8200,447.5800,437.6200,444.4800,442.3389,52304400
2025-04-23,458.1700,463.3800,452.8800,454.5600,452.3703,55801100
2025-04-24,456.4800,467.6600,455.8300,467.3500,465.0987,45956100
2025-04-25,466.9700,473.0900,465.3900,472.5600,470.2836,38697100
2025-04-28,473.0300,474.8100,466.0300,472.4100,470.1344,33550800
2025-04-29,470.1700,476.4200,469.5900,475.5300,473.2393,30613100
2025-04-30,467.1300,477.2000,462.4300,475.4700,473.1796,46810600
2025-05-01,483.4100,487.1800,480.7400,481.6800,479.3597,43316500
2025-05-02,486.5400,490.9100,484.8300,488.8300,486.4753,39218100
2025-05-05,484.6000,489.0300,484.1000,485.9300,483.5892,28309500
2025-05-06,479.5600,485.0500,478.1900,481.4100,479.0910,32786300
2025-05-07,482.0800,485.8000,476.7800,483.3000,480.9719,38006300
2025-05-08,488.5300,492.7000,484.1700,488.2900,485.9379,39577600
2025-05-09,490.2100,491.5400,486.2000,487.9700,485.6194,27767400
2025-05-12,506.9900,507.8900,501.4800,507.8500,505.4037,45090600
2025-05-13,509.1600,517.3900,508.4200,515.5900,513.1064,53269600
2025-05-14,516.7700,519.2300,515.7500,518.6800,516.1815,47014500
2025-05-15,516.5200,521.9300,515.1700,519.2500,516.7487,50153300
2025-05-16,520.6600,521.7000,517.1000,521.5100,518.9979,48394600
2025-05-19,514.2400,522.5300,514.2400,522.0100,519.4955,52536200
2025-05-20,519.4700,520.9300,516.6600,520.2700,517.7638,42517600
2025-05-21,516.2700,523.0000,511.2400,513.0400,510.5686,71292800
2025-05-22,513.6600,517.7100,512.3000,514.0000,511.5241,55607200
2025-05-23,506.1800,511.8400,505.5800,509.2400,506.7869,58368100
2025-05-27,516.1500,521.7100,514.5900,521.2200,518.7092,47226300
2025-05-28,522.1800,523.6800,518.3900,518.9100,516.4102,46637200
2025-05-29,526.3300,526.4800,517.3200,519.9300,517.4254,58513300
2025-05-30,519.4400,520.6800,511.9300,519.1100,516.6094,67662800
2025-06-02,517.2400,523.4500,515.9700,523.2100,520.6896,44762800
2025-06-03,523.5600,528.7400,522.6900,527.3000,524.7599,44070300
2025-06-04,528.0100,529.8400,525.9700,528.7700,526.2228,41359300
2025-06-05,530.1800,533.0500,522.6600,524.7900,522.2620,61031200
2025-06-06,530.0000,531.8000,528.2100,529.9200,527.3673,42467000
2025-06-09,530.1400,532.3500,529.0100,530.7000,528.1436,33688700
2025-06-10,531.1700,534.9000,528.8900,534.2100,531.6367,40664800
2025-06-11,535.6200,536.7800,530.1100,532.4100,529.8452,53701000
2025-06-12,531.0900,534.6400,530.8400,533.6600,531.0892,34104900
2025-06-13,527.6800,531.8700,525.7300,526.9600,524.4216,55814400
2025-06-16,530.5000,535.3700,530.4500,534.2900,531.7162,37622100
2025-06-17,531.7100,533.3300,527.9100,529.0800,526.5314,42180900
2025-06-18,530.1000,532.5500,527.4000,528.9900,526.4418,43983500
2025-06-20,532.2600,533.5600,524.8800,526.8300,524.2922,61643500
2025-06-23,526.8100,532.1700,523.6500,531.6500,529.6832,50666100
2025-06-24,536.8900,540.7000,536.2700,539.7800,537.7832,45442000
2025-06-25,542.0600,543.3100,539.3800,541.1600,539.1580,44804200
2025-06-26,543.3500,546.6700,541.5200,546.2200,544.1993,43811400
2025-06-27,547.2600,549.9900,544.5400,548.0900,546.0624,57577100
2025-06-30,551.2600,552.8000,549.0100,551.6400,549.5992,45548700
2025-07-01,549.7300,550.7100,544.6600,546.9900,544.9664,56166700
2025-07-02,546.1600,551.0000,546.1200,550.8000,548.7623,36538300
2025-07-03,553.1800,557.2000,553.1800,556.2200,554.1623,26443500
2025-07-07,553.5200,554.3400,549.5800,552.0300,549.9879,45349300
2025-07-08,553.3800,554.0100,551.1000,552.3400,550.2967,36153300
2025-07-09,554.4800,557.6300,553.1000,556.2500,554.1922,43045500
2025-07-10,556.8900,557.3000,552.7500,555.4500,553.3952,34710900
2025-07-11,553.3000,555.7900,552.0500,554.2000,552.1498,39618600
2025-07-14,553.9900,556.9500,551.6300,556.2100,554.1524,36453300
2025-07-15,560.2500,560.8000,556.6600,556.7200,554.6604,43277700
2025-07-16,557.2800,560.2100,551.5600,557.2900,555.2283,52314700
2025-07-17,558.0200,562.3100,557.2100,561.8000,559.7216,40423800
2025-07-18,563.1200,564.7300,559.9800,561.2600,559.1837,50484700
2025-07-21,562.0900,566.0600,562.0600,564.1700,562.0829,39595200
2025-07-22,564.3000,564.3500,558.6100,561.2500,559.1737,43270600
2025-07-23,562.3400,563.8500,559.5800,563.8100,561.7242,40215300
2025-07-24,565.1300,566.2400,563.2900,565.0100,562.9197,42275500
2025-07-25,564.9300,567.7000,564.2700,566.3700,564.2747,30630800
2025-07-28,567.7400,569.0400,566.8700,568.1400,566.0383,31498700
2025-07-29,570.7600,572.1100,566.5300,567.2600,565.1615,45463300
2025-07-30,568.1800,570.6200,565.0500,568.0200,565.9186,43433800
2025-07-31,574.5400,574.6300,563.8700,565.0100,562.9197,64613600
2025-08-01,558.8300,559.0200,551.6800,553.8800,551.8310,69400800
2025-08-04,559.0500,564.3200,558.9500,564.1000,562.0131,47669800
2025-08-05,565.3900,566.5600,559.7300,560.2700,558.1973,48666600
2025-08-06,561.1100,567.7600,560.6300,567.3200,565.2213,41823700
2025-08-07,571.6700,573.3200,565.1100,569.2400,567.1341,44463000
2025-08-08,570.4500,574.7700,570.1500,574.5500,572.4245,35255500
2025-08-11,574.6900,576.8000,571.5700,572.8500,570.7307,33112900
2025-08-12,575.1600,580.3500,572.4900,580.0500,577.9041,42143300
2025-08-13,582.7600,583.3200,578.9400,580.3400,578.1931,41209300
2025-08-14,578.2800,581.8800,577.9100,579.8900,577.7448,45425000
2025-08-15,579.8000,579.8400,575.5700,577.3400,575.2042,49480200
2025-08-18,576.4400,577.7700,575.2400,577.1100,574.9750,29831000
2025-08-19,576.3900,576.5600,568.2500,569.2800,567.1740,53752600
2025-08-20,568.3300,568.4500,558.8400,565.9000,563.8065,76781100
2025-08-21,564.3500,566.4900,560.9800,563.2800,561.1962,46436900
2025-08-22,564.6700,573.9900,563.2700,571.9700,569.8540,51502100
2025-08-25,570.4000,573.2900,569.1600,570.3200,568.2102,34044700
2025-08-26,569.8300,572.9200,568.8000,572.6100,570.4916,34103000
2025-08-27,571.5900,574.4100,570.3700,573.4900,571.3684,36927100
2025-08-28,574.1100,578.0000,572.4600,577.0800,574.9451,46787900
2025-08-29,574.6600,575.0300,568.5400,570.4000,568.2899,56030400
2025-09-02,561.3100,565.9700,559.5400,565.6200,563.5276,65876800
2025-09-03,569.2300,571.7000,566.7300,570.0700,567.9611,54230200
2025-09-04,570.7400,575.6000,569.0300,575.2300,573.1019,47526300
2025-09-05,580.4900,581.1200,571.5300,576.0600,573.9289,68342500
2025-09-08,578.3700,580.8400,577.7700,578.8700,576.7285,46371400
2025-09-09,579.6700,580.9400,577.0400,580.5100,578.3624,44007600
2025-09-10,583.7400,583.7700,578.5500,580.7000,578.5518,49308000
2025-09-11,583.2400,584.8800,581.6200,584.0800,581.9193,44745800
2025-09-12,585.0400,587.8600,584.1000,586.6600,584.4897,50745900
2025-09-15,588.4400,591.7900,588.2900,591.6800,589.4911,44360300
2025-09-16,592.6100,592.8600,590.4900,591.1800,588.9929,36942100
2025-09-17,591.1000,591.7500,584.3700,590.0000,587.8173,69384800
2025-09-18,594.9100,598.1400,592.9600,595.3200,593.1177,61069300
2025-09-19,597.3300,600.0500,595.8500,599.3500,597.1327,58196100
2025-09-22,597.7400,602.8700,597.7200,602.2000,600.6677,57154800
2025-09-23,602.3700,602.5700,596.9800,598.2000,596.6779,64635500
2025-09-24,599.5800,599.9000,593.3600,596.1000,594.5833,49850300
2025-09-25,592.2000,595.1200,588.5000,593.5300,592.0198,70920200
2025-09-26,594.3500,596.3000,591.0600,595.9700,594.4536,54337400
2025-09-29,599.1100,602.0500,597.4100,598.7300,597.2065,48332900
2025-09-30,598.4300,600.7100,596.1000,600.3700,598.8424,46533800
2025-10-01,597.1700,603.7900,596.3400,603.2500,601.7150,46899600
2025-10-02,607.0600,607.1600,602.9300,605.7300,604.1887,43765400
2025-10-03,606.5100,607.3300,601.3900,603.1800,601.6453,46482100
2025-10-06,608.4500,609.3600,605.9700,607.7100,606.1637,41962100
2025-10-07,609.0200,609.7100,603.0300,604.5100,602.9719,58209500
2025-10-08,605.4100,611.7500,605.2600,611.4400,609.8842,50629800
2025-10-09,611.4800,611.6100,607.4800,610.7000,609.1461,45551000
2025-10-10,611.4000,613.1800,589.0500,589.5000,588.0001,97614800
2025-10-13,599.6800,602.9500,597.2300,602.0100,600.4782,65872600
2025-10-14,595.3100,602.6900,590.1300,598.0000,596.4785,69203200
2025-10-15,604.0100,606.7000,595.9300,602.2200,600.6877,62805500
2025-10-16,605.1100,608.3100,595.5000,599.9900,598.4634,70982000
2025-10-17,597.9500,605.5100,596.3700,603.9300,602.3933,72024900
2025-10-20,607.1400,612.8000,607.0700,611.5400,609.9839,45761700
2025-10-21,611.6400,612.7200,609.3200,611.3800,609.8244,44538200
2025-10-22,610.8200,611.4100,599.7400,605.4900,603.9493,61478800
2025-10-23,604.9100,611.3700,604.5200,610.5800,609.0264,42844300
2025-10-24,615.9900,618.4200,615.1300,617.1000,615.5298,47632500
2025-10-27,624.5200,628.5500,624.0300,628.0900,626.4919,54098600
2025-10-28,630.3600,634.6800,629.2500,632.9200,631.3096,61195700
2025-10-29,635.5900,637.0100,630.2500,635.7700,634.1523,67422800
2025-10-30,632.1700,633.5000,625.9400,626.0500,624.4570,61628600
2025-10-31,634.1700,634.2000,626.6900,629.0700,627.4694,66305100
2025-11-03,635.1100,635.8200,629.8500,632.0800,630.4717,37154300
2025-11-04,623.2800,626.9500,618.4600,619.2500,617.6743,63830800
2025-11-05,618.4900,626.6000,617.2100,623.2800,621.6942,48688500
2025-11-06,621.7900,622.0400,610.3000,611.6700,610.1136,72115100
2025-11-07,608.3100,609.9500,598.6700,609.7400,608.1885,81835400
2025-11-10,618.9200,624.3100,616.8900,623.2300,621.6442,55919900
2025-11-11,620.5700,622.7200,617.5200,621.5700,619.9885,44868800
2025-11-12,624.8400,624.8600,617.8100,621.0800,619.4997,47444400
2025-11-13,617.5400,618.1200,606.0800,608.4000,606.8520,71333600
2025-11-14,599.5500,613.3500,597.1700,608.8600,607.3108,80087300
2025-11-17,606.3000,612.4800,599.8700,603.6600,602.1240,63850400
2025-11-18,599.6200,602.3100,591.3400,596.3100,594.7927,83327300
2025-11-19,597.0700,606.1600,594.5900,599.8700,598.3436,73111500
2025-11-20,611.6200,614.0300,584.7500,585.6700,584.1797,117743200
2025-11-21,587.4700,596.9800,580.7400,590.0700,588.5686,103344200
2025-11-24,595.2800,606.6800,595.1600,605.1600,603.6202,60168100
2025-11-25,603.5100,610.2600,597.3200,608.8900,607.3408,57560900
2025-11-26,612.5100,616.1900,610.3900,614.2700,612.7070,42393600
2025-11-28,616.1100,619.3200,615.4200,619.2500,617.6743,23034400
2025-12-01,613.6300,619.4400,612.5200,617.1700,615.5996,40957600
2025-12-02,619.4600,623.7500,617.5900,622.0000,620.4173,54541800
2025-12-03,619.6200,624.2200,618.0300,623.5200,621.9335,47841600
2025-12-04,624.9300,624.9400,619.5400,622.9400,621.3550,47067800
2025-12-05,624.3800,628.9200,623.7100,625.4800,623.8885,53614200
2025-12-08,627.2100,628.8400,621.6900,624.2800,622.6915,43462400
2025-12-09,623.0100,625.8700,621.0000,625.0500,623.4595,37156000
2025-12-10,623.8500,629.2100,620.9900,627.6100,626.0131,55031400
2025-12-11,623.8200,625.7800,617.7200,625.5800,623.9883,58272800
2025-12-12,622.0800,623.5400,611.3600,613.6200,612.0587,75158700
2025-12-15,618.3700,618.4200,609.3200,610.5400,608.9865,49538200
2025-12-16,608.2600,613.5100,606.9100,611.7500,610.1934,55152800
2025-12-17,613.0600,613.6500,600.2800,600.4100,598.8823,70654300
2025-12-18,609.8000,612.9300,606.9200,609.1100,607.5601,78875800
2025-12-19,611.9500,617.6200,611.8700,617.0500,615.4800,60369800
2025-12-22,621.3500,621.6500,617.7700,619.2100,618.4302,43703100
2025-12-23,618.2000,622.4100,617.7800,622.1100,621.3265,41120400
2025-12-24,621.9900,624.2800,621.7200,623.9300,623.1443,18468700
2025-12-26,624.6600,625.5200,623.1400,623.8900,623.1043,28959800
2025-12-29,620.1000,622.7800,618.7300,620.8700,620.0881,32458300
2025-12-30,619.8400,622.1800,619.2200,619.4300,618.6499,31226800
2025-12-31,619.6500,619.9600,614.0500,614.3100,613.5364,40746500
