date,open,high,low,close,adj_close,volume
2015-01-02,206.3800,206.8800,204.1800,205.4300,170.1250,121465900
2015-01-05,204.1700,204.3700,201.3500,201.7200,167.0526,169632600
2015-01-06,202.0900,202.7200,198.8600,199.8200,165.4791,209151400
2015-01-07,201.4200,202.7200,200.8800,202.3100,167.5412,125346700
2015-01-08,204.0100,206.1600,203.9900,205.9000,170.5142,147217800
2015-01-09,206.4000,206.4200,203.5100,204.2500,169.1478,158567300
2015-01-12,204.4100,204.6000,201.9200,202.6500,167.8228,144396100
2015-01-13,204.1200,205.4800,200.5100,202.0800,167.3508,214553300
2015-01-14,199.6500,201.1000,198.5700,200.8600,166.3404,192991100
2015-01-15,201.6300,202.0100,198.8800,199.0200,164.8167,176613900
2015-01-16,198.7700,201.8200,198.5500,201.6300,166.9781,211879600
2015-01-20,202.4000,202.7200,200.1700,202.0600,167.3342,130991100
2015-01-21,201.5000,203.6600,200.9400,203.0800,168.1789,122942700
2015-01-22,203.9900,206.2600,202.3300,206.1000,170.6799,174356000
2015-01-23,205.7900,206.1000,204.8100,204.9700,169.7441,117516800
2015-01-26,204.7100,205.5600,203.8500,205.4500,170.1415,92009700
2015-01-27,202.9700,204.1200,201.7400,202.7400,167.8973,134044600
2015-01-28,204.1700,204.2900,199.9100,200.1400,165.7441,168514300
2015-01-29,200.3800,202.3000,198.6800,201.9900,167.2762,173585400
2015-01-30,200.5700,202.1700,199.1300,199.4500,165.1727,197729700
2015-02-02,200.0500,202.0300,197.8600,201.9200,167.2182,163107000
2015-02-03,203.0000,204.8500,202.5500,204.8400,169.6364,124212900
2015-02-04,203.9200,205.3800,203.5100,204.0600,168.9904,134306700
2015-02-05,204.8600,206.3000,204.7700,206.1200,170.6965,97953200
2015-02-06,206.5600,207.2400,204.9200,205.5500,170.2243,125672000
2015-02-09,204.7700,205.6400,204.1400,204.6300,169.4625,87219000
2015-02-10,205.8800,207.1200,204.6800,206.8100,171.2679,96164200
2015-02-11,206.6100,207.4500,205.8300,206.9300,171.3672,91087800
2015-02-12,207.8900,208.9900,206.9700,208.9200,173.0152,97545900
2015-02-13,209.0700,209.8400,208.7600,209.7800,173.7274,93670400
2015-02-17,209.4000,210.3200,209.1000,210.1100,174.0007,76968200
2015-02-18,209.6600,210.2200,209.3400,210.1300,174.0173,80652900
2015-02-19,209.4100,210.4200,209.2400,209.9800,173.8931,91462500
2015-02-20,209.4800,211.3300,208.7300,211.2400,174.9365,140896400
2015-02-23,210.9400,211.2100,210.4800,211.2100,174.9117,74411100
2015-02-24,211.1200,212.0500,210.7600,211.8100,175.4086,72472300
2015-02-25,211.6600,212.2400,211.2200,211.6300,175.2594,73061700
2015-02-26,211.5200,211.7100,210.6500,211.3800,175.0525,72697900
2015-02-27,211.2600,211.5800,210.6000,210.6600,174.4562,108076000
2015-03-02,210.7800,212.0600,210.7200,211.9900,175.5576,87491400
2015-03-03,211.4700,212.0500,210.0800,211.1200,174.8372,110325800
2015-03-04,210.4000,210.4900,209.0600,210.2300,174.1001,114497200
2015-03-05,210.6200,210.8000,209.8500,210.4600,174.2906,76873000
2015-03-06,209.4200,209.9400,207.1000,207.5000,171.8392,188128000
2015-03-09,207.7400,208.7900,207.5500,208.3600,172.5515,89818900
2015-03-10,206.7100,206.8100,204.9300,204.9800,169.7523,157121300
2015-03-11,205.2900,205.5000,204.4000,204.5000,169.3548,110145700
2015-03-12,205.2600,207.1800,205.2000,207.1000,171.5080,93993500
2015-03-13,206.7700,207.9300,204.5800,205.8300,170.4563,162410900
2015-03-16,206.7100,208.6900,205.8600,208.5800,172.7336,136099200
2015-03-17,207.6900,208.4200,206.9800,207.9600,172.2202,94510400
2015-03-18,207.3900,211.2700,206.6200,210.4600,174.2906,228808500
2015-03-19,209.9600,210.4700,209.0300,209.5000,173.4955,117917300
2015-03-20,209.7100,211.0200,209.4900,210.4100,175.0270,177715100
2015-03-23,210.4200,211.1100,210.0000,210.0000,174.6859,71784500
2015-03-24,209.8500,210.4000,208.7400,208.8200,173.7043,77805300
2015-03-25,209.0700,209.3500,205.7100,205.7600,171.1589,159521700
2015-03-26,204.9600,206.3700,204.1200,205.2700,170.7513,153067200
2015-03-27,205.1300,205.9500,204.9000,205.7400,171.1423,118939000
2015-03-30,206.9800,208.6100,206.9600,208.2500,173.2302,96180400
2015-03-31,207.2600,208.1000,206.3600,206.4300,171.7162,126768700
2015-04-01,206.3900,206.4200,204.5100,205.7000,171.1090,137303600
2015-04-02,205.6200,206.9800,205.4000,206.4400,171.7246,86900900
2015-04-06,205.3700,208.4500,205.2100,207.8300,172.8808,114368200
2015-04-07,207.8600,208.7600,207.2400,207.2800,172.4233,81236300
2015-04-08,207.5500,208.5100,207.0800,207.9800,173.0056,89351900
2015-04-09,207.7800,209.1800,207.1900,208.9000,173.7709,85548900
2015-04-10,209.2000,210.0900,208.9600,210.0400,174.7192,72722900
2015-04-13,209.8700,210.6300,209.0300,209.0900,173.9290,74436600
2015-04-14,208.8500,209.7100,208.1000,209.4900,174.2616,75099900
2015-04-15,210.0500,211.0400,209.9500,210.4300,175.0436,99529300
2015-04-16,210.0300,210.9800,209.7900,210.3700,174.9937,68934900
2015-04-17,208.9400,209.2300,207.0100,207.9500,172.9806,191113200
2015-04-20,209.0600,210.2500,208.9600,209.8500,174.5611,92189500
2015-04-21,210.6700,210.8600,209.2400,209.6000,174.3532,72559800
2015-04-22,210.0100,210.8500,208.9000,210.6300,175.2099,78264600
2015-04-23,210.1500,211.9400,210.0100,211.1600,175.6508,102585900
2015-04-24,211.6600,211.9700,211.1100,211.6500,176.0585,61327400
2015-04-27,212.3300,212.4800,210.5400,210.7700,175.3265,79358100
2015-04-28,210.7400,211.5000,209.3300,211.4400,175.8838,86863500
2015-04-29,210.3700,211.2900,209.6000,210.5700,175.1601,125684900
2015-04-30,209.8800,210.3500,207.6200,208.4600,173.4049,161304900
2015-05-01,209.4000,210.7700,209.2800,210.7200,175.2848,103399700
2015-05-04,211.2300,212.0200,211.1000,211.3200,175.7840,70927200
2015-05-05,211.0300,211.4600,208.7300,208.9000,173.7709,113326200
2015-05-06,209.5600,209.9300,206.7600,208.0400,173.0555,135060200
2015-05-07,207.9200,209.3800,207.5200,208.8700,173.7459,88244900
2015-05-08,210.8800,211.8600,210.7800,211.6200,176.0334,155877300
2015-05-11,211.5700,211.8900,210.5200,210.6100,175.1933,75708100
2015-05-12,209.6100,210.6300,208.6200,209.9800,174.6693,119727600
2015-05-13,210.4700,211.2200,209.7400,210.0200,174.7026,94667900
2015-05-14,211.2400,212.3200,210.9100,212.2100,176.5242,95934000
2015-05-15,212.4400,212.6100,211.8600,212.4400,176.7156,76510100
2015-05-18,212.2400,213.4000,212.1600,213.1000,177.2646,74549700
2015-05-19,213.2400,213.5700,212.6900,213.0300,177.2063,72114600
2015-05-20,213.1500,213.7800,212.5000,212.8800,177.0816,76857500
2015-05-21,212.7100,213.7500,212.5100,213.5000,177.5973,64764600
2015-05-22,213.0400,213.5400,212.9100,212.9900,177.1731,57433500
2015-05-26,212.4000,212.9100,210.2000,210.7000,175.2682,124308600
2015-05-27,211.2500,212.9800,210.7600,212.7000,176.9319,93214000
2015-05-28,212.3300,212.5900,211.6300,212.4600,176.7323,74974600
2015-05-29,212.3800,212.4300,210.8200,211.1400,175.6342,124919600
2015-06-01,211.9400,212.3400,210.6200,211.5700,175.9919,93338800
2015-06-02,211.0200,212.1900,210.2700,211.3600,175.8172,91531000
2015-06-03,212.0000,212.6700,211.3300,211.9200,176.2831,87820900
2015-06-04,211.0700,211.8600,209.7500,210.1300,174.7940,151882800
2015-06-05,209.9500,210.5800,208.9800,209.7700,174.4946,121704700
2015-06-08,209.6400,209.8200,208.3900,208.4800,173.4215,89063300
2015-06-09,208.4500,209.1000,207.6900,208.4500,173.3965,105034700
2015-06-10,209.3700,211.4100,209.3000,210.9500,175.4761,134551300
2015-06-11,211.4800,212.0900,211.2000,211.6300,176.0417,73876400
2015-06-12,210.6400,211.4800,209.6800,210.0100,174.6942,135382400
2015-06-15,208.6400,209.4500,207.7900,209.1100,173.9455,124384200
2015-06-16,208.9300,210.3500,208.7200,210.2500,174.8938,85308200
2015-06-17,210.5900,211.3200,209.3600,210.5900,175.1767,126708600
2015-06-18,211.3100,213.3400,210.6300,212.7800,176.9984,165867900
2015-06-19,211.4600,211.5500,210.3600,210.8100,176.2127,130478700
2015-06-22,211.9100,212.5900,211.6400,211.8900,177.1154,70696000
2015-06-23,212.1400,212.4400,211.5700,212.0400,177.2408,68476800
2015-06-24,211.7200,212.1700,210.4700,210.5000,175.9535,92307300
2015-06-25,211.1000,211.2500,209.7700,209.8600,175.4185,97107400
2015-06-26,210.2900,210.5800,209.1600,209.8200,175.3852,104174800
2015-06-29,208.0500,209.8300,205.3300,205.4200,171.7073,202621300
2015-06-30,207.2600,207.3200,205.2800,205.8500,172.0668,182925100
2015-07-01,207.7300,208.0300,206.5600,207.5000,173.4459,135979900
2015-07-02,208.0700,208.2700,206.8100,207.3100,173.2871,104373700
2015-07-06,205.7700,207.6500,205.5300,206.7200,172.7939,117975400
2015-07-07,206.9600,208.1700,204.1100,208.0200,173.8806,173820200
2015-07-08,206.4200,206.7600,204.2500,204.5300,170.9633,164020100
2015-07-09,207.0400,207.3500,204.7700,204.9000,171.2726,144113100
2015-07-10,207.2900,207.9800,204.9500,207.4800,173.4292,129456900
2015-07-13,208.9900,209.9000,208.9400,209.7700,175.3434,106069400
2015-07-14,209.7200,211.0500,209.6500,210.6800,176.1040,81709600
2015-07-15,210.7300,211.2800,210.0400,210.6100,176.0454,97914100
2015-07-16,211.8700,212.3000,211.5800,212.3000,177.4581,106683300
2015-07-17,212.2900,212.5500,211.8000,212.4800,177.6086,89030000
2015-07-20,212.7500,213.1800,212.2100,212.5900,177.7006,70446800
2015-07-21,212.4300,212.7400,211.3900,211.7500,176.9984,77965000
2015-07-22,210.9300,211.7700,210.8900,211.3700,176.6808,88667900
2015-07-23,211.5300,211.6500,209.7500,210.1800,175.6861,90509100
2015-07-24,210.3000,210.3700,207.6000,208.0000,173.8638,117755000
2015-07-27,206.9400,207.5500,206.2600,206.7900,172.8524,132361100
2015-07-28,207.7900,209.5000,206.8000,209.3300,174.9755,123544800
2015-07-29,209.4800,211.0400,209.3100,210.7700,176.1793,105791300
2015-07-30,210.1600,211.0200,209.4200,210.8200,176.2210,91304400
2015-07-31,211.4200,211.4500,210.1600,210.5000,175.9535,103266900
2015-08-03,210.4600,210.5300,208.6500,209.7900,175.3601,113965700
2015-08-04,209.7000,210.2500,208.8000,209.3800,175.0174,81820800
2015-08-05,210.4500,211.3100,209.7300,210.0700,175.5941,85786800
2015-08-06,210.2900,210.4200,207.6500,208.3500,174.1564,116030800
2015-08-07,208.1600,208.3400,206.8700,207.9500,173.8220,117858000
2015-08-10,209.2800,210.6700,209.2800,210.5700,176.0121,80270700
2015-08-11,208.9700,209.4700,207.7600,208.6700,174.4238,126081400
2015-08-12,207.1100,209.1400,205.3600,208.9200,174.6329,172123700
2015-08-13,208.7300,209.5500,208.0100,208.6600,174.4156,89383300
2015-08-14,208.4300,209.5100,208.2600,209.4200,175.0508,72786500
2015-08-17,208.7100,210.5900,208.1600,210.5900,176.0288,79072600
2015-08-18,210.2600,210.6800,209.7000,209.9800,175.5189,71692700
2015-08-19,209.0900,210.0100,207.3500,208.3200,174.1313,172946000
2015-08-20,206.5100,208.2900,203.9000,203.9700,170.4952,194327900
2015-08-21,201.7300,203.9400,197.5200,197.8300,165.3629,346588500
2015-08-24,187.4900,197.4800,182.4000,189.5000,158.4000,507244300
2015-08-25,195.4300,195.4500,186.9200,187.2700,156.5360,369833100
2015-08-26,192.0800,194.7900,188.3700,194.4600,162.5460,339257000
2015-08-27,197.0200,199.4200,195.2100,199.2700,166.5666,274143900
2015-08-28,198.5000,199.8400,197.9200,199.2800,166.5749,160414400
2015-08-31,198.1100,199.1300,197.0100,197.6700,165.2292,163298800
2015-09-01,193.1200,194.7700,190.7300,191.7700,160.2975,256000400
2015-09-02,194.6200,195.4600,192.4200,195.4100,163.3401,160269300
2015-09-03,196.2600,198.0500,194.9600,195.5500,163.4571,152087800
2015-09-04,192.8500,193.8600,191.6100,192.5900,160.9828,207081000
2015-09-08,195.9400,197.6100,195.1700,197.4300,165.0285,116025700
2015-09-09,199.3200,199.4700,194.3500,194.7900,162.8218,149347700
2015-09-10,194.5600,197.2200,194.2500,195.8500,163.7079,158611100
2015-09-11,195.3800,196.8200,194.5300,196.7400,164.4518,119691200
2015-09-14,196.9500,197.0100,195.4300,196.0100,163.8416,79452000
2015-09-15,196.6100,198.9900,195.9600,198.4600,165.8895,113806200
2015-09-16,198.8200,200.4100,198.4100,200.1800,167.3272,99581600
2015-09-17,200.0200,202.8900,199.2800,199.7300,166.9511,276046600
2015-09-18,195.7100,198.6800,194.9600,195.4500,164.2229,223657500
2015-09-21,196.4400,197.6800,195.2100,196.4600,165.0715,105726200
2015-09-22,193.8800,194.4600,192.5600,193.9100,162.9289,153890900
2015-09-23,194.1100,194.6700,192.9100,193.6000,162.6685,92790600
2015-09-24,192.1500,193.4500,190.5600,192.9000,162.0803,159378800
2015-09-25,194.6400,195.0000,191.8100,192.8500,162.0383,155054800
2015-09-28,191.7800,191.9100,187.6400,188.0100,157.9715,178515900
2015-09-29,188.2700,189.7400,186.9300,188.1200,158.0639,159045600
2015-09-30,190.3700,191.8300,189.4400,191.6300,161.0132,163452000
2015-10-01,192.0800,192.4900,189.8200,192.1300,161.4333,131079000
2015-10-02,189.7700,195.0300,189.1200,195.0000,163.8448,211003300
2015-10-05,196.4600,198.7400,196.3300,198.4700,166.7604,126320800
2015-10-06,198.3100,198.9800,197.0000,197.7900,166.1890,110274500
2015-10-07,198.9000,199.8300,197.4800,199.4100,167.5502,124307300
2015-10-08,198.9500,201.5500,198.5900,201.2100,169.0625,153055200
2015-10-09,201.3800,201.9000,200.5800,201.3300,169.1634,107069200
2015-10-12,201.4200,201.7600,200.9100,201.5200,169.3230,56395600
2015-10-13,200.6500,202.1600,200.0500,200.2500,168.2560,88038700
2015-10-14,200.1800,200.8700,198.9400,199.2900,167.4493,99106200
2015-10-15,200.0800,202.3600,199.6400,202.3500,170.0205,134142200
2015-10-16,202.8300,203.2900,201.9200,203.2700,170.7935,114580100
2015-10-19,202.5000,203.3700,202.1300,203.3700,170.8775,76523900
2015-10-20,202.8500,203.8400,202.5500,203.1100,170.6590,78448500
2015-10-21,203.6100,203.7900,201.6500,201.8500,169.6004,102038000
2015-10-22,202.9800,205.5100,201.8500,205.2600,172.4655,174911700
2015-10-23,207.2500,207.9500,206.3000,207.5100,174.3560,144442300
2015-10-26,207.3000,207.3700,206.5600,207.0000,173.9275,69033000
2015-10-27,206.2000,207.0000,205.7900,206.6000,173.5914,77905800
2015-10-28,207.0000,208.9800,206.2100,208.9500,175.5659,135906700
2015-10-29,208.3500,209.2700,208.2100,208.8300,175.4651,90525500
2015-10-30,209.0600,209.4400,207.7400,207.9300,174.7089,131076900
2015-11-02,208.3200,210.6200,208.1700,210.3900,176.7759,86270800
2015-11-03,209.9700,211.6600,209.7000,211.0000,177.2885,95246100
2015-11-04,211.3500,211.5000,209.7200,210.3600,176.7506,96224500
2015-11-05,210.4300,210.9800,209.0900,210.1500,176.5742,78408700
2015-11-06,209.7400,210.3200,208.4600,210.0400,176.4818,110471500
2015-11-09,209.3100,209.4900,206.9500,208.0800,174.8350,131008700
2015-11-10,207.5100,208.6000,207.1900,208.5600,175.2383,75874600
2015-11-11,208.8800,208.9400,207.6600,207.7400,174.5493,67846000
2015-11-12,206.5000,207.0600,204.8200,204.8400,172.1126,121315200
2015-11-13,204.3500,204.6700,202.4400,202.5400,170.1801,153577100
2015-11-16,202.3200,205.6900,202.1800,205.6200,172.7680,117645200
2015-11-17,205.9900,207.0400,204.8800,205.4700,172.6420,121123700
2015-11-18,206.0400,208.9000,205.9900,208.7300,175.3811,121342500
2015-11-19,208.5900,209.0500,208.2000,208.5500,175.2299,88220500
2015-11-20,209.4500,210.1200,208.8600,209.3100,175.8684,94011500
2015-11-23,209.3800,209.9800,208.5200,209.0700,175.6668,64931200
2015-11-24,207.8700,209.8300,207.4100,209.3500,175.9020,98874400
2015-11-25,209.5000,209.7400,209.0100,209.3200,175.8768,51980100
2015-11-27,209.4300,209.8000,208.8600,209.5600,176.0785,37317800
2015-11-30,209.7500,209.8900,208.5600,208.6900,175.3475,112822700
2015-12-01,209.4400,210.8200,209.1100,210.6800,177.0196,97858400
2015-12-02,210.6200,211.0000,208.2300,208.5300,175.2130,108441300
2015-12-03,208.8300,209.1500,204.7500,205.6100,172.7596,166224200
2015-12-04,205.6100,209.9700,205.6100,209.6200,176.1289,192913900
2015-12-07,209.2300,209.7300,207.2000,208.3500,175.0618,102027100
2015-12-08,206.4900,208.2900,205.7800,206.9500,173.8855,103372400
2015-12-09,206.1900,208.6800,204.1800,205.3400,172.5327,162401500
2015-12-10,205.4200,207.4300,205.1400,205.8700,172.9780,116128900
2015-12-11,203.3500,204.1400,201.5100,201.8800,169.6256,211173300
2015-12-14,202.0700,203.0500,199.9500,202.9000,170.4825,182385200
2015-12-15,204.7000,206.1100,202.8700,205.0300,172.2722,154069600
2015-12-16,206.3700,208.3900,204.8000,208.0300,174.7929,197017000
2015-12-17,208.4000,208.4800,204.8400,204.8600,172.1294,173092500
2015-12-18,202.7700,202.9300,199.8300,200.0200,169.0629,251393500
2015-12-21,201.4100,201.8800,200.0900,201.6700,170.4575,99094300
2015-12-22,202.7200,203.8500,201.5500,203.5000,172.0043,111026200
2015-12-23,204.6900,206.0700,204.5800,206.0200,174.1343,110987200
2015-12-24,205.7200,206.3300,205.4200,205.6800,173.8469,48539600
2015-12-28,204.8600,205.2600,203.9400,205.2100,173.4497,65899900
2015-12-29,206.5100,207.7900,206.4700,207.4000,175.3007,92640700
2015-12-30,207.1100,207.2100,205.7600,205.9300,174.0582,63317700
2015-12-31,205.1300,205.8900,203.8700,203.8700,172.3170,114877900
2016-01-04,200.4900,201.0300,198.5900,201.0200,169.9082,222353500
2016-01-05,201.4000,201.9000,200.0500,201.3600,170.1955,110845800
2016-01-06,198.3400,200.0600,197.6000,198.8200,168.0487,152112600
2016-01-07,195.3300,197.4400,193.5900,194.0500,164.0169,213436100
2016-01-08,195.1900,195.8500,191.5800,191.9200,162.2165,209817200
2016-01-11,193.0100,193.4100,189.8200,192.1100,162.3772,187941300
2016-01-12,193.8200,194.5500,191.1400,193.6600,163.6872,172330500
2016-01-13,194.4500,194.8600,188.3800,188.8300,159.6048,221168900
2016-01-14,189.5500,193.2600,187.6600,191.9300,162.2250,240795600
2016-01-15,186.7700,188.7600,185.5200,187.8100,158.7426,324846400
2016-01-19,189.9600,190.1100,186.2000,188.0600,158.9540,195244400
2016-01-20,185.0300,187.5000,181.0200,185.6500,156.9169,286547800
2016-01-21,186.2100,188.8700,184.6400,186.6900,157.7960,195772900
2016-01-22,189.7800,190.7600,188.8800,190.5200,161.0332,168319600
2016-01-25,189.9200,190.1500,187.4100,187.6400,158.5990,130371700
2016-01-26,188.4200,190.5300,188.0200,190.2000,160.7628,141036800
2016-01-27,189.5800,191.5600,187.0600,188.1300,159.0131,185681700
2016-01-28,189.9600,190.2000,187.1600,189.1100,159.8415,143798800
2016-01-29,190.0200,193.8800,189.8800,193.7200,163.7380,210529300
2016-02-01,192.5300,194.5800,191.8400,193.6500,163.6788,136061600
2016-02-02,191.9600,191.9700,189.5400,190.1600,160.7290,182564900
2016-02-03,191.4100,191.7800,187.1000,191.3000,161.6925,205054900
2016-02-04,190.7100,192.7500,189.9600,191.6000,161.9461,139531800
2016-02-05,190.9900,191.6700,187.2000,187.9500,158.8610,180788300
2016-02-08,185.7700,186.1200,182.8000,185.4200,156.7226,191526700
2016-02-09,183.3600,186.9400,183.2000,185.4300,156.7310,184513100
2016-02-10,186.4100,188.3400,185.1200,185.2700,156.5958,148214100
2016-02-11,182.3400,184.1000,181.0900,182.8600,154.5588,219058900
2016-02-12,184.9600,186.6500,183.9600,186.6300,157.7453,127632400
2016-02-16,188.7700,189.8100,187.6300,189.7800,160.4078,120250700
2016-02-17,191.1600,193.3200,191.0100,192.8800,163.0279,136009500
2016-02-18,193.2000,193.2700,191.7200,192.0900,162.3603,102343000
2016-02-19,191.1700,192.1800,190.4500,192.0000,162.2842,114793000
2016-02-22,193.8700,194.9500,193.7900,194.7800,164.6339,103640300
2016-02-23,194.0000,194.3200,192.1800,192.3200,162.5547,111455300
2016-02-24,190.6300,193.5300,189.3200,193.2000,163.2985,150812200
2016-02-25,193.7300,195.5500,192.8300,195.5400,165.2763,110728300
2016-02-26,196.5700,196.6800,194.9000,195.0900,164.8960,129833700
2016-02-29,195.1100,196.2300,193.3300,193.5600,163.6027,125918100
2016-03-01,195.0100,198.2100,194.4500,198.1100,167.4485,141799700
2016-03-02,197.7400,199.0600,197.2500,199.0000,168.2008,102415000
2016-03-03,198.7900,199.8000,198.1100,199.7800,168.8601,95172200
2016-03-04,200.0100,201.3500,199.0300,200.4300,169.4095,129293600
2016-03-07,199.3400,201.0700,199.2500,200.5900,169.5447,100219000
2016-03-08,199.3200,199.9200,198.2100,198.4000,167.6936,123974900
2016-03-09,199.3600,199.7900,198.4300,199.3800,168.5220,94801200
2016-03-10,199.9600,201.0700,197.3800,199.5400,168.6572,156838700
2016-03-11,201.2600,202.8100,199.5200,202.7600,171.3789,137964500
2016-03-14,202.1600,203.0400,201.7700,202.5000,171.1591,73612000
2016-03-15,201.3600,202.5300,201.0500,202.1700,170.8801,93169100
2016-03-16,201.6000,203.8200,201.5500,203.3400,171.8691,129303200
2016-03-17,203.2400,205.2300,202.7700,204.6300,172.9594,134278500
2016-03-18,204.1700,204.7800,203.8000,204.3800,173.6392,138372400
2016-03-21,204.0700,204.9400,203.8000,204.6700,173.8855,72926700
2016-03-22,203.7600,205.2300,203.5700,204.5600,173.7920,97471900
2016-03-23,204.1100,204.3300,203.0100,203.2100,172.6451,81052500
2016-03-24,202.0000,203.1600,201.7400,203.1200,172.5686,84360900
2016-03-28,203.6100,203.8600,202.7100,203.2400,172.6706,62408200
2016-03-29,202.7600,205.2500,202.4000,205.1200,174.2678,92922900
2016-03-30,206.3000,206.8700,205.5900,206.0200,175.0324,86365300
2016-03-31,205.9100,206.4100,205.3300,205.5200,174.6077,94584100
2016-04-01,204.3500,207.1400,203.9800,206.9200,175.7971,114423500
2016-04-04,206.8300,207.0700,205.8900,206.2500,175.2278,63497000
2016-04-05,204.6700,206.2600,203.8900,204.1900,173.4777,99662200
2016-04-06,204.1900,206.4900,203.9800,206.4200,175.3723,91839800
2016-04-07,205.1400,205.5600,203.0900,203.9500,173.2738,113859000
2016-04-08,205.3400,205.8500,203.8700,204.5000,173.7410,95040600
2016-04-11,205.2500,206.0700,203.9100,204.0200,173.3333,83757500
2016-04-12,204.2200,206.2500,203.7000,205.9200,174.9474,115350600
2016-04-13,207.0000,208.1000,206.8400,208.0000,176.7146,96336400
2016-04-14,208.0700,208.6000,207.6000,208.0100,176.7231,65212900
2016-04-15,208.0100,208.1700,207.4000,207.7800,176.5277,75761600
2016-04-18,207.7800,209.2800,207.0000,209.2400,177.7682,82531000
2016-04-19,209.7400,210.2000,208.9400,209.9000,178.3288,88316100
2016-04-20,209.9500,210.9200,209.3900,210.1000,178.4988,81100300
2016-04-21,210.1200,210.2500,208.6500,208.9700,177.5388,85695000
2016-04-22,208.5500,209.2900,207.9100,208.9700,177.5388,99251700
2016-04-25,208.2600,208.6600,207.5400,208.6100,177.2328,66166500
2016-04-26,209.0400,209.5200,208.3600,208.9200,177.4962,75864200
2016-04-27,208.4700,209.8100,208.0500,209.3500,177.8615,77329400
2016-04-28,208.4600,209.7600,206.9600,207.4500,176.2473,97216200
2016-04-29,206.7200,207.1300,205.0300,206.3300,175.2957,142424100
2016-05-02,206.9200,208.1800,206.4100,207.9700,176.6891,62188000
2016-05-03,206.5200,206.8000,205.2800,206.1600,175.1514,106422100
2016-05-04,204.9900,205.8500,204.4200,205.0100,174.1743,92243800
2016-05-05,205.5600,205.9800,204.4700,204.9700,174.1403,67619200
2016-05-06,204.0600,205.7700,203.8800,205.7200,174.7775,89315000
2016-05-09,205.5700,206.4000,205.3600,205.8900,174.9220,74374900
2016-05-10,206.7200,208.4700,206.6400,208.4500,177.0969,77472200
2016-05-11,207.9100,208.5400,206.5000,206.5000,175.4403,81727000
2016-05-12,207.2900,207.4900,205.3700,206.5600,175.4912,89586300
2016-05-13,206.2100,206.8600,204.3800,204.7600,173.9620,96474600
2016-05-16,204.9600,207.3400,204.8900,206.7800,175.6781,77486800
2016-05-17,206.4600,206.8000,204.2300,204.8500,174.0384,114924900
2016-05-18,204.4400,206.3000,203.6300,204.9100,174.0894,120062100
2016-05-19,204.0600,204.5400,202.7800,204.2000,173.4862,115430500
2016-05-20,204.9200,206.1000,204.8600,205.4900,174.5822,104990400
2016-05-23,205.5100,205.8400,204.9900,205.2100,174.3443,58682600
2016-05-24,206.1700,208.2400,206.1400,207.8700,176.6042,93537800
2016-05-25,208.6700,209.7700,207.8700,209.2800,177.8020,76621400
2016-05-26,209.4400,209.7100,208.9700,209.3400,177.8531,55280700
2016-05-27,209.5300,210.2500,209.4700,210.2400,178.6177,64211200
2016-05-31,210.5600,210.6900,209.1800,209.8400,178.2778,109879400
2016-06-01,209.1200,210.4800,208.8900,210.2700,178.6432,69936200
2016-06-02,209.8000,210.9300,209.2400,210.9100,179.1869,63044700
2016-06-03,210.2500,210.6900,208.8600,210.2800,178.6517,101757100
2016-06-06,210.7000,211.7700,210.5100,211.3500,179.5607,64887000
2016-06-07,211.5300,212.3400,211.5000,211.6800,179.8411,60974800
2016-06-08,211.8400,212.5200,211.6900,212.3700,180.4273,66170900
2016-06-09,211.5100,212.2200,211.1900,212.0800,180.1809,73786900
2016-06-10,210.4600,210.8600,209.4300,210.0700,178.4732,113829200
2016-06-13,209.3600,210.3700,208.3500,208.4500,177.0969,117751200
2016-06-14,208.0000,208.7400,206.9200,208.0400,176.7486,125059300
2016-06-15,208.0400,209.3600,207.5300,207.7500,176.5022,109124500
2016-06-16,207.7500,208.5700,205.5900,208.3700,177.0289,149533100
2016-06-17,207.1700,207.2000,205.7500,206.5200,176.3697,117055700
2016-06-20,208.8200,209.6100,207.7500,207.8500,177.5055,82789600
2016-06-21,208.3000,208.9200,207.7800,208.4400,178.0093,72461700
2016-06-22,208.6500,209.5000,207.9300,208.1000,177.7190,95560500
2016-06-23,209.8100,210.8700,209.2700,210.8100,180.0333,102731400
2016-06-24,203.6300,210.8500,202.7200,203.2400,173.5686,333444400
2016-06-27,201.5900,201.6000,198.6500,199.6000,170.4599,230775800
2016-06-28,201.4800,203.2300,201.1200,203.2000,173.5344,159382400
2016-06-29,204.8400,206.9300,204.7200,206.6600,176.4893,137328600
2016-06-30,207.2100,209.5400,206.5600,209.4800,178.8976,165021900
2016-07-01,209.4800,210.4900,209.2900,209.9200,179.2732,106055300
2016-07-05,208.9500,209.0800,207.7100,208.4100,177.9837,109803700
2016-07-06,207.8300,209.8000,207.0600,209.6600,179.0512,96021500
2016-07-07,209.8700,210.6500,208.6300,209.5300,178.9402,85593800
2016-07-08,211.0500,212.9400,210.7800,212.6500,181.6048,133971000
2016-07-11,213.1900,214.0700,212.9500,213.4000,182.2453,73633900
2016-07-12,214.5300,215.3000,213.4300,214.9500,183.5690,101275600
2016-07-13,215.4400,215.4500,214.3500,214.9200,183.5433,87324100
2016-07-14,216.4000,216.6700,215.6600,216.1200,184.5681,91230900
2016-07-15,216.7800,217.0100,215.3100,215.8300,184.3205,107155400
2016-07-18,215.9700,216.6000,215.6700,216.4100,184.8158,58725900
2016-07-19,215.9200,216.2300,215.6300,216.1900,184.6279,54345700
2016-07-20,216.1900,217.3700,216.1900,217.0900,185.3965,58159500
2016-07-21,216.9600,217.2200,215.7500,216.2700,184.6963,67777300
2016-07-22,216.4100,217.3000,216.1000,217.2400,185.5246,62787500
2016-07-25,217.0000,217.0600,215.9700,216.6500,185.0208,55873100
2016-07-26,216.5300,217.1700,215.7600,216.7500,185.1061,70080500
2016-07-27,217.1900,217.2700,215.6200,216.5200,184.9097,84083900
2016-07-28,216.2900,217.1100,215.7500,216.7700,185.1233,65035700
2016-07-29,216.4600,217.5400,216.1300,217.1200,185.4221,79519400
2016-08-01,217.1900,217.6500,216.4100,216.9400,185.2684,73311400
2016-08-02,216.6500,216.8300,214.5700,215.5500,184.0813,92295500
2016-08-03,215.4800,216.2500,215.1300,216.1800,184.6194,53993600
2016-08-04,216.3100,216.7800,214.2500,216.4100,184.8158,46585500
2016-08-05,216.4100,218.2300,216.4100,218.1800,186.3274,71892200
2016-08-08,218.4000,218.5200,217.7400,218.0500,186.2164,39906500
2016-08-09,218.1300,218.7600,217.8000,218.1800,186.3274,51251700
2016-08-10,218.3100,218.4000,217.2300,217.6400,185.8662,57941100
2016-08-11,218.2600,218.9400,217.9500,218.6500,186.7288,72504300
2016-08-12,218.2900,218.7100,217.9900,218.4600,186.5666,61313500
2016-08-15,218.8900,219.5000,218.8800,219.0900,187.1046,49813500
2016-08-16,218.6000,218.6800,217.9600,217.9600,186.1395,53213600
2016-08-17,218.0000,218.5300,217.0200,218.3700,186.4897,75134300
2016-08-18,218.3400,218.9000,218.2100,218.8600,186.9081,52989300
2016-08-19,218.3100,218.7500,217.7400,218.5400,186.6348,75443000
2016-08-22,218.2600,218.8000,217.8300,218.5300,186.6263,61368800
2016-08-23,219.2500,219.6000,218.9000,218.9700,187.0021,53399200
2016-08-24,218.8000,218.9100,217.3600,217.8500,186.0456,71728900
2016-08-25,217.4000,218.1900,217.2200,217.7000,185.9175,69224800
2016-08-26,217.9200,219.1200,216.2500,217.2900,185.5673,122506300
2016-08-29,217.4400,218.6700,217.4000,218.3600,186.4811,70502200
2016-08-30,218.2600,218.5900,217.3500,218.0000,186.1736,58114500
2016-08-31,217.6100,217.7500,216.4700,217.3800,185.6442,85269500
2016-09-01,217.3700,217.7300,216.0300,217.3900,185.6527,97844200
2016-09-02,218.3900,218.8700,217.7000,218.3700,186.4897,79293900
2016-09-06,218.7000,219.1200,217.8600,219.0300,187.0533,56702100
2016-09-07,218.8400,219.2200,218.3000,219.0100,187.0362,76554900
2016-09-08,218.6200,218.9400,218.1500,218.5100,186.6092,74102900
2016-09-09,216.9700,217.0300,213.2500,213.2800,182.1427,221589100
2016-09-12,212.3900,216.8100,212.3100,216.3400,184.7560,168110900
2016-09-13,214.8400,215.1500,212.5000,213.2300,182.1000,182828800
2016-09-14,213.2900,214.7000,212.5000,213.1500,182.0318,134185500
2016-09-15,212.9600,215.7300,212.7500,215.2800,183.8508,134427900
2016-09-16,213.4800,213.6900,212.5700,213.3700,183.1401,155236400
2016-09-19,214.1300,214.8800,213.0300,213.4100,183.1744,80250500
2016-09-20,214.4100,214.5900,213.3800,213.4200,183.1830,69665300
2016-09-21,214.2400,216.0300,213.4400,215.8200,185.2430,110284400
2016-09-22,217.0000,217.5300,216.7100,217.1800,186.4103,76678700
2016-09-23,216.7200,216.8800,215.8800,215.9900,185.3889,73630900
2016-09-26,215.0200,215.2300,214.0100,214.2400,183.8868,89827300
2016-09-27,214.0500,215.6800,213.6200,215.5700,185.0284,78494800
2016-09-28,215.8300,216.8200,214.7100,216.6400,185.9468,87411000
2016-09-29,216.4000,216.8700,214.0400,214.6800,184.2645,128070600
2016-09-30,215.6500,217.1200,215.3600,216.3000,185.6550,117202900
2016-10-03,215.8200,216.0400,215.0400,215.7800,185.2086,83512100
2016-10-04,215.9100,216.1700,213.9900,214.6800,184.2645,119948100
2016-10-05,215.4100,216.1300,215.3300,215.6300,185.0800,72816000
2016-10-06,215.3700,216.0400,214.7400,215.7800,185.2086,62927400
2016-10-07,216.1000,216.3000,214.1900,215.0400,184.5735,89788300
2016-10-10,216.1600,216.7000,215.9900,216.1600,185.5348,51855000
2016-10-11,215.6600,215.7400,212.5800,213.4300,183.1916,130367400
2016-10-12,213.5900,214.3200,213.0100,213.7100,183.4319,73866100
2016-10-13,212.1600,213.5900,211.2100,213.0100,182.8311,101357000
2016-10-14,214.1500,214.6900,213.0300,213.1200,182.9255,93346200
2016-10-17,213.0900,213.3900,212.1700,212.3800,182.2904,58275700
2016-10-18,214.2400,214.3100,213.2700,213.7100,183.4319,76869700
2016-10-19,214.0200,214.6400,213.6000,214.2800,183.9211,66519200
2016-10-20,213.8700,214.5300,213.1100,213.8800,183.5779,73639800
2016-10-21,213.8800,214.0800,212.7600,213.9800,183.6637,89089100
2016-10-24,215.0000,215.3200,214.4800,214.8900,184.4447,60146600
2016-10-25,214.6800,214.9800,213.9800,214.1700,183.8267,66542300
2016-10-26,213.2100,214.4200,212.9300,213.7400,183.4576,75705500
2016-10-27,214.5800,214.6200,213.0800,213.1700,182.9684,77220200
2016-10-28,213.1400,213.9300,211.7100,212.5400,182.4277,140623200
2016-10-31,212.9300,213.1900,212.3600,212.5500,182.4363,61272500
2016-11-01,212.9300,212.9900,209.6000,211.0100,181.1145,122781800
2016-11-02,210.6500,211.1000,209.2300,209.7400,180.0244,103330800
2016-11-03,209.9900,210.2400,208.4600,208.7800,179.2004,88939300
2016-11-04,208.9100,209.8900,208.3800,208.5500,179.0030,109122100
2016-11-07,208.5500,213.1900,208.5500,213.1500,182.9512,109794900
2016-11-08,212.6900,214.7700,212.3800,214.1100,183.7752,106772100
2016-11-09,212.3700,217.1000,212.3400,216.3800,185.7237,258429000
2016-11-10,217.3000,218.3100,215.2200,216.9200,186.1871,172113300
2016-11-11,216.0800,216.7000,215.3200,216.4200,185.7580,100552700
2016-11-14,217.0300,217.2700,215.7200,216.5900,185.9039,94580000
2016-11-15,217.0400,218.2800,216.8000,218.2800,187.3545,91652600
2016-11-16,217.5600,218.1400,217.4200,217.8700,187.0025,65617700
2016-11-17,218.0500,219.0600,217.9200,218.9900,187.9639,69797200
2016-11-18,219.0700,219.2700,218.2900,218.5000,187.5433,86265800
2016-11-21,219.1700,220.1800,219.0000,220.1500,188.9595,72402600
2016-11-22,220.5100,220.7900,219.7300,220.5800,189.3286,67429000
2016-11-23,219.9800,220.7600,219.7500,220.7000,189.4316,56620200
2016-11-25,221.1000,221.5600,221.0100,221.5200,190.1354,37872300
2016-11-28,221.1600,221.4800,220.3600,220.4800,189.2427,76572500
2016-11-29,220.5200,221.4400,220.1700,220.9100,189.6118,69886700
2016-11-30,221.6300,221.8200,220.3100,220.3800,189.1570,113291800
2016-12-01,220.7300,220.7300,219.1500,219.5700,188.4617,79040500
2016-12-02,219.6700,220.2500,219.2600,219.6800,188.5561,74840300
2016-12-05,220.6500,221.4000,220.4200,221.0000,189.6890,67837800
2016-12-06,221.2200,221.7400,220.6600,221.7000,190.2899,59877400
2016-12-07,221.5200,224.6700,221.3800,224.6000,192.7791,110738100
2016-12-08,224.5700,225.7000,224.2600,225.1500,193.2511,99714400
2016-12-09,225.4100,226.5300,225.3700,226.5100,194.4184,88005800
2016-12-12,226.4000,226.9600,225.7600,226.2500,194.1953,102016100
2016-12-13,227.0200,228.3400,227.0000,227.7600,195.4913,110477500
2016-12-14,227.4100,228.2300,225.3700,225.8800,193.8777,142501800
2016-12-15,226.1600,227.8100,225.8900,226.8100,194.6759,124972600
2016-12-16,226.0100,226.0800,224.6700,225.0400,194.2952,156420200
2016-12-19,225.2500,226.0200,225.0800,225.5300,194.7182,90341100
2016-12-20,226.1500,226.5700,225.8800,226.4000,195.4694,89838800
2016-12-21,226.2500,226.4500,225.7700,225.7700,194.9254,67909000
2016-12-22,225.6000,225.7400,224.9200,225.3800,194.5887,56219100
2016-12-23,225.4300,225.7200,225.2100,225.7100,194.8736,36697800
2016-12-27,226.0200,226.7300,226.0000,226.2700,195.3571,42672500
2016-12-28,226.5700,226.5900,224.2700,224.4000,193.7426,64095000
2016-12-29,224.4800,224.8900,223.8400,224.3500,193.6994,48696100
2016-12-30,224.7300,224.8300,222.7300,223.5300,192.9914,108998300
2017-01-03,225.0400,225.8300,223.8800,225.2400,194.4679,91366500
2017-01-04,225.6200,226.7500,225.6100,226.5800,195.6248,78744400
2017-01-05,226.2700,226.5800,225.4800,226.4000,195.4694,78379000
2017-01-06,226.5300,227.7500,225.9000,227.2100,196.1687,71559900
2017-01-09,226.9100,227.0700,226.4200,226.4600,195.5212,46939700
2017-01-10,226.4800,227.4500,226.0100,226.4600,195.5212,63771900
2017-01-11,226.3600,227.1000,225.5900,227.1000,196.0737,74650000
2017-01-12,226.5000,226.7500,224.9600,226.5300,195.5816,72113200
2017-01-13,226.7300,227.4000,226.6900,227.0500,196.0306,62717900
2017-01-17,226.3100,226.7800,225.8000,226.2500,195.3399,61240800
2017-01-18,226.5400,226.8000,225.9000,226.7500,195.7716,54793300
2017-01-19,226.8400,227.0000,225.4100,225.9100,195.0463,66608800
2017-01-20,226.7000,227.3100,225.9700,226.7400,195.7630,129168600
2017-01-23,226.7400,226.8100,225.2700,226.1500,195.2535,75061600
2017-01-24,226.4000,228.0800,226.2700,227.6000,196.5054,95555300
2017-01-25,228.7000,229.5700,228.5100,229.5700,198.2063,84437700
2017-01-26,229.4000,229.7100,229.0100,229.3300,197.9990,59970700
2017-01-27,229.4200,229.5900,228.7600,228.9700,197.6883,59711100
2017-01-30,228.1700,228.2000,226.4100,227.5500,196.4622,79737300
2017-01-31,226.9800,227.6000,226.3200,227.5300,196.4450,75880800
2017-02-01,227.5300,228.5900,226.9400,227.6200,196.5227,79117700
2017-02-02,227.6200,228.1000,226.8200,227.7700,196.6522,69657600
2017-02-03,228.8200,229.5500,228.4600,229.3400,198.0077,80563200
2017-02-06,228.8700,229.3300,228.5400,228.9300,197.6537,57790100
2017-02-07,229.3800,229.6600,228.7200,228.9400,197.6624,57931200
2017-02-08,228.9400,229.3900,228.3100,229.2400,197.9214,51566200
2017-02-09,229.2400,230.9500,229.2400,230.6000,199.0956,65955200
2017-02-10,231.0000,231.7700,230.6200,231.5100,199.8812,66015900
2017-02-13,232.0800,233.0700,232.0500,232.7700,200.9691,55182100
2017-02-14,232.5600,233.7100,232.1600,233.7000,201.7721,71109000
2017-02-15,233.4500,235.1400,233.3900,234.9200,202.8254,86785800
2017-02-16,234.9500,235.1600,233.8500,234.7200,202.6527,84722400
2017-02-17,233.9500,235.0900,233.9300,235.0900,202.9721,77204100
2017-02-21,235.5200,236.6900,235.5100,236.4900,204.1809,88946100
2017-02-22,236.0200,236.5400,235.8300,236.2800,203.9995,62115200
2017-02-23,236.8800,236.9000,235.5600,236.4400,204.1377,74615900
2017-02-24,235.4600,236.7900,235.4100,236.7400,204.3967,82381600
2017-02-27,236.6400,237.3100,236.3500,237.1100,204.7162,56515400
2017-02-28,236.6700,236.9500,236.0200,236.4700,204.1636,96961900
2017-03-01,238.3900,240.3200,238.3700,239.7800,207.0214,149158200
2017-03-02,239.5600,239.5700,238.2100,238.2700,205.7177,70246000
2017-03-03,238.1700,238.6100,237.7300,238.4200,205.8472,81974300
2017-03-06,237.5000,238.1200,237.0100,237.7100,205.2342,55391500
2017-03-07,237.3600,237.7700,236.7600,237.0000,204.6212,65103700
2017-03-08,237.3400,237.6400,236.4000,236.5600,204.2413,78168800
2017-03-09,236.7000,237.2400,235.7400,236.8600,204.5004,90683900
2017-03-10,237.9700,238.0200,236.5900,237.6900,205.2169,81991700
2017-03-13,237.6200,237.8600,237.2400,237.8100,205.3205,57256800
2017-03-14,237.1800,237.2400,236.1900,236.9000,204.5349,59880800
2017-03-15,237.5600,239.4400,237.2900,238.9500,206.3048,96081800
2017-03-16,239.1100,239.2000,238.1000,238.4800,205.8990,78344000
2017-03-17,237.7500,237.9700,237.0300,237.0300,205.5374,89002100
2017-03-20,237.0300,237.3600,236.3200,236.7700,205.3120,52537000
2017-03-21,237.4700,237.6100,233.5800,233.7300,202.6759,131809300
2017-03-22,233.7700,234.6100,233.0500,234.2800,203.1528,97569200
2017-03-23,234.2800,235.3400,233.6000,234.0300,202.9360,100410300
2017-03-24,234.3800,235.0400,232.9600,233.8600,202.7885,112504900
2017-03-27,231.9300,233.9200,231.6100,233.6200,202.5805,87454500
2017-03-28,233.2700,235.8100,233.1400,235.3200,204.0546,93483900
2017-03-29,234.9900,235.8100,234.7300,235.5400,204.2454,61950400
2017-03-30,235.4700,236.5200,235.2700,236.2900,204.8957,56737900
2017-03-31,235.9000,236.5100,235.6800,235.7400,204.4188,73733100
2017-04-03,235.8000,236.0300,233.9100,235.3300,204.0633,85546500
2017-04-04,235.0000,235.5800,234.5600,235.4800,204.1934,56466200
2017-04-05,236.2600,237.3900,234.5400,234.7800,203.5864,108800600
2017-04-06,234.9400,236.0400,234.4300,235.4400,204.1587,69135800
2017-04-07,235.1500,236.0000,234.6400,235.2000,203.9505,74412300
2017-04-10,235.3600,236.2600,234.7300,235.3400,204.0719,67615300
2017-04-11,234.9000,235.1800,233.3400,235.0600,203.8291,88045300
2017-04-12,234.7400,234.9600,233.7700,234.0300,202.9360,81864400
2017-04-13,233.6400,234.4900,232.5100,232.5100,201.6180,92880400
2017-04-17,233.1100,234.5700,232.8800,234.5700,203.4043,68405400
2017-04-18,233.7200,234.4900,233.0800,233.8700,202.7972,83225800
2017-04-19,234.5200,234.9500,233.1800,233.4400,202.4244,68699900
2017-04-20,234.1500,235.8500,233.7800,235.3400,204.0719,92572200
2017-04-21,235.2500,235.3100,234.1300,234.5900,203.4216,110389800
2017-04-24,237.1800,237.4100,234.5600,237.1700,205.6588,119209900
2017-04-25,237.9100,238.9500,237.8100,238.5500,206.8555,76698300
2017-04-26,238.5100,239.5300,238.3500,238.4000,206.7254,84702500
2017-04-27,238.7700,238.9500,237.9800,238.6000,206.8988,57410300
2017-04-28,238.9000,238.9300,237.9300,238.0800,206.4479,63532800
2017-05-01,238.6800,239.1700,238.2000,238.6800,206.9682,66882500
2017-05-02,238.8400,238.9800,238.3000,238.7700,207.0462,57375700
2017-05-03,238.7700,238.8800,237.7000,238.4800,206.7948,73137700
2017-05-04,238.8300,238.9200,237.7800,238.7600,207.0376,61462700
2017-05-05,239.1900,239.7200,238.6800,239.7000,207.8527,62001300
2017-05-08,239.7500,239.9200,239.1700,239.6600,207.8180,48385700
2017-05-09,239.9600,240.1900,239.0400,239.4400,207.6272,51363200
2017-05-10,239.3900,239.8700,239.1500,239.8700,208.0001,54293800
2017-05-11,239.3500,239.5700,238.1300,239.3800,207.5752,62358300
2017-05-12,239.0900,239.4300,238.6700,238.9800,207.2283,53912700
2017-05-15,239.4700,240.4400,239.4500,240.3000,208.3730,61918900
2017-05-16,240.6400,240.6700,239.6300,240.0800,208.1822,51241800
2017-05-17,240.0800,240.0800,235.7500,235.8200,204.4882,172174100
2017-05-18,235.7300,237.7500,235.4300,236.7700,205.3120,107047700
2017-05-19,237.3300,239.0800,237.2700,238.3100,206.6474,115011400
2017-05-22,238.9000,239.7100,238.8200,239.5200,207.6966,61010600
2017-05-23,239.9500,240.2400,239.5100,240.0500,208.1562,48341700
2017-05-24,240.3200,240.7300,239.9300,240.6100,208.6418,46927700
2017-05-25,241.2000,242.0800,240.9600,241.7600,209.6389,64071700
2017-05-26,241.5400,241.9000,241.4500,241.7100,209.5956,46629900
2017-05-30,241.3400,241.7900,241.1600,241.5000,209.4135,35201900
2017-05-31,241.8400,241.8800,240.6400,241.4400,209.3615,91796000
2017-06-01,241.9700,243.3800,241.6400,243.3600,211.0263,68962000
2017-06-02,243.4200,244.3500,243.0800,244.1700,211.7288,88666100
2017-06-05,243.9700,244.3000,243.7600,243.9900,211.5726,44698800
2017-06-06,243.3400,243.9800,243.1200,243.2100,210.8963,50375400
2017-06-07,243.6000,243.9200,242.8300,243.6600,211.2866,54144300
2017-06-08,243.7700,244.3300,243.1700,243.7800,211.3906,65950700
2017-06-09,244.0900,245.0100,241.9500,243.4100,211.0697,132256400
2017-06-12,243.1300,243.4200,242.3800,243.3600,211.0263,86108100
2017-06-13,243.9800,244.6100,243.5800,244.5500,212.0583,60067000
2017-06-14,244.8600,244.8700,243.2900,244.2400,211.7895,78602300
2017-06-15,242.6800,243.9100,242.3600,243.7700,211.3819,66464900
2017-06-16,242.7700,242.8300,241.6300,242.6400,211.4281,84553100
2017-06-19,243.5900,244.7300,243.4800,244.6600,213.1883,65123800
2017-06-20,244.2500,244.2600,242.9900,243.0100,211.7505,56906400
2017-06-21,243.4600,243.5900,242.4100,242.9500,211.6982,55977600
2017-06-22,242.9600,243.5300,242.6400,242.8400,211.6023,44148100
2017-06-23,242.9100,243.5100,242.4700,243.1300,211.8551,66986800
2017-06-26,243.9000,244.3800,243.0500,243.2900,211.9945,56700500
2017-06-27,243.0400,243.3800,241.3100,241.3300,210.2866,82247700
2017-06-28,242.5000,243.7200,242.2300,243.4900,212.1688,70042600
2017-06-29,243.6600,243.7200,239.9600,241.3500,210.3040,106949700
2017-06-30,242.2800,242.7100,241.5800,241.8000,210.6961,86820700
2017-07-03,242.8800,243.3800,242.2100,242.2100,211.0534,39153800
2017-07-05,242.6300,243.0100,241.7000,242.7700,211.5414,54427600
2017-07-06,241.8900,242.0300,240.3400,240.5500,209.6069,65400800
2017-07-07,241.2100,242.2800,240.5600,242.1100,210.9663,57972300
2017-07-10,242.1100,242.8000,241.7600,242.3700,211.1929,36663300
2017-07-11,242.3700,242.5500,240.8500,242.1900,211.0360,50354600
2017-07-12,243.3000,244.2000,243.3000,244.0100,212.6219,59610400
2017-07-13,244.0200,244.5500,243.7600,244.4200,212.9791,39471600
2017-07-14,244.4200,245.9700,244.3100,245.5600,213.9725,60262700
2017-07-17,245.4700,245.9100,245.3300,245.5300,213.9463,33531900
2017-07-18,245.0600,245.7200,244.6700,245.6600,214.0596,42742500
2017-07-19,246.0200,247.0000,246.0100,246.9900,215.2186,51034300
2017-07-20,247.2800,247.4200,246.4700,247.1000,215.3144,47135200
2017-07-21,246.4400,246.9100,246.1800,246.8800,215.1227,82340800
2017-07-24,246.7900,246.9800,246.2800,246.8200,215.0704,46622300
2017-07-25,247.6800,247.8000,247.1600,247.4200,215.5932,54915600
2017-07-26,247.7500,247.7900,247.1300,247.4300,215.6019,47575400
2017-07-27,247.9600,248.0000,245.6800,247.2000,215.4015,70766600
2017-07-28,246.6500,247.0600,246.1300,246.9100,215.1488,50088400
2017-07-31,247.3700,247.4800,246.5300,246.7700,215.0268,65838700
2017-08-01,247.4600,247.5000,246.7200,247.3200,215.5061,55050400
2017-08-02,247.4700,247.6000,246.3700,247.4400,215.6107,47211200
2017-08-03,247.3100,247.3400,246.6400,246.9600,215.1924,40856000
2017-08-04,247.5200,247.7900,246.9700,247.4100,215.5845,60191800
2017-08-07,247.4900,247.8700,247.3700,247.8700,215.9854,31995000
2017-08-08,247.5100,248.9100,246.8300,247.2600,215.4538,61719400
2017-08-09,246.4700,247.3100,246.0600,247.2500,215.4451,62632600
2017-08-10,246.2900,246.4400,243.7000,243.7600,212.4040,120479500
2017-08-11,244.0200,244.8000,243.7500,244.1200,212.7177,74869900
2017-08-14,245.5900,246.7900,245.5500,246.5400,214.8264,73291900
2017-08-15,246.9800,247.0000,246.1600,246.5100,214.8003,55242700
2017-08-16,247.1100,247.5700,246.4500,246.9400,215.1750,56715500
2017-08-17,246.2400,246.6000,243.0900,243.0900,211.8202,128490400
2017-08-18,242.9000,244.1900,242.2000,242.7100,211.4891,136748000
2017-08-21,242.6400,243.2000,241.8300,242.9000,211.6546,65469700
2017-08-22,243.5700,245.6200,243.5500,245.4400,213.8679,63140100
2017-08-23,244.3300,245.0500,244.1600,244.5600,213.1011,50203800
2017-08-24,245.0000,245.1800,243.7500,243.9900,212.6044,50741700
2017-08-25,244.9000,245.6100,244.3900,244.5600,213.1011,64445900
2017-08-28,245.1700,245.2000,244.0900,244.5700,213.1098,40565600
2017-08-29,243.0600,245.1500,242.9300,244.8500,213.3538,51135700
2017-08-30,244.8300,246.3200,244.6200,246.0100,214.3646,62030800
2017-08-31,246.7200,247.7700,246.0500,247.4900,215.6543,103803900
2017-09-01,247.9200,248.3300,247.6700,247.8400,215.9592,62007000
2017-09-05,247.2600,247.5200,244.9500,246.0600,214.4082,91398800
2017-09-06,246.8400,247.2800,246.2300,246.9000,215.1401,57916900
2017-09-07,247.2500,247.2700,246.4000,246.8700,215.1139,58034700
2017-09-08,246.5400,247.1100,246.3000,246.5800,214.8613,63832800
2017-09-11,248.0400,249.3000,248.0200,249.2100,217.1530,71364800
2017-09-12,249.6300,250.0900,249.4200,250.0500,217.8849,56896000
2017-09-13,249.7200,250.2100,249.5900,250.1700,217.9895,59228000
2017-09-14,249.8000,250.3200,249.6000,250.0900,217.9198,95446300
2017-09-15,248.6900,249.2900,248.5700,249.1900,218.2132,95432400
2017-09-18,249.6100,250.1200,249.2800,249.7200,218.6773,46235200
2017-09-19,250.0000,250.0700,249.6000,249.9700,218.8962,47108100
2017-09-20,250.0700,250.1900,248.9200,250.0600,218.9750,59574100
2017-09-21,249.8800,249.9800,249.1900,249.3900,218.3883,48211400
2017-09-22,249.0500,249.6300,249.0200,249.4400,218.4320,51214000
2017-09-25,249.1500,249.5500,248.0800,248.9300,217.9855,57064400
2017-09-26,249.4200,249.7000,248.8100,249.0800,218.1168,54082000
2017-09-27,249.8800,250.4900,248.8700,250.0500,218.9662,81001400
2017-09-28,249.7300,250.4400,249.6300,250.3500,219.2290,44778800
2017-09-29,250.3400,251.3200,250.1300,251.2300,219.9995,85578000
2017-10-02,251.4900,252.3200,251.2900,252.3200,220.9541,59023000
2017-10-03,252.3200,252.8900,252.2300,252.8600,221.4269,66810200
2017-10-04,252.6900,253.4400,252.5600,253.1600,221.6896,55953600
2017-10-05,253.5400,254.6800,253.2000,254.6600,223.0032,63522800
2017-10-06,254.1500,254.7000,253.8500,254.3700,222.7492,80646000
2017-10-09,254.6300,254.7000,253.6500,253.9500,222.3814,35803100
2017-10-10,254.6000,255.0500,253.9800,254.6200,222.9681,43057400
2017-10-11,254.5100,255.0200,254.3200,255.0200,223.3184,47674300
2017-10-12,254.6600,255.0600,254.3700,254.6400,222.9856,47065100
2017-10-13,255.1400,255.2700,254.6400,254.9500,223.2571,54800400
2017-10-16,255.2100,255.5100,254.8200,255.2900,223.5548,38221700
2017-10-17,255.2300,255.5200,254.9800,255.4700,223.7125,31561000
2017-10-18,255.9000,255.9500,255.5000,255.7200,223.9314,40888300
2017-10-19,254.8300,255.8300,254.3500,255.7900,223.9927,61903800
2017-10-20,256.7000,257.1400,255.7700,257.1100,225.1486,89176400
2017-10-23,257.4800,257.5100,256.0200,256.1100,224.2729,63915300
2017-10-24,256.6000,256.8300,256.1500,256.5600,224.6669,66935900
2017-10-25,256.1800,256.3100,254.0000,255.2900,223.5548,103715300
2017-10-26,255.9900,256.3000,255.4800,255.6200,223.8438,69798000
2017-10-27,256.4700,257.8900,255.6300,257.7100,225.6740,85562500
2017-10-30,256.4700,257.6000,256.4100,256.7500,224.8334,54285700
2017-10-31,257.1800,257.4400,256.8100,257.1500,225.1836,60304800
2017-11-01,258.0400,258.4300,257.0700,257.4900,225.4813,54202700
2017-11-02,257.4100,257.7500,256.1900,257.5900,225.5690,56449500
2017-11-03,257.7700,258.5000,257.3000,258.4500,226.3220,59589700
2017-11-06,258.3000,259.0000,258.2200,258.8500,226.6723,49652600
2017-11-07,258.9700,259.3500,258.0900,258.6700,226.5146,57502200
2017-11-08,258.4700,259.2200,258.1500,259.1100,226.9000,50469600
2017-11-09,257.7300,258.3900,256.3600,258.1700,226.0769,95085500
2017-11-10,257.7300,258.2900,257.3700,258.0900,226.0067,59984700
2017-11-13,257.3100,258.5900,257.2700,258.3300,226.2169,50228600
2017-11-14,257.4100,257.8500,256.5200,257.7300,225.6915,61315200
2017-11-15,256.6200,257.2200,255.6300,256.4400,224.5619,80811500
2017-11-16,257.5200,259.0400,257.4700,258.6200,226.4709,67777000
2017-11-17,258.2200,258.5900,257.7700,257.8600,225.8053,75756800
2017-11-20,258.1400,258.5200,257.8600,258.3000,226.1907,48075500
2017-11-21,259.1800,260.2000,258.2600,259.9900,227.6706,69176800
2017-11-22,260.0000,260.1500,259.5700,259.7600,227.4692,45033400
2017-11-24,260.3200,260.4800,260.1600,260.3600,227.9946,27856500
2017-11-27,260.4100,260.7500,260.0000,260.2300,227.8808,52274900
2017-11-28,260.7600,262.9000,260.6500,262.8700,230.1926,98971700
2017-11-29,263.0200,263.6300,262.2000,262.7100,230.0525,77512100
2017-11-30,263.7600,266.0500,263.6700,265.0100,232.0666,127894400
2017-12-01,264.7600,265.3100,260.7600,264.4600,231.5849,164390900
2017-12-04,266.3100,266.8000,264.0800,264.1400,231.3047,94040600
2017-12-05,263.1900,265.1500,263.0400,263.1900,230.4727,77994500
2017-12-06,263.3000,263.7300,262.7100,263.2400,230.5166,75898600
2017-12-07,264.0700,264.4300,262.9400,264.0700,231.2434,77218600
2017-12-08,265.1600,265.5200,264.0300,265.5100,232.5044,76563900
2017-12-11,266.3100,266.3800,265.4800,266.3100,233.2049,83077500
2017-12-12,267.2100,267.3200,266.3500,266.7800,233.6165,85195800
2017-12-13,267.0600,267.5600,266.6500,266.7500,233.5902,102905400
2017-12-14,267.0900,267.2200,265.6000,265.6600,232.6358,100666700
2017-12-15,265.4500,267.0400,265.3900,266.5100,234.5730,144610300
2017-12-18,268.1000,268.6000,267.9800,268.2000,236.0605,83653600
2017-12-19,268.4800,268.5300,267.0900,267.1700,235.1539,82382900
2017-12-20,268.2700,268.3300,266.6900,267.0300,235.0307,76751500
2017-12-21,267.7400,268.3900,267.3000,267.5800,235.5147,67032300
2017-12-22,267.6000,267.6400,266.9000,267.5100,235.4531,78720900
2017-12-26,267.0500,267.4400,266.8900,267.1900,235.1715,45244400
2017-12-27,267.3800,267.7300,267.0100,267.3200,235.2859,57751000
2017-12-28,267.8900,267.9200,267.4500,267.8700,235.7700,45116100
2017-12-29,268.5300,268.5500,266.6400,266.8600,234.8810,96007400
2018-01-02,267.8400,268.8100,267.4000,268.7700,236.5621,86655700
2018-01-03,268.9600,270.6400,268.9600,270.4700,238.0584,90070400
2018-01-04,271.2000,272.1600,270.5400,271.6100,239.0619,80636400
2018-01-05,272.5100,273.5600,271.9500,273.4200,240.6549,83524000
2018-01-08,273.3100,274.1000,272.9800,273.9200,241.0951,57319200
2018-01-09,274.4000,275.2500,274.0800,274.5400,241.6408,57254000
2018-01-10,273.6800,274.4200,272.9200,274.1200,241.2711,69574300
2018-01-11,274.7500,276.1200,274.5600,276.1200,243.0314,62361500
2018-01-12,276.4200,278.1100,276.0800,277.9200,244.6157,90816100
2018-01-16,279.3500,280.0900,276.1800,276.9700,243.7795,106555100
2018-01-17,278.0300,280.0500,276.9700,279.6100,246.1031,113258800
2018-01-18,279.4800,279.9600,278.5800,279.1400,245.6895,100728000
2018-01-19,279.8000,280.4100,279.1400,280.4100,246.8073,140920100
2018-01-22,280.1700,282.6900,280.1100,282.6900,248.8141,91322400
2018-01-23,282.7400,283.6200,282.3700,283.2900,249.3422,97084700
2018-01-24,284.0200,284.7000,281.8400,283.1800,249.2453,134816100
2018-01-25,284.1600,284.2700,282.4000,283.3000,249.3510,84587300
2018-01-26,284.2500,286.6300,283.9600,286.5800,252.2379,107743100
2018-01-29,285.9300,286.4300,284.5000,284.6800,250.5656,90118300
2018-01-30,282.6000,284.7400,281.2200,281.7600,247.9955,131796400
2018-01-31,282.7300,283.3000,280.6800,281.9000,248.1187,108364800
2018-02-01,281.0700,283.0600,280.6800,281.5800,247.8371,90102500
2018-02-02,280.0800,280.2300,275.4100,275.4500,242.4417,173174800
2018-02-05,273.4500,275.8500,263.3100,263.9300,232.3022,294681800
2018-02-06,259.9400,269.7000,258.7000,269.1300,236.8790,355026800
2018-02-07,268.5000,272.3600,267.5800,267.6700,235.5940,167376100
2018-02-08,268.0100,268.1700,257.5900,257.6300,226.7571,246449500
2018-02-09,260.8000,263.6100,252.9200,261.5000,230.1634,283565300
2018-02-12,263.8300,267.0100,261.6600,265.3400,233.5431,143736000
2018-02-13,263.9700,266.6200,263.3100,266.0000,234.1241,81223600
2018-02-14,264.3100,270.0000,264.3000,269.5900,237.2838,120735700
2018-02-15,271.5700,273.0400,268.7700,273.0300,240.3116,111200300
2018-02-16,272.3200,275.3200,272.2700,273.1100,240.3820,160420100
2018-02-20,272.0300,273.6700,270.5000,271.4000,238.8770,86369700
2018-02-21,271.9000,274.7200,269.9400,270.0500,237.6888,98883700
2018-02-22,271.1000,273.0500,269.6400,270.4000,237.9968,110511300
2018-02-23,271.7900,274.7100,271.2500,274.7100,241.7903,92766400
2018-02-26,275.9300,278.0100,275.2600,277.9000,244.5980,86491400
2018-02-27,278.1100,278.9200,274.3600,274.4300,241.5439,99099200
2018-02-28,275.6800,276.1900,271.2900,271.6500,239.0971,121907800
2018-03-01,271.4100,273.1700,266.0000,267.7000,235.6204,176855100
2018-03-02,265.8000,269.7200,264.8200,269.0800,236.8351,139083200
2018-03-05,267.7300,272.8900,267.6100,272.1900,239.5724,97307400
2018-03-06,273.3000,273.3900,271.1800,272.8800,240.1796,79213200
2018-03-07,270.4200,273.1800,270.2000,272.7800,240.0916,87063500
2018-03-08,273.5500,274.2400,272.4200,274.1000,241.2535,66901200
2018-03-09,275.7000,278.8700,275.3400,278.8700,245.4519,113625300
2018-03-12,279.2000,279.9100,278.0800,278.5200,245.1437,71924800
2018-03-13,279.8400,280.4100,276.0300,276.7200,243.5595,91968900
2018-03-14,277.8100,278.0200,274.6700,275.3000,242.3097,105895100
2018-03-15,275.8800,276.6100,274.4300,275.0000,242.0457,83433000
2018-03-16,274.5000,275.3900,274.1400,274.2000,242.3081,100343700
2018-03-19,273.3500,274.4000,268.6200,270.4900,239.0296,109208400
2018-03-20,270.9400,271.6700,270.1800,270.9500,239.4360,59757300
2018-03-21,270.9000,273.2700,270.1900,270.4300,238.9765,78709600
2018-03-22,267.9100,268.8700,263.3600,263.6700,233.0028,148785900
2018-03-23,264.1700,264.5400,257.8300,258.0500,228.0365,183534800
2018-03-26,262.1300,265.4300,259.4100,265.1100,234.2753,141956100
2018-03-27,266.1700,266.7700,258.8400,260.6000,230.2899,129941400
2018-03-28,260.7500,262.6400,258.5800,259.8300,229.6095,146452300
2018-03-29,261.1200,265.2600,259.8400,263.1500,232.5433,111601600
2018-04-02,262.5500,263.1300,254.6700,257.4700,227.5239,186286300
2018-04-03,258.8700,261.3100,256.8400,260.7700,230.4401,119956900
2018-04-04,256.7500,264.3600,256.6000,263.5600,232.9056,123715300
2018-04-05,265.5500,266.6400,264.3200,265.6400,234.7437,82652600
2018-04-06,263.4200,265.1100,258.0000,259.7200,229.5122,179521200
2018-04-09,261.3700,264.8400,259.9400,261.0000,230.6434,105442900
2018-04-10,264.2700,266.0400,262.9800,265.1500,234.3107,103529000
2018-04-11,263.4700,265.6400,263.3900,263.7600,233.0823,91140200
2018-04-12,265.2600,267.0000,265.0600,265.9300,234.9999,68890500
2018-04-13,267.4100,267.5400,264.0100,265.1500,234.3107,85079200
2018-04-16,267.0000,268.2000,266.0700,267.3300,236.2371,63405300
2018-04-17,269.3300,270.8700,268.7500,270.1900,238.7645,64682000
2018-04-18,270.6900,271.3000,269.8700,270.3900,238.9412,57303900
2018-04-19,269.6500,269.8800,267.7200,268.8900,237.6157,77655900
2018-04-20,268.8100,269.0600,265.6100,266.6100,235.6008,99953100
2018-04-23,267.2600,267.8900,265.3500,266.5700,235.5656,65558000
2018-04-24,267.7300,267.9800,261.2800,262.9800,232.3931,112885500
2018-04-25,262.9100,264.1300,260.8500,263.6300,232.9675,103840900
2018-04-26,264.7900,267.2500,264.2900,266.3100,235.3358,67731900
2018-04-27,267.0000,267.3400,265.5000,266.5600,235.5567,57053600
2018-04-30,267.2600,267.8900,264.4300,264.5100,233.7451,82182300
2018-05-01,263.8700,265.1000,262.1100,264.9800,234.1604,74203400
2018-05-02,264.7600,265.6800,262.7600,263.2000,232.5875,86368900
2018-05-03,262.2600,263.3600,259.0500,262.6200,232.0749,136311500
2018-05-04,261.5200,266.7900,261.1500,266.0200,235.0795,91222100
2018-05-07,266.8900,268.0200,266.1100,266.9200,235.8748,55304900
2018-05-08,266.5000,267.3300,265.1500,266.9200,235.8748,67499200
2018-05-09,267.6800,269.8700,267.0900,269.5000,238.1547,59666100
2018-05-10,270.3400,272.3900,270.2200,272.0200,240.3816,72063900
2018-05-11,272.1600,273.1500,271.5800,272.8500,241.1151,59871500
2018-05-14,273.3400,274.0800,272.3600,272.9800,241.2300,54790600
2018-05-15,271.5900,271.6100,270.0300,271.1000,239.5686,87036100
2018-05-16,271.1400,272.7600,271.1100,272.2400,240.5760,53942600
2018-05-17,271.9400,273.2300,271.1300,272.0100,240.3728,56536400
2018-05-18,271.6200,272.0300,270.9300,271.3300,239.7718,64368000
2018-05-21,273.0100,273.9800,272.5700,273.3700,241.5747,58025900
2018-05-22,273.9600,274.2500,272.2400,272.6100,240.9030,52966400
2018-05-23,271.1700,273.3900,270.9900,273.3600,241.5658,64694200
2018-05-24,272.9100,273.2200,270.7800,272.8000,241.0708,76043800
2018-05-25,272.1500,272.8600,271.5800,272.1500,240.4964,56374800
2018-05-29,270.3100,271.1700,267.7600,269.0200,237.7305,115908600
2018-05-30,270.5000,273.1100,270.4200,272.6100,240.9030,69678400
2018-05-31,272.1500,272.4900,270.2600,270.9400,239.4272,93519900
2018-06-01,272.4100,273.9400,272.3300,273.6000,241.7778,71258400
2018-06-04,274.5300,275.1900,274.2600,274.9000,242.9266,45385200
2018-06-05,275.0500,275.5300,274.1800,275.1000,243.1033,51135000
2018-06-06,275.7900,277.5200,275.0900,277.4000,245.1359,62732200
2018-06-07,277.9500,278.2800,276.3400,277.3700,245.1093,72969400
2018-06-08,276.8500,278.2500,276.6600,278.1900,245.8340,72139700
2018-06-11,278.4400,279.3700,278.3100,278.5600,246.1609,58892500
2018-06-12,279.0300,279.3300,278.1900,278.9200,246.4791,72329000
2018-06-13,279.1900,279.4800,277.8000,278.0300,245.6926,79070600
2018-06-14,279.0100,279.3300,278.0600,278.7300,246.3112,77097600
2018-06-15,276.6000,277.5100,275.3500,277.1300,245.9969,120041600
2018-06-18,275.4900,276.7000,274.9500,276.5600,245.4910,52917600
2018-06-19,274.0000,275.7500,273.5300,275.5000,244.5501,97531500
2018-06-20,276.2700,276.7200,275.5900,275.9700,244.9673,53785500
2018-06-21,275.9600,275.9800,273.6800,274.2400,243.4316,71061400
2018-06-22,275.6600,275.7900,274.4900,274.7400,243.8754,54898500
2018-06-25,273.4400,273.6200,269.1000,271.0000,240.5556,137854200
2018-06-26,271.6400,272.5600,270.7900,271.6000,241.0882,68547400
2018-06-27,272.2600,273.8700,269.1800,269.3500,239.0910,105110700
2018-06-28,269.2900,271.7500,268.4900,270.8900,240.4580,76650500
2018-06-29,272.1200,273.6600,271.1500,271.2800,240.8041,97592500
2018-07-02,269.5100,272.0400,269.2400,271.8600,241.3190,63554800
2018-07-03,272.8700,272.9800,270.4200,270.9000,240.4668,42187100
2018-07-05,272.1700,273.1800,270.9600,273.1100,242.4286,56925900
2018-07-06,273.1400,275.8400,272.7100,275.4200,244.4791,66493700
2018-07-09,276.5500,277.9600,276.5000,277.9000,246.6804,50550400
2018-07-10,278.4100,279.0100,278.0800,278.9000,247.5681,51966800
2018-07-11,277.1500,278.0400,276.5200,276.8600,245.7573,77054700
2018-07-12,278.2800,279.4300,277.6000,279.3700,247.9853,60124700
2018-07-13,279.1700,279.9300,278.6600,279.5900,248.1806,48216000
2018-07-16,279.6400,279.8000,278.8400,279.3400,247.9587,48201000
2018-07-17,278.4700,280.9100,278.4100,280.4700,248.9617,52315500
2018-07-18,280.5600,281.1800,280.0600,281.0600,249.4854,44593500
2018-07-19,280.3100,280.7400,279.4600,280.0000,248.5445,61412100
2018-07-20,279.7700,280.4800,279.5000,279.6800,248.2605,82337700
2018-07-23,279.4500,280.4300,279.0600,280.2000,248.7222,47047600
2018-07-24,281.7900,282.5600,280.6300,281.6100,249.9736,68026900
2018-07-25,281.3300,284.3700,281.2800,284.0100,252.1040,78882900
2018-07-26,283.2000,284.1100,283.0900,283.3400,251.5094,57919500
2018-07-27,283.7100,283.8200,280.3800,281.4200,249.8051,76768700
2018-07-30,281.5100,281.6900,279.3600,279.9500,248.5002,63742500
2018-07-31,280.8100,282.0200,280.3800,281.3300,249.7251,68570500
2018-08-01,281.5600,282.1300,280.1300,280.8600,249.3079,53853300
2018-08-02,279.3900,282.5800,279.1600,282.3900,250.6661,63426400
2018-08-03,282.5300,283.6600,282.3300,283.6000,251.7400,53935400
2018-08-06,283.6400,284.9900,283.2000,284.6400,252.6633,39400900
2018-08-07,285.3900,286.0100,285.2400,285.5800,253.4977,43196600
2018-08-08,285.3900,285.9100,284.9400,285.4600,253.3912,42114600
2018-08-09,285.5300,285.9700,284.9200,285.0700,253.0450,35717000
2018-08-10,283.4500,284.0600,282.3600,283.1600,251.3496,77076000
2018-08-13,283.4700,284.1600,281.7700,282.1000,250.4086,65732900
2018-08-14,282.9200,284.1700,282.4800,283.9000,252.0064,43842000
2018-08-15,282.3800,282.5400,280.1600,281.7800,250.1246,102925400
2018-08-16,283.4000,285.0400,283.3600,284.0600,252.1484,69967900
2018-08-17,283.8300,285.5600,283.3700,285.0600,253.0361,65618500
2018-08-20,285.5700,285.9700,285.0600,285.6700,253.5776,39807500
2018-08-21,286.2500,287.3100,285.7100,286.3400,254.1722,67272000
2018-08-22,285.8800,286.7600,285.5800,286.1700,254.0214,44993300
2018-08-23,285.9700,286.9400,285.4300,285.7900,253.6841,49204900
2018-08-24,286.4400,287.6700,286.3800,287.5100,255.2108,57487400
2018-08-27,288.8600,289.9000,288.6800,289.7800,257.2258,57072400
2018-08-28,290.3000,290.4200,289.4000,289.9200,257.3501,46943500
2018-08-29,290.1600,291.7400,289.8900,291.4800,258.7349,61485500
2018-08-30,290.9400,291.3600,289.6300,290.3000,257.6874,61229500
2018-08-31,289.8400,290.8100,289.2900,290.3100,257.6963,66140800
2018-09-04,289.8400,290.2100,288.6800,289.8100,257.2524,57594400
2018-09-05,289.4100,289.6400,287.8900,289.0300,256.5602,72452400
2018-09-06,289.1500,289.4900,287.0000,288.1600,255.7879,65909900
2018-09-07,286.9800,288.7000,286.7100,287.6000,255.2908,73524800
2018-09-10,288.7400,289.0400,287.8800,288.1000,255.7347,50210900
2018-09-11,287.3700,289.5500,286.9800,289.0500,256.5779,50530500
2018-09-12,289.0600,289.8000,288.2300,289.1200,256.6400,59810800
2018-09-13,290.3200,291.0400,290.0000,290.8300,258.1579,51034200
2018-09-14,291.0600,291.2700,290.0000,290.8800,258.2022,55079900
2018-09-17,290.8200,290.8600,289.0300,289.3400,256.8353,68244000
2018-09-18,289.5800,291.5800,289.5500,290.9100,258.2289,61930400
2018-09-19,290.9700,291.6900,290.8300,291.2200,258.5040,49080600
2018-09-20,292.6400,293.9400,291.2400,293.5800,260.5990,100360600
2018-09-21,293.0900,293.2200,291.8100,291.9900,260.3608,105479700
2018-09-24,291.3400,291.5000,290.3700,291.0200,259.4960,53409600
2018-09-25,291.5300,291.6500,290.4800,290.7500,259.2551,44370000
2018-09-26,290.9100,292.2400,289.4100,289.8800,258.4795,79739700
2018-09-27,290.4100,291.9100,290.1000,290.6900,259.2017,59249500
2018-09-28,289.9900,291.2800,289.9500,290.7200,259.2284,70091400
2018-10-01,292.1100,292.9300,290.9800,291.7300,260.1290,62078900
2018-10-02,291.5600,292.3600,291.1400,291.5600,259.9774,47258200
2018-10-03,292.7400,293.2100,291.3200,291.7200,260.1201,64694600
2018-10-04,291.1800,291.2400,287.6600,289.4400,258.0871,111545900
2018-10-05,289.6900,290.2700,286.2200,287.8200,256.6426,105951700
2018-10-08,287.0500,288.2200,285.5000,287.8200,256.6426,87742200
2018-10-09,287.3900,288.8600,286.7700,287.4000,256.2681,74339000
2018-10-10,286.8300,286.9100,277.8800,278.3000,248.1538,214731000
2018-10-11,277.0800,278.9000,270.3600,272.1700,242.6878,274840500
2018-10-12,276.7700,277.0900,272.3700,275.9500,246.0584,183186500
2018-10-15,275.5500,277.0400,274.3000,274.4000,244.6763,102263700
2018-10-16,276.6000,280.8200,276.0700,280.4000,250.0263,118255800
2018-10-17,280.4400,281.1500,277.5600,280.4500,250.0710,110626000
2018-10-18,279.4000,280.0700,274.9700,276.4000,246.4596,134557500
2018-10-19,277.1300,279.3000,275.4700,276.2500,246.3258,139901600
2018-10-22,277.0000,277.3600,274.4100,275.0100,245.2202,82415800
2018-10-23,270.9500,274.8700,268.6100,273.6100,243.9718,146352700
2018-10-24,273.3300,273.7600,264.7000,265.3200,236.5798,177806700
2018-10-25,267.3800,271.8100,266.2300,270.0800,240.8242,138061500
2018-10-26,265.9200,271.0000,262.2900,265.3300,236.5887,201574600
2018-10-29,268.8000,270.2500,259.8500,263.8600,235.2780,160749100
2018-10-30,263.6700,268.1200,263.1200,267.7700,238.7644,157116000
2018-10-31,270.6500,273.2300,270.1200,270.6300,241.3146,128296300
2018-11-01,271.6000,273.7300,270.3800,273.5100,243.8827,99495000
2018-11-02,274.7500,275.2300,269.5900,271.8900,242.4382,122634100
2018-11-05,272.4400,274.0100,271.3500,273.3900,243.7757,65622500
2018-11-06,273.3200,275.3000,273.2500,275.1200,245.3183,60085900
2018-11-07,277.5600,281.1000,277.0800,281.0100,250.5703,102752100
2018-11-08,280.1100,281.2200,279.2200,280.5000,250.1154,65584900
2018-11-09,279.0300,279.2400,276.1800,277.7600,247.6723,98812600
2018-11-12,277.1900,277.4600,271.9900,272.5700,243.0445,99673600
2018-11-13,273.0900,275.3300,271.2500,272.0600,242.5898,98176600
2018-11-14,274.1600,274.6100,268.4500,270.2000,240.9313,125335900
2018-11-15,268.7800,273.5400,267.0100,273.0200,243.4457,135101400
2018-11-16,271.7900,274.7500,271.2100,273.7300,244.0788,126668000
2018-11-19,273.0500,273.3800,268.0700,269.1000,239.9504,103061700
2018-11-20,265.3600,267.0000,263.1500,264.1200,235.5098,136021300
2018-11-21,265.8600,267.1500,265.0100,265.0200,236.3123,75563700
2018-11-23,263.1800,264.8200,263.0700,263.2500,234.7341,42807900
2018-11-26,265.7800,267.7500,265.3400,267.5000,238.5236,79981400
2018-11-27,266.3400,268.4000,265.6600,268.4000,239.3262,75502400
2018-11-28,269.6000,274.5800,268.3300,274.5800,244.8368,127629600
2018-11-29,273.7100,275.5500,272.4300,273.9800,244.3018,82346400
2018-11-30,273.8100,276.2800,273.4500,275.6500,245.7908,98204200
2018-12-03,280.2800,280.4000,277.5100,279.3000,249.0454,103176300
2018-12-04,278.3700,278.8500,269.9000,270.2500,240.9758,177986000
2018-12-06,265.9200,269.9700,262.4400,269.8400,240.6102,204185400
2018-12-07,269.4600,271.2200,262.6300,263.5700,235.0194,161018900
2018-12-10,263.3700,265.1600,258.6200,264.0700,235.4652,151445900
2018-12-11,267.6600,267.8700,262.4800,264.1300,235.5187,121504400
2018-12-12,267.4700,269.0000,265.3700,265.4600,236.7046,97976700
2018-12-13,266.5200,267.4900,264.1200,265.3700,236.6245,96662700
2018-12-14,262.9600,264.0300,259.8500,260.4700,232.2552,116961100
2018-12-17,259.4000,260.6500,253.5300,255.3600,227.6987,165492300
2018-12-18,257.2000,257.9500,253.2800,255.0800,227.4491,134515100
2018-12-19,255.1700,259.4000,249.3500,251.2600,224.0429,214992800
2018-12-20,249.8600,251.6200,244.6500,247.1700,220.3959,252053400
2018-12-21,246.7400,249.7100,239.9800,240.7000,215.8801,255345600
2018-12-24,239.0400,240.8400,234.2700,234.3400,210.1759,147311600
2018-12-26,235.9700,246.1800,233.7600,246.1800,220.7950,218485400
2018-12-27,242.5700,248.2900,238.9600,248.0700,222.4901,186267300
2018-12-28,249.5800,251.4000,246.4500,247.7500,222.2031,153100200
2018-12-31,249.5600,250.1900,247.4700,249.9200,224.1493,144299400
2019-01-02,245.9800,251.2100,245.9500,250.1800,224.3825,126925200
2019-01-03,248.2300,248.5700,243.6700,244.2100,219.0282,144140700
2019-01-04,247.5900,253.1100,247.1700,252.3900,226.3647,142628800
2019-01-07,252.6900,255.9500,251.6900,254.3800,228.1494,103139100
2019-01-08,256.8200,257.3100,254.0000,256.7700,230.2930,102512600
2019-01-09,257.5600,258.9100,256.1900,257.9700,231.3693,95006600
2019-01-10,256.2600,259.1600,255.5000,258.8800,232.1854,96823900
2019-01-11,257.6800,259.0100,257.0300,258.9800,232.2751,73858100
2019-01-14,256.8600,258.3000,256.4100,257.4000,230.8580,70908200
2019-01-15,257.8200,260.7000,257.8100,260.3500,233.5039,85208300
2019-01-16,260.8300,261.9700,260.6000,260.9800,234.0689,77636700
2019-01-17,260.0100,263.9200,259.9600,262.9600,235.8447,96118400
2019-01-18,264.9800,266.9800,263.0000,266.4600,238.9839,127900300
2019-01-22,264.8200,265.0600,261.0600,262.8600,235.7550,115531200
2019-01-23,264.0100,264.7900,260.6600,263.4100,236.2483,86030300
2019-01-24,263.2100,264.2000,262.0800,263.5500,236.3739,59204100
2019-01-25,265.6100,266.7000,263.6600,265.7800,238.3740,96883400
2019-01-28,263.3900,263.8300,261.7900,263.7600,236.5622,85613700
2019-01-29,263.9200,264.5500,262.4800,263.4100,236.2483,66136300
2019-01-30,265.1000,268.5200,264.2500,267.5800,239.9883,92473700
2019-01-31,267.5100,270.4700,267.2700,269.9300,242.0960,104012100
2019-02-01,270.1500,271.2000,269.1800,270.0600,242.2126,85782500
2019-02-04,270.1100,272.0300,269.3600,271.9600,243.9166,60744800
2019-02-05,272.4400,273.4400,271.8800,273.1000,244.9391,79552800
2019-02-06,272.7900,273.3400,271.9200,272.7400,244.6162,58347800
2019-02-07,270.9400,271.5500,268.2900,270.1400,242.2844,95482000
2019-02-08,268.7500,270.5800,267.8300,270.4700,242.5803,75788900
2019-02-11,271.2000,271.4900,270.0300,270.6200,242.7148,68021400
2019-02-12,272.4200,274.5200,272.3400,274.1000,245.8361,72270200
2019-02-13,275.0300,275.9300,274.5600,274.9900,246.6342,65277200
2019-02-14,273.7800,275.6400,272.8700,274.3800,246.0872,83234400
2019-02-15,276.3600,277.4100,276.1300,277.3700,248.7688,97088700
2019-02-19,276.4800,278.5800,276.4700,277.8500,249.1993,59120800
2019-02-20,277.8100,278.9200,277.2500,278.4100,249.7016,76610800
2019-02-21,277.7000,278.1000,276.3500,277.4200,248.8137,64214700
2019-02-22,278.1100,279.3600,277.4000,279.1400,250.3563,78114600
2019-02-25,280.7300,281.3100,279.4300,279.5200,250.6971,69030700
2019-02-26,279.1300,280.3000,278.9000,279.3200,250.5177,56844100
2019-02-27,278.5200,279.5900,277.4800,279.2000,250.4101,56921600
2019-02-28,278.9600,279.4500,278.3200,278.6800,249.9438,69268300
2019-03-01,280.4400,280.8800,278.8200,280.4200,251.5043,78880500
2019-03-04,281.6000,281.8700,276.8400,279.4000,250.5896,106494600
2019-03-05,279.5400,279.7600,278.4100,279.0200,250.2487,59114600
2019-03-06,279.1500,279.1600,276.9700,277.3300,248.7329,75039800
2019-03-07,276.8300,276.9900,274.0700,275.0100,246.6522,94885100
2019-03-08,272.9400,274.6500,272.4200,274.4600,246.1588,85795800
2019-03-11,275.2600,278.6200,275.2300,278.4400,249.7285,65098900
2019-03-12,279.0600,280.0700,278.8500,279.4900,250.6703,79667500
2019-03-13,280.4800,282.3800,280.3000,281.3400,252.3295,80639200
2019-03-14,281.3700,281.8400,280.6700,281.1600,252.1681,67518400
2019-03-15,280.5400,282.2100,280.3300,281.3100,253.4139,81309000
2019-03-18,281.5500,282.6600,281.3000,282.3300,254.3327,62199800
2019-03-19,283.5100,284.3600,281.4100,282.4000,254.3958,90268100
2019-03-20,282.1600,283.5000,280.3200,281.5500,253.6301,84609200
2019-03-21,280.6400,285.1800,280.5900,284.7300,256.4947,79550400
2019-03-22,283.2200,283.8000,279.1800,279.2500,251.5581,122659300
2019-03-25,278.8700,280.1900,277.6400,279.0400,251.3690,85575200
2019-03-26,280.9900,282.1800,279.5600,281.1200,253.2428,68125900
2019-03-27,281.1100,281.7600,277.9300,279.6500,251.9185,72224700
2019-03-28,280.3500,281.2100,279.0700,280.7100,252.8734,56238500
2019-03-29,282.3900,282.8400,281.1400,282.4800,254.4678,82186800
2019-04-01,284.7000,286.1600,284.4000,285.8300,257.4857,77617900
2019-04-02,286.0400,286.2300,285.0900,285.9700,257.6118,40070400
2019-04-03,287.3200,287.7600,285.7500,286.4200,258.0172,68243200
2019-04-04,286.7800,287.4600,286.0100,287.1800,258.7018,48997500
2019-04-05,287.9200,288.6300,287.6000,288.5700,259.9539,58621700
2019-04-08,288.1000,288.9100,287.3700,288.7900,260.1522,53566300
2019-04-09,287.7200,288.0800,286.7000,287.3100,258.8189,66142300
2019-04-10,287.7700,288.3900,287.3100,288.2900,259.7017,52601500
2019-04-11,288.8300,288.8400,287.5800,288.2100,259.6296,55093100
2019-04-12,290.0000,290.4700,288.2600,290.1600,261.3863,69727800
2019-04-15,290.2400,290.3500,289.0800,289.9700,261.2151,49596700
2019-04-16,290.9500,291.0100,289.5000,290.1600,261.3863,52153200
2019-04-17,291.4000,291.4300,288.9900,289.4500,260.7466,58268300
2019-04-18,290.1000,290.3200,288.6600,290.0200,261.2601,68708500
2019-04-22,289.1700,290.4400,289.0700,290.2700,261.4853,40160100
2019-04-23,290.6800,293.1400,290.4200,292.8800,263.8365,52246600
2019-04-24,292.7900,293.1600,292.0700,292.2300,263.2510,50392900
2019-04-25,292.1200,292.7800,290.7300,292.0500,263.0888,57770900
2019-04-26,292.1000,293.4900,291.2400,293.4100,264.3140,50916400
2019-04-29,293.5100,294.4500,293.4100,293.8700,264.7284,57197700
2019-04-30,293.4900,294.3400,291.9200,294.0200,264.8635,81111700
2019-05-01,294.7200,294.9500,291.8000,291.8100,262.8726,71671900
2019-05-02,291.6800,292.7000,289.5200,291.1800,262.3051,65030200
2019-05-03,292.8200,294.3400,291.3000,294.0300,264.8724,56543700
2019-05-06,289.2500,293.3100,288.9000,292.8200,263.7825,107198100
2019-05-07,290.1500,290.8100,285.8100,287.9300,259.3774,144729900
2019-05-08,287.5300,289.4300,286.8700,287.5300,259.0171,91568300
2019-05-09,285.2300,287.3300,283.3000,286.6600,258.2333,103471100
2019-05-10,285.6200,288.9400,282.3000,288.1000,259.5305,112429300
2019-05-13,282.4200,283.4900,279.9300,280.8600,253.0085,127290500
2019-05-14,281.9900,285.1000,281.8500,283.4000,255.2966,77003200
2019-05-15,281.5900,285.7700,281.3600,285.0600,256.7920,73956400
2019-05-16,285.8400,289.2100,285.7600,287.7000,259.1702,76749600
2019-05-17,285.1400,288.6000,285.1200,285.8400,257.4946,100353000
2019-05-20,284.0600,285.9600,283.1200,283.9500,255.7921,62877600
2019-05-21,285.8300,286.9300,285.5500,286.5100,258.0981,46847100
2019-05-22,285.4500,286.6900,285.1000,285.6300,257.3054,49482500
2019-05-23,283.1600,283.2100,280.5700,282.1400,254.1616,98733800
2019-05-24,283.7400,284.2000,282.0900,282.7800,254.7381,55268100
2019-05-28,283.0900,284.1500,280.1300,280.1500,252.3689,70029400
2019-05-29,278.9100,279.3600,276.7100,278.2700,250.6754,104972900
2019-05-30,279.1100,280.0400,277.8100,279.0300,251.3600,62523800
2019-05-31,276.2000,277.1200,275.2400,275.2700,247.9728,86862800
2019-06-03,275.3100,276.5500,273.0900,274.5700,247.3423,96428000
2019-06-04,277.1200,280.6800,276.6200,280.5300,252.7112,77231900
2019-06-05,282.3300,282.9900,280.3200,282.9600,254.9002,71169700
2019-06-06,283.2900,285.5500,282.5700,284.8000,256.5578,69430400
2019-06-07,285.9300,288.8500,285.7400,287.6500,259.1252,74272200
2019-06-10,289.3700,290.8200,288.8700,288.9700,260.3143,60799100
2019-06-11,290.9900,291.4000,288.1800,288.9000,260.2512,58641300
2019-06-12,288.6400,289.2600,287.8200,288.3900,259.7917,47096300
2019-06-13,289.4000,289.9800,288.6200,289.5800,260.8637,48945200
2019-06-14,289.2600,289.9300,288.4100,289.2600,260.5756,52324700
2019-06-17,289.5200,290.2200,289.1800,289.3700,260.6746,39205700
2019-06-18,291.3900,293.5700,290.9900,292.4000,263.4041,85434800
2019-06-19,292.5500,293.6500,291.4700,293.0600,263.9987,78674400
2019-06-20,296.0400,296.3100,293.1300,295.8600,266.5210,116570000
2019-06-21,294.1300,295.5200,293.7600,294.0000,266.1336,83309500
2019-06-24,294.2300,294.5800,293.4700,293.6400,265.8077,47582700
2019-06-25,293.7000,293.7300,290.6400,290.7600,263.2008,82028700
2019-06-26,291.7500,292.3100,290.3500,290.4700,262.9382,51584900
2019-06-27,291.3100,292.0600,290.8900,291.5000,263.8705,40355200
2019-06-28,292.5800,293.5500,292.0100,293.0000,265.2283,59350900
2019-07-01,296.6800,296.9200,294.3300,295.6600,267.6362,78705600
2019-07-02,295.6100,296.4900,294.6800,296.4300,268.3333,61504500
2019-07-03,297.1800,298.8200,297.0200,298.8000,270.4786,40898900
2019-07-05,297.4400,298.6400,296.0100,298.4600,270.1708,51677300
2019-07-08,297.0100,298.2600,296.2200,296.8200,268.6863,45841800
2019-07-09,295.5400,297.5200,295.4800,297.1900,269.0213,41101300
2019-07-10,298.3700,299.6600,297.7800,298.6100,270.3066,58448500
2019-07-11,299.3200,299.5800,298.2000,299.3100,270.9403,50826100
2019-07-12,299.8500,300.7300,299.5100,300.6500,272.1533,40326000
2019-07-15,301.1300,301.1300,300.1900,300.7500,272.2438,33900000
2019-07-16,300.6500,300.8800,299.4400,299.7800,271.3656,36650100
2019-07-17,299.7500,299.9300,297.7400,297.7400,269.5191,36036300
2019-07-18,297.1900,299.2500,296.7000,298.8300,270.5058,51392600
2019-07-19,300.0400,300.0700,296.9800,297.1700,269.0031,58678600
2019-07-22,297.6100,298.5000,297.0400,297.9000,269.6639,43638100
2019-07-23,299.1400,300.0300,298.2200,300.0300,271.5921,44564500
2019-07-24,299.1900,301.4400,299.0900,301.4400,272.8684,47213200
2019-07-25,300.9400,301.0000,299.1100,300.0000,271.5648,55394100
2019-07-26,300.7600,302.2300,300.6200,302.0100,273.3844,45084100
2019-07-29,301.8800,302.0100,300.8500,301.4600,272.8866,38126500
2019-07-30,299.9100,301.1700,299.4900,300.7200,272.2167,45849000
2019-07-31,300.9900,301.2000,295.2000,297.4300,269.2385,104245200
2019-08-01,297.6000,300.8700,293.9600,294.8400,266.8939,142646600
2019-08-02,293.8500,294.1200,290.9000,292.6200,264.8843,116749700
2019-08-05,288.0900,288.2100,281.7200,283.8200,256.9185,178745400
2019-08-06,285.9100,288.0400,284.2800,287.8000,260.5212,120711700
2019-08-07,284.4000,288.8200,282.0400,287.9700,260.6751,140572300
2019-08-08,289.6200,293.6200,289.0100,293.6200,265.7896,87713900
2019-08-09,292.5800,293.2400,289.6500,291.6200,263.9792,93730000
2019-08-12,289.9600,291.6100,287.0200,288.0700,260.7657,65527600
2019-08-13,287.7400,294.1500,287.3600,292.5500,264.8210,94299800
2019-08-14,288.0700,288.7400,283.7600,283.9000,256.9909,135622100
2019-08-15,284.8800,285.6400,282.3900,284.6500,257.6699,99556600
2019-08-16,286.4800,289.3300,284.7100,288.8500,261.4717,83018300
2019-08-19,292.1900,293.0800,291.4400,292.3300,264.6218,53571800
2019-08-20,291.7700,292.3600,289.9500,290.0900,262.5941,51596400
2019-08-21,292.4800,292.8600,291.7200,292.4500,264.7304,49524700
2019-08-22,293.2300,293.9300,290.4000,292.3600,264.6490,51666400
2019-08-23,290.9200,292.7600,283.4700,284.8500,257.8509,149161500
2019-08-26,287.2700,288.0000,285.5800,288.0000,260.7023,72423800
2019-08-27,289.5400,289.9500,286.0300,286.8700,259.6794,66668900
2019-08-28,286.1400,289.0700,285.2500,288.8900,261.5079,59696700
2019-08-29,291.7200,293.1600,290.6100,292.5800,264.8482,57899400
2019-08-30,294.2200,294.2400,291.4200,292.4500,264.7304,62901200
2019-09-03,290.5700,291.5800,289.2700,290.7400,263.1826,69101400
2019-09-04,293.1400,294.0600,292.3100,294.0400,266.1698,46887300
2019-09-05,296.7900,298.8300,294.0000,297.8200,269.5916,83258100
2019-09-06,298.1700,298.7600,297.4200,298.0500,269.7997,49584300
2019-09-09,299.1400,299.2400,297.1600,298.2000,269.9355,51260300
2019-09-10,297.3600,298.2000,295.9700,298.1300,269.8722,57947100
2019-09-11,298.4700,300.3400,297.7500,300.2500,271.7913,68821100
2019-09-12,301.2500,302.4600,300.4100,301.2900,272.7326,72908700
2019-09-13,301.7800,302.1700,300.6800,301.0900,272.5516,62104800
2019-09-16,299.8400,301.1400,299.4500,300.1600,271.7097,58191200
2019-09-17,299.9400,301.0200,299.7500,300.9200,272.3977,41475500
2019-09-18,300.4900,301.2200,298.2400,301.1000,272.5606,73375800
2019-09-19,301.5300,302.6300,300.7100,301.0800,272.5424,76560500
2019-09-20,300.3600,300.6700,297.4100,298.2800,271.2548,89565000
2019-09-23,297.5500,299.0000,297.2700,298.2100,271.1911,43476800
2019-09-24,299.4100,299.8400,294.8100,295.8700,269.0631,94869400
2019-09-25,295.9600,298.1100,294.3300,297.6200,270.6545,71854000
2019-09-26,297.6300,297.8600,295.4500,297.0000,270.0908,56179700
2019-09-27,297.8300,297.9500,293.6900,295.4000,268.6357,84746600
2019-09-30,295.9700,297.5500,295.9200,296.7700,269.8816,51662400
2019-10-01,297.7400,298.4600,293.0000,293.2400,266.6714,88242400
2019-10-02,291.5000,291.5100,286.6400,288.0600,261.9608,122539500
2019-10-03,287.8100,290.4500,284.8200,290.4200,264.1070,85278800
2019-10-04,291.1400,294.6300,291.0800,294.3500,267.6809,65091200
2019-10-07,293.4700,295.2600,292.7700,293.0800,266.5260,59610500
2019-10-08,291.0400,291.8500,288.4900,288.5300,262.3882,95708100
2019-10-09,290.7500,292.3000,290.0600,291.2700,264.8799,62359400
2019-10-10,291.1800,294.2100,291.0000,293.2400,266.6714,55296300
2019-10-11,296.2700,298.7400,296.1400,296.2800,269.4360,98720400
2019-10-14,295.9300,296.6700,295.5700,295.9500,269.1359,40394800
2019-10-15,297.1000,299.7000,296.9700,298.8800,271.8005,46754500
2019-10-16,298.3700,299.1600,297.9200,298.4000,271.3640,48928200
2019-10-17,299.6800,300.2400,298.5200,299.2800,272.1642,45736600
2019-10-18,298.6900,299.4000,297.0300,297.9700,270.9729,64304000
2019-10-21,299.4200,300.2100,298.9400,299.9900,272.8099,39048600
2019-10-22,300.5800,300.9000,298.9100,299.0100,271.9187,48594700
2019-10-23,298.7300,299.9400,298.5000,299.8800,272.7098,34352200
2019-10-24,300.9100,301.0700,299.4600,300.3700,273.1554,35453100
2019-10-25,299.7400,302.2000,299.6800,301.6000,274.2740,45205400
2019-10-28,302.9400,303.8500,302.9100,303.3000,275.8199,42147000
2019-10-29,303.0000,304.2300,302.8600,303.2100,275.7382,44284900
2019-10-30,303.4300,304.5500,301.9900,304.1400,276.5840,49643900
2019-10-31,304.1300,304.1300,301.7300,303.3300,275.8472,69053800
2019-11-01,304.9200,306.1900,304.7400,306.1400,278.4027,71141500
2019-11-04,307.8500,308.0000,306.9600,307.3700,279.5213,60606900
2019-11-05,307.5900,307.9200,306.7100,307.0300,279.2121,42933200
2019-11-06,307.0300,307.4000,306.0600,307.1000,279.2757,46487100
2019-11-07,308.5700,309.6500,307.6600,308.1800,280.2578,54272300
2019-11-08,307.8000,309.0000,307.0300,308.9400,280.9490,49032100
2019-11-11,307.4200,308.5400,307.2700,308.3500,280.4125,35797300
2019-11-12,308.7500,309.9900,308.1500,309.0000,281.0035,46484600
2019-11-13,307.9100,309.5400,307.6600,309.1000,281.0945,53917700
2019-11-14,308.7900,309.6400,308.0900,309.5500,281.5036,51219900
2019-11-15,311.0200,311.8400,310.2600,311.7900,283.5408,62023600
2019-11-18,311.5300,312.2800,311.0300,312.0200,283.7498,49228000
2019-11-19,312.6800,312.6900,311.2200,311.9300,283.6681,67804700
2019-11-20,311.2800,311.8500,309.0600,310.7700,282.6132,79406200
2019-11-21,310.8900,311.0100,309.3900,310.2700,282.1586,54664700
2019-11-22,311.0900,311.2400,309.8500,310.9600,282.7859,44850200
2019-11-25,311.9800,313.3700,311.9800,313.3700,284.9776,48647200
2019-11-26,313.4100,314.2800,313.0600,314.0800,285.6233,37569000
2019-11-27,314.6100,315.4800,314.3700,315.4800,286.8965,44444600
2019-11-29,314.8600,315.1300,314.0600,314.3100,285.8325,36592700
2019-12-02,314.5900,314.6600,311.1700,311.6400,283.4044,75767800
2019-12-03,308.6500,309.6400,307.1300,309.5500,281.5036,73941700
2019-12-04,310.7000,312.1200,310.3200,311.4600,283.2406,49080000
2019-12-05,312.2300,312.2500,310.5800,312.0200,283.7498,40709000
2019-12-06,314.1200,315.3100,314.1100,314.8700,286.3417,48927000
2019-12-09,314.4400,315.1800,313.8000,313.8800,285.4414,34838500
2019-12-10,313.8200,314.5500,312.8100,313.5300,285.1232,52649800
2019-12-11,314.0300,314.7000,313.4400,314.4200,285.9325,53429100
2019-12-12,314.4300,317.9900,314.1700,317.1300,288.3969,96389600
2019-12-13,316.8700,318.6700,316.0200,317.3200,288.5697,81503900
2019-12-16,319.2200,320.1500,317.2500,319.5000,290.5523,82749700
2019-12-17,319.9200,320.2500,319.4800,319.5700,290.6158,61097700
2019-12-18,320.0000,320.2500,319.5300,319.5900,290.6341,48133000
2019-12-19,319.8000,320.9800,319.5200,320.9000,291.8253,85310500
2019-12-20,320.4600,321.9700,319.3900,320.7300,293.1048,147142100
2019-12-23,321.5900,321.6500,321.0600,321.2200,293.5526,52990000
2019-12-24,321.4700,321.5200,320.9000,321.2300,293.5617,20270000
2019-12-26,321.6500,322.9500,321.6400,322.9400,295.1244,30911200
2019-12-27,323.7400,323.8000,322.2800,322.8600,295.0513,42528800
2019-12-30,322.9500,323.1000,320.5500,321.0800,293.4246,49729100
2019-12-31,320.5300,322.1300,320.1500,321.8600,294.1374,57077300
2020-01-02,323.5400,324.8900,322.5300,324.8700,296.8882,59151200
2020-01-03,321.1600,323.6400,321.1000,322.4100,294.6400,77709700
2020-01-06,320.4900,323.7300,320.3600,323.6400,295.7641,55653900
2020-01-07,323.0200,323.5400,322.2400,322.7300,294.9325,40496400
2020-01-08,322.9400,325.7800,322.6700,324.4500,296.5044,68296000
2020-01-09,326.1600,326.7300,325.5200,326.6500,298.5149,48473300
2020-01-10,327.2900,327.4600,325.2000,325.7100,297.6558,53029300
2020-01-13,326.3900,327.9600,325.9200,327.9500,299.7030,47086800
2020-01-14,327.4700,328.6200,326.8400,327.4500,299.2460,62832800
2020-01-15,327.3500,329.0200,327.2600,328.1900,299.9222,72056600
2020-01-16,329.7000,330.9200,329.4500,330.9200,302.4171,54050300
2020-01-17,331.7000,332.1800,330.8500,331.9500,303.3584,95846000
2020-01-21,330.9000,332.1800,330.8200,331.3000,302.7644,77742400
2020-01-22,332.2400,332.9500,331.1700,331.3400,302.8009,48914900
2020-01-23,330.6300,332.1700,329.4100,331.7200,303.1482,51963000
2020-01-24,332.4400,332.5300,327.3600,328.7700,300.4522,87578400
2020-01-27,323.0300,325.1200,322.6600,323.5000,295.6362,84062500
2020-01-28,325.0600,327.8500,323.6000,326.8900,298.7342,63834000
2020-01-29,328.3800,328.6300,326.4000,326.6200,298.4875,53888900
2020-01-30,324.3600,327.9100,323.5400,327.6800,299.4561,75491800
2020-01-31,327.0000,327.1700,320.7300,321.7300,294.0187,113845600
2020-02-03,323.3500,326.1600,323.2200,324.1200,296.2028,69083000
2020-02-04,328.0700,330.0100,327.7200,329.0600,300.7173,62573200
2020-02-05,332.2700,333.0900,330.6700,332.8600,304.1900,65951100
2020-02-06,333.9100,334.1900,332.8000,333.9800,305.2135,50359700
2020-02-07,332.8200,333.9900,331.6000,332.2000,303.5869,64139400
2020-02-10,331.2300,334.7500,331.1900,334.6800,305.8532,42070000
2020-02-11,336.1600,337.0200,334.6800,335.2600,306.3833,54864500
2020-02-12,336.8300,337.6500,336.4300,337.4200,308.3573,43992700
2020-02-13,335.8600,338.1200,335.5600,337.0600,308.0282,54501900
2020-02-14,337.5100,337.7300,336.2000,337.6000,308.5217,64582200
2020-02-18,336.5100,337.6700,335.2100,336.7300,307.7267,57226200
2020-02-19,337.7900,339.0800,337.4800,338.3400,309.1980,48814700
2020-02-20,337.7400,338.6400,333.6800,336.9500,307.9277,74163400
2020-02-21,335.4700,335.8100,332.5800,333.4800,304.7566,113788200
2020-02-24,323.1400,333.5600,321.2400,322.4200,294.6491,161088400
2020-02-25,323.9400,324.6100,311.6900,312.6500,285.7207,218913200
2020-02-26,314.1800,318.1100,310.7000,311.5000,284.6698,194773800
2020-02-27,305.4600,311.5600,297.5100,297.5100,271.8848,284353500
2020-02-28,288.7000,297.8900,285.5400,296.2600,270.7424,384975800
2020-03-02,298.2100,309.1600,294.4600,309.0900,282.4673,238703600
2020-03-03,309.5000,313.8400,297.5700,300.2400,274.3796,300139100
2020-03-04,306.1200,313.1000,303.3300,312.8600,285.9126,176613400
2020-03-05,304.9800,308.4700,300.0100,302.4600,276.4084,186366800
2020-03-06,293.1500,298.7800,290.2300,297.4600,271.8391,228667200
2020-03-09,275.3000,284.1900,273.4500,274.2300,250.6099,309417300
2020-03-10,284.6400,288.5200,273.5000,288.4200,263.5777,276444100
2020-03-11,280.7000,281.9400,270.8800,274.3600,250.7287,255316300
2020-03-12,256.0000,266.6600,247.6800,248.1100,226.7397,392220700
2020-03-13,263.0900,271.4800,248.5200,269.3200,246.1229,329566100
2020-03-16,241.1800,256.9000,237.3600,239.8500,219.1911,297240000
2020-03-17,245.0400,256.1700,237.0700,252.8000,231.0257,262070500
2020-03-18,236.2500,248.3700,228.0200,240.0000,219.3282,327597100
2020-03-19,239.2500,247.3800,232.2200,240.5100,219.7943,289322000
2020-03-20,242.5300,244.4700,228.5000,228.8000,210.3224,347158800
2020-03-23,228.1900,229.6800,218.2600,222.9500,204.9449,326025200
2020-03-24,234.4200,244.1000,233.8000,243.1500,223.5136,235494500
2020-03-25,244.8700,256.3500,239.7500,246.7900,226.8596,299430300
2020-03-26,249.5200,262.8000,249.0500,261.2000,240.1058,257632800
2020-03-27,253.2700,260.8100,251.0500,253.4200,232.9542,224341200
2020-03-30,255.7000,262.4300,253.5300,261.6500,240.5195,171369500
2020-03-31,260.5600,263.3300,256.2200,257.7500,236.9345,194881100
2020-04-01,247.9800,257.6600,243.9000,246.1500,226.2713,189554600
2020-04-02,245.1900,252.6800,244.5900,251.8300,231.4926,177660400
2020-04-03,250.7600,253.3200,245.2200,248.1900,228.1465,135561200
2020-04-06,257.8400,267.0000,248.1700,264.8600,243.4703,188061200
2020-04-07,274.2100,275.0300,264.8900,265.1300,243.7186,201427200
2020-04-08,267.9600,276.0000,265.2500,274.0300,251.8997,153774500
2020-04-09,277.5800,281.2000,275.4700,278.2000,255.7330,189999200
2020-04-13,277.1400,277.5100,271.4100,275.6600,253.3981,114839100
2020-04-14,280.9800,284.9000,275.5100,283.7900,260.8716,134143400
2020-04-15,277.5700,283.9400,275.4600,277.7600,255.3285,121775000
2020-04-16,279.1500,280.0300,275.7600,279.1000,256.5603,131798300
2020-04-17,285.3800,287.3000,282.4000,286.6400,263.4914,146684800
2020-04-20,282.6100,286.7900,281.3500,281.5900,258.8492,100109300
2020-04-21,276.7300,278.0400,272.0200,273.0400,250.9897,126385700
2020-04-22,278.3500,281.0000,276.9100,279.1000,256.5603,92951600
2020-04-23,280.4900,283.9400,278.7500,279.0800,256.5418,104709700
2020-04-24,280.7300,283.7000,278.5000,282.9700,260.1177,85063200
2020-04-27,285.1200,288.2700,284.6200,287.0500,263.8683,77896600
2020-04-28,291.0200,291.4000,285.4000,285.7300,262.6549,105270000
2020-04-29,291.5300,294.8800,290.4100,293.2100,269.5308,118745600
2020-04-30,291.7100,293.3200,288.5900,290.4800,267.0213,122901700
2020-05-01,285.3100,290.6600,281.5200,282.7900,259.9523,125180000
2020-05-04,280.7400,283.9000,279.1300,283.5700,260.6693,80873200
2020-05-05,286.6400,289.2500,283.7100,286.1900,263.0777,79569900
2020-05-06,288.0400,288.4600,283.7800,284.2500,261.2943,73632600
2020-05-07,287.7500,289.7800,287.1300,287.6800,264.4474,75250400
2020-05-08,291.0900,292.9500,289.8600,292.4400,268.8230,76452400
2020-05-11,290.3400,294.0000,289.8800,292.5000,268.8781,79514200
2020-05-12,293.7900,294.2400,286.5200,286.6700,263.5189,95870800
2020-05-13,286.0600,287.1900,278.9600,281.6000,258.8584,144721100
2020-05-14,278.9500,285.1100,272.9900,284.9700,261.9562,121977900
2020-05-15,282.3700,286.3300,281.3400,286.2800,263.1604,111146300
2020-05-18,293.0500,296.7500,292.7000,295.0000,271.1762,119703800
2020-05-19,294.3500,296.2100,291.9500,291.9700,268.3909,95189300
2020-05-20,295.8200,297.8700,295.5700,296.9300,272.9503,85861700
2020-05-21,296.7900,297.6700,293.6900,294.8800,271.0659,78293900
2020-05-22,294.5700,295.6300,293.2200,295.4400,271.5807,63958200
2020-05-26,301.9300,302.1900,295.4600,299.0800,274.9267,88951400
2020-05-27,302.1200,303.5700,296.8700,303.5300,279.0173,104817400
2020-05-28,304.6500,306.8400,302.2400,302.9700,278.5026,90405200
2020-05-29,302.4600,304.9600,299.4700,304.3200,279.7436,119090800
2020-06-01,303.6200,306.2100,303.0600,305.5500,280.8742,55758300
2020-06-02,306.5500,308.1300,305.1000,308.0800,283.1999,74267200
2020-06-03,310.2400,313.2200,309.9400,312.1800,286.9688,92567600
2020-06-04,311.1100,313.0000,309.0800,311.3600,286.2151,75794400
2020-06-05,317.2300,321.2700,317.1600,319.3400,293.5505,150524700
2020-06-08,320.2200,323.4100,319.6300,323.2000,297.0988,73641200
2020-06-09,320.3000,323.2800,319.3600,320.7900,294.8835,77479200
2020-06-10,321.4200,322.3900,318.2200,319.0000,293.2380,95000800
2020-06-11,311.4600,312.1500,300.0100,300.6100,276.3332,209243600
2020-06-12,308.2400,309.0800,298.6000,304.2100,279.6424,194678900
2020-06-15,298.0200,308.2800,296.7400,307.0500,282.2531,135782700
2020-06-16,315.4800,315.6400,307.6700,312.9600,287.6859,137627500
2020-06-17,314.0700,314.3900,310.8600,311.6600,286.4908,83398900
2020-06-18,310.0100,312.3000,309.5100,311.7800,286.6011,80828700
2020-06-19,314.1700,314.3800,306.5300,308.6400,284.9632,135549600
2020-06-22,307.9900,311.0500,306.7500,310.6200,286.7913,74649400
2020-06-23,313.4900,314.5000,311.6100,312.0500,288.1116,68471200
2020-06-24,309.8400,310.5100,302.1000,304.0900,280.7623,132813500
2020-06-25,303.4700,307.6400,301.2800,307.3500,283.7722,89468000
2020-06-26,306.1600,306.3900,299.4200,300.0500,277.0322,127961000
2020-06-29,301.4100,304.6100,298.9300,304.4600,281.1039,79773300
2020-06-30,303.9900,310.2000,303.8200,308.3600,284.7047,113394800
2020-07-01,309.5700,311.8900,309.0700,310.5200,286.6990,72396500
2020-07-02,314.2400,315.7000,311.5100,312.2300,288.2778,69344200
2020-07-06,316.3700,317.6800,315.5600,317.0500,292.7280,61713800
2020-07-07,315.3800,317.5200,313.3700,313.7800,289.7090,82910000
2020-07-08,314.6100,316.3000,312.7000,316.1800,291.9247,54638600
2020-07-09,316.8400,317.1000,310.6800,314.3800,290.2629,83354200
2020-07-10,314.3100,317.8800,312.7600,317.5900,293.2266,57550400
2020-07-13,320.1300,322.7100,314.1300,314.8400,290.6876,102997500
2020-07-14,313.3000,319.7600,312.0000,318.9200,294.4546,93657000
2020-07-15,322.4100,323.0400,319.2700,321.8500,297.1598,87196500
2020-07-16,319.7900,321.2800,319.0900,320.7900,296.1811,54622500
2020-07-17,321.8800,322.5700,319.7400,321.7200,297.0397,62774900
2020-07-20,321.4300,325.1300,320.6200,324.3200,299.4403,56308800
2020-07-21,326.4500,326.9300,323.9400,325.0100,300.0774,57292200
2020-07-22,324.6200,327.2000,324.5000,326.8600,301.7854,57792900
2020-07-23,326.4700,327.2300,321.4800,322.9600,298.1847,75738000
2020-07-24,320.9500,321.9900,319.2500,320.8800,296.2643,73766600
2020-07-27,321.6300,323.4100,320.7700,323.2200,298.4247,48293000
2020-07-28,322.4300,323.6400,320.8500,321.1700,296.5320,57495000
2020-07-29,322.1200,325.7300,322.0800,325.1200,300.1790,48454200
2020-07-30,321.9000,324.4100,319.6400,323.9600,299.1079,61861700
2020-07-31,325.9000,326.6300,321.3300,326.5200,301.4716,84986800
2020-08-03,328.3200,329.6200,327.7300,328.7900,303.5674,53077900
2020-08-04,327.8600,330.0600,327.8600,330.0600,304.7399,41917900
2020-08-05,331.4700,332.3900,331.1800,332.1100,306.6326,42697700
2020-08-06,331.4800,334.4600,331.1300,334.3300,308.6824,43679400
2020-08-07,333.2800,334.8800,332.3000,334.5700,308.9039,57308300
2020-08-10,335.0600,335.7700,332.9600,335.5700,309.8272,44282100
2020-08-11,336.8500,337.5400,332.0100,332.8000,307.2697,69601100
2020-08-12,335.4400,338.2800,335.4100,337.4400,311.5539,53774400
2020-08-13,336.6100,338.2500,335.8300,336.8300,310.9906,41816100
2020-08-14,336.4100,337.4200,335.6200,336.8400,310.9999,47260400
2020-08-17,337.9400,338.3400,336.8500,337.9100,311.9878,35481000
2020-08-18,338.3400,339.1000,336.6100,338.6400,312.6618,38733900
2020-08-19,339.0500,339.6100,336.6200,337.2300,311.3599,68054200
2020-08-20,335.3600,338.8000,335.2200,338.2800,312.3294,42207800
2020-08-21,337.9200,339.7200,337.5500,339.4800,313.4373,55106600
2020-08-24,342.1200,343.0000,339.4500,342.9200,316.6134,48588700
2020-08-25,343.5300,344.2100,342.2700,344.1200,317.7214,38463400
2020-08-26,344.7600,347.8600,344.1700,347.5700,320.9067,50790200
2020-08-27,348.5100,349.9000,346.5300,348.3300,321.6084,58034100
2020-08-28,349.4400,350.7200,348.1500,350.5800,323.6858,48588900
2020-08-31,350.3500,351.3000,349.0600,349.3100,322.5133,66099200
2020-09-01,350.2100,352.7100,349.2400,352.6000,325.5509,54908700
2020-09-02,354.6700,358.7500,353.4300,357.7000,330.2596,69540000
2020-09-03,355.8700,356.3800,342.5900,345.3900,318.8940,148011100
2020-09-04,346.1300,347.8300,334.8700,342.5700,316.2904,139156300
2020-09-08,336.7100,342.6400,332.8800,333.2100,307.6482,114465300
2020-09-09,337.5500,342.4600,336.6100,339.7900,313.7236,91462300
2020-09-10,341.8200,342.5300,332.8500,333.8900,308.2762,90569500
2020-09-11,335.8200,336.9700,331.0000,334.0600,308.4332,84680200
2020-09-14,337.4900,340.3800,334.2200,338.4600,312.4956,65605700
2020-09-15,341.1200,342.0200,338.4700,340.1700,314.0744,52920900
2020-09-16,341.5100,343.0600,338.5200,338.8200,312.8280,82096000
2020-09-17,333.5600,337.7000,332.9900,335.8400,310.0766,91523300
2020-09-18,335.3700,335.4900,327.9700,330.6500,306.5068,105877900
2020-09-21,325.7000,327.1300,321.7300,326.9700,303.0955,99450800
2020-09-22,328.5700,330.9000,325.8600,330.3000,306.1823,63612100
2020-09-23,330.9000,331.2000,322.1000,322.6400,299.0817,93112200
2020-09-24,321.2200,326.8000,319.8000,323.5000,299.8788,76681300
2020-09-25,322.5800,329.5800,321.6400,328.7300,304.7270,71069400
2020-09-28,333.2200,334.9600,332.1500,334.1900,309.7883,64584600
2020-09-29,333.9700,334.7700,331.6200,332.3700,308.1013,51304000
2020-09-30,333.0900,338.2900,332.8800,334.8900,310.4372,104081100
2020-10-01,337.6900,338.7400,335.0100,337.0400,312.4302,88698700
2020-10-02,331.7000,337.0100,331.1900,333.8400,309.4639,89431100
2020-10-05,336.0600,339.9600,336.0100,339.7600,314.9516,45713100
2020-10-06,339.9100,342.1700,334.3800,334.9300,310.4742,90128900
2020-10-07,338.1200,341.6300,338.0900,340.7600,315.8786,56999600
2020-10-08,342.8500,343.8500,341.8600,343.7800,318.6780,45242500
2020-10-09,345.5600,347.3500,344.8900,346.8500,321.5239,59528600
2020-10-12,349.5900,354.0200,349.0600,352.4300,326.6964,80388500
2020-10-13,352.2800,352.4700,349.0900,350.1300,324.5644,73255500
2020-10-14,350.7500,351.9300,347.1400,347.9300,322.5251,57727900
2020-10-15,343.7100,348.0200,343.1300,347.5000,322.1265,60357700
2020-10-16,348.9600,350.7500,347.1000,347.2900,321.9317,89501900
2020-10-19,348.6500,349.3300,341.0400,342.0100,317.0373,68425600
2020-10-20,343.4600,346.8800,342.6400,343.3800,318.3073,60051900
2020-10-21,343.3300,345.6700,342.4000,342.7300,317.7047,63575000
2020-10-22,342.9600,345.2400,340.6500,344.6100,319.4474,55399300
2020-10-23,345.9300,345.9900,343.1300,345.7800,320.5320,49143900
2020-10-26,342.1300,342.9800,335.6200,339.3900,314.6087,91473000
2020-10-27,339.7600,340.1200,337.9900,338.2200,313.5240,65994100
2020-10-28,332.1000,338.2500,326.1300,326.6600,302.8082,127094300
2020-10-29,326.9100,333.4000,325.0900,329.9800,305.8857,90597700
2020-10-30,328.2800,329.6900,322.6000,326.5400,302.6969,120287300
2020-11-02,330.2000,332.3600,327.2400,330.2000,306.0897,86068300
2020-11-03,333.6900,338.2500,330.2900,336.0300,311.4940,93294200
2020-11-04,340.8600,347.9400,339.5900,343.5400,318.4556,126959700
2020-11-05,349.2400,352.1900,348.8600,350.2400,324.6664,82039700
2020-11-06,349.9300,351.5100,347.6500,350.1600,324.5922,74973000
2020-11-09,363.9700,364.3800,354.0600,354.5600,328.6710,172304200
2020-11-10,353.4900,355.1800,350.5100,354.0400,328.1889,85552000
2020-11-11,356.4000,357.5600,355.0600,356.6700,330.6268,58649000
2020-11-12,355.5800,356.7200,351.2600,353.2100,327.4195,67546200
2020-11-13,355.2700,358.9000,354.7100,358.1000,331.9524,62892200
2020-11-16,360.9800,362.7800,359.5900,362.5700,336.0961,74541100
2020-11-17,359.9700,361.9200,358.3400,360.6200,334.2884,66111000
2020-11-18,360.9100,361.5000,356.2400,356.2800,330.2654,70591300
2020-11-19,355.6000,358.1800,354.1500,357.7800,331.6558,59940900
2020-11-20,357.5000,357.7200,355.2500,355.3300,329.3847,70417300
2020-11-23,357.2800,358.8200,354.8700,357.4600,331.3592,63230600
2020-11-24,360.2100,363.8100,359.2900,363.2200,336.6986,62415900
2020-11-25,363.1300,363.1600,361.4800,362.6600,336.1795,45330900
2020-11-27,363.8400,364.1800,362.5800,363.6700,337.1158,28514100
2020-11-30,362.8300,363.1200,359.1700,362.0600,335.6233,83872700
2020-12-01,365.5700,367.6800,364.9300,366.0200,339.2942,74231400
2020-12-02,364.8200,366.9600,364.2000,366.7900,340.0079,45927000
2020-12-03,366.6800,368.1900,365.5000,366.6900,339.9152,62882000
2020-12-04,367.3200,369.8500,367.2200,369.8500,342.8445,50749900
2020-12-07,369.0200,369.6200,367.7200,369.0900,342.1400,48944300
2020-12-08,367.7200,370.7800,367.6700,370.1700,343.1412,42458900
2020-12-09,370.8800,371.0500,365.9500,366.8500,340.0636,74098300
2020-12-10,365.3700,367.8600,364.4300,366.7300,339.9523,57735400
2020-12-11,364.9000,366.7400,363.2600,366.3000,339.5537,57698600
2020-12-14,368.6400,369.8000,364.4700,364.6600,338.0334,69216200
2020-12-15,367.4000,369.5900,365.9200,369.5900,342.6035,63865300
2020-12-16,369.8200,371.1600,368.8700,370.1700,343.1412,58420500
2020-12-17,371.9400,372.4600,371.0500,372.2400,345.0600,64119500
2020-12-18,370.9700,371.1500,367.0200,369.1800,343.6822,136542300
2020-12-21,364.9700,378.4600,362.0300,367.8600,342.4533,96386700
2020-12-22,368.2100,368.3300,366.0300,367.2400,341.8762,47949000
2020-12-23,368.2800,369.6200,367.2200,367.5700,342.1834,46201400
2020-12-24,368.0800,369.0300,367.4500,369.0000,343.5147,26457900
2020-12-28,371.7400,372.5900,371.0700,372.1700,346.4656,39000400
2020-12-29,373.8100,374.0000,370.8300,371.4600,345.8046,53680500
2020-12-30,372.3400,373.1000,371.5700,371.9900,346.2982,49455300
2020-12-31,371.7800,374.6600,371.2300,373.8800,348.0575,78520700
2021-01-04,375.3100,375.4500,364.8200,368.7900,343.3192,110210800
2021-01-05,368.1000,372.5000,368.0500,371.3300,345.6837,66426200
2021-01-06,369.7100,376.9800,369.1200,373.5500,347.7503,107997700
2021-01-07,376.1000,379.9000,375.9100,379.1000,352.9171,68766800
2021-01-08,380.5900,381.4900,377.1000,381.2600,354.9278,71677200
2021-01-11,377.8500,380.5800,377.7200,378.6900,352.5354,51034700
2021-01-12,378.8900,379.8600,376.3600,378.7700,352.6098,52547700
2021-01-13,378.6900,380.8600,377.8500,379.7900,353.5594,45303600
2021-01-14,380.5900,381.1300,378.1000,378.4600,352.3212,49989100
2021-01-15,376.7200,377.5800,373.7000,375.7000,349.7520,107160000
2021-01-19,378.3400,379.2300,376.7500,378.6500,352.4981,51233300
2021-01-20,381.1100,384.7900,380.6900,383.8900,357.3762,61836100
2021-01-21,384.4900,384.9500,383.2500,384.2400,357.7020,47840100
2021-01-22,382.2500,384.1300,381.8400,382.8800,356.4360,52860500
2021-01-25,383.6700,384.7700,378.4600,384.3900,357.8417,70402000
2021-01-26,385.4100,385.8500,383.5400,383.7900,357.2832,42665300
2021-01-27,380.2200,380.3200,372.0100,374.4100,348.5509,123351100
2021-01-28,376.3600,381.9300,375.8900,377.6300,351.5486,94198100
2021-01-29,375.6300,376.6700,368.2700,370.0700,344.5108,126765100
2021-02-01,373.7200,377.3400,370.3800,376.2300,350.2453,75817600
2021-02-02,379.6500,383.2200,376.3200,381.5500,355.1978,64450700
2021-02-03,382.4400,383.7000,380.4800,381.8500,355.4772,52427100
2021-02-04,382.9600,386.2400,381.9700,386.1900,359.5174,47142600
2021-02-05,388.2000,388.4700,386.1400,387.7100,360.9324,48669800
2021-02-08,389.2700,390.5600,388.3500,390.5100,363.5390,38365200
2021-02-09,389.6100,390.8900,389.1700,390.2500,363.2970,35551100
2021-02-10,392.1200,392.2800,387.5000,390.0800,363.1387,59154400
2021-02-11,391.2400,391.6900,388.1000,390.7100,363.7252,42913300
2021-02-12,389.8500,392.9000,389.7700,392.6400,365.5219,50593300
2021-02-16,393.9600,394.1700,391.5300,392.3000,365.2054,50972400
2021-02-17,390.4200,392.6600,389.3300,392.3900,365.2893,52290600
2021-02-18,389.5900,391.5200,387.7400,390.7200,363.7345,59712800
2021-02-19,392.0700,392.3800,389.5500,390.0300,363.0922,83241000
2021-02-22,387.0600,389.6200,386.7400,387.0300,360.2993,67414200
2021-02-23,384.6600,388.9500,380.2000,387.5000,360.7369,107284100
2021-02-24,386.3300,392.2300,385.2700,391.7700,364.7120,72433900
2021-02-25,390.4100,391.8800,380.7800,382.3300,355.9240,146670500
2021-02-26,384.3500,385.5800,378.2300,380.3600,354.0900,152701600
2021-03-01,385.5900,390.9200,380.5700,389.5800,362.6733,105348800
2021-03-02,389.8200,390.0700,386.0000,386.5400,359.8432,79595300
2021-03-03,385.7900,386.8300,381.3100,381.4200,355.0768,119940200
2021-03-04,381.2200,384.0000,371.8800,376.7000,350.6829,183433000
2021-03-05,380.4600,384.7600,372.6400,383.6300,357.1342,152039600
2021-03-08,384.6600,387.6800,381.4200,381.7200,355.3561,123149200
2021-03-09,385.8500,389.9100,385.3100,387.1700,360.4298,113633600
2021-03-10,389.6900,391.4000,388.1700,389.5800,362.6733,109899400
2021-03-11,392.2300,395.6500,391.7400,393.5300,366.3504,86245000
2021-03-12,392.0700,394.2100,391.2000,394.0600,366.8438,64653600
2021-03-15,394.3300,396.6900,392.0300,396.4100,369.0315,73427200
2021-03-16,397.0700,397.8300,395.0800,395.9100,368.5660,73722500
2021-03-17,394.5300,398.1200,393.3000,397.2600,369.8228,97959300
2021-03-18,394.4800,396.7200,390.7500,391.4800,364.4421,115349100
2021-03-19,389.8800,391.5700,387.1500,389.4800,363.7677,113624500
2021-03-22,390.0300,394.0700,389.9700,392.5900,366.6724,73778600
2021-03-23,391.9100,393.4600,388.6600,389.5000,363.7863,90686600
2021-03-24,391.0000,392.7500,387.4700,387.5200,361.9371,97588600
2021-03-25,385.9800,390.5500,383.9000,389.7000,363.9732,116128600
2021-03-26,390.9300,396.4100,390.2900,395.9800,369.8386,114409100
2021-03-29,394.4000,396.7500,392.8100,395.7800,369.6518,108107600
2021-03-30,394.4200,395.4500,393.0200,394.7300,368.6711,76262200
2021-03-31,395.3400,398.0000,395.3100,396.3300,370.1655,112734200
2021-04-01,398.4000,400.6700,398.1800,400.6100,374.1629,99682900
2021-04-05,403.4600,406.9400,403.3800,406.3600,379.5333,91684800
2021-04-06,405.7600,407.2400,405.4000,406.1200,379.3092,62021000
2021-04-07,405.9400,406.9600,405.4500,406.5900,379.7482,55836300
2021-04-08,407.9300,408.5800,406.9300,408.5200,381.5507,57863100
2021-04-09,408.3900,411.6700,408.2600,411.4900,384.3246,61104600
2021-04-12,410.8500,411.9300,410.2000,411.6400,384.4647,56704900
2021-04-13,411.5300,413.5300,411.1200,412.8600,385.6042,56551000
2021-04-14,412.8300,413.9600,410.8700,411.4500,384.2873,61659900
2021-04-15,413.7400,416.1600,413.6900,415.8700,388.4155,60229800
2021-04-16,417.2500,417.9100,415.7300,417.2600,389.7137,82037300
2021-04-19,416.2600,416.7400,413.7900,415.2100,387.7990,78498500
2021-04-20,413.9100,415.0900,410.5900,412.1700,384.9598,81851800
2021-04-21,411.5100,416.2900,411.3600,416.0700,388.6023,66793000
2021-04-22,415.8900,416.7800,411.1300,412.2700,385.0531,97582800
2021-04-23,412.8700,418.2500,412.7900,416.7400,389.2280,73209200
2021-04-26,417.4400,418.2200,416.8100,417.6100,390.0406,52182400
2021-04-27,417.9300,418.1400,416.3000,417.5200,389.9566,51303100
2021-04-28,417.8100,419.0100,416.9000,417.4000,389.8445,51238900
2021-04-29,420.3200,420.7200,416.4400,420.0600,392.3288,78544300
2021-04-30,417.6300,418.5400,416.3400,417.3000,389.7510,85527000
2021-05-03,419.4300,419.8400,417.6700,418.2000,390.5916,68128300
2021-05-04,416.0700,416.6000,411.6700,415.6200,388.1819,101591200
2021-05-05,417.3800,417.6300,415.1500,415.7500,388.3034,60162200
2021-05-06,415.8300,419.2100,413.6800,419.0700,391.4042,74321400
2021-05-07,419.8900,422.8200,419.1600,422.1200,394.2528,67733800
2021-05-10,422.5000,422.7400,417.8100,417.9400,390.3488,81852400
2021-05-11,413.1000,415.2700,410.0600,414.2100,386.8650,116888000
2021-05-12,411.2300,412.5900,404.0000,405.4100,378.6460,134811000
2021-05-13,407.0700,412.3500,407.0200,410.2800,383.1945,106394000
2021-05-14,413.2100,417.4900,413.1800,416.5800,389.0786,82201600
2021-05-17,415.3900,416.3900,413.3600,415.5200,388.0886,65129200
2021-05-18,415.8000,416.0600,411.7700,411.9400,384.7450,59810200
2021-05-19,406.9200,411.0500,405.3300,410.8600,383.7362,106467100
2021-05-20,411.8000,416.6300,411.6700,415.2800,387.8644,78022200
2021-05-21,416.8700,418.2000,414.4500,414.9400,387.5469,76578700
2021-05-24,417.3400,420.3200,417.0800,419.1700,391.4977,51376700
2021-05-25,420.3300,420.7100,417.6200,418.2400,390.6290,57451400
2021-05-26,418.8700,419.6100,417.7600,419.0700,391.4042,43088600
2021-05-27,420.1700,420.7200,418.9900,419.2900,391.6097,56707700
2021-05-28,420.9700,421.2500,419.7900,420.0400,392.3102,58520200
2021-06-01,422.5700,422.7200,419.2000,419.6700,391.9646,54216600
2021-06-02,420.3700,421.2300,419.2900,420.3300,392.5810,49097100
2021-06-03,417.8500,419.9900,416.2800,418.7700,391.1241,58138800
2021-06-04,420.7500,422.9200,418.8400,422.6000,394.7012,55938800
2021-06-07,422.5900,422.7800,421.1900,422.1900,394.3183,51555000
2021-06-08,423.1100,423.2100,420.3200,422.2800,394.4023,47134300
2021-06-09,423.1800,423.2600,421.4100,421.6500,393.8139,48436300
2021-06-10,422.9600,424.6300,421.5500,423.6100,395.6444,51020100
2021-06-11,424.2000,424.4300,422.8200,424.3100,396.2983,45570800
2021-06-14,424.4300,425.3700,423.1000,425.2600,397.1856,42358500
2021-06-15,425.4200,425.4600,423.5400,424.4800,396.4570,51508500
2021-06-16,424.6300,424.8700,419.9200,422.1100,394.2435,80386100
2021-06-17,421.6700,423.0200,419.3200,421.9700,394.1128,90949700
2021-06-18,417.0900,417.8300,414.7000,414.9200,388.7961,118676300
2021-06-21,416.8000,421.0600,415.9300,420.8600,394.3621,72822000
2021-06-22,420.8500,424.0000,420.0800,423.1100,396.4704,57700300
2021-06-23,423.1900,424.0500,422.5100,422.6000,395.9924,49445400
2021-06-24,424.8900,425.5500,424.6200,425.1000,398.3350,45110300
2021-06-25,425.9000,427.0900,425.5500,426.6100,399.7499,58129500
2021-06-28,427.1700,427.6500,425.8900,427.4700,400.5559,53159600
2021-06-29,427.8800,428.5600,427.1300,427.7000,400.7715,35970500
2021-06-30,427.2100,428.7800,427.1800,428.0600,401.1087,64827900
2021-07-01,428.8700,430.6000,428.8000,430.4300,403.3295,53441000
2021-07-02,431.6700,434.1000,430.5200,433.7200,406.4124,57697700
2021-07-06,433.7800,434.0100,430.0100,432.9300,405.6721,68710400
2021-07-07,433.6600,434.7600,431.5100,434.4600,407.1058,63549500
2021-07-08,428.7800,431.7300,427.5200,430.9200,403.7886,97595200
2021-07-09,432.5300,435.8400,430.7100,435.5200,408.0990,76238600
2021-07-12,435.4300,437.3500,434.9700,437.0800,409.5608,52889600
2021-07-13,436.2400,437.8400,435.3100,435.5900,408.1646,52911300
2021-07-14,437.4000,437.9200,434.9100,436.2400,408.7738,64130400
2021-07-15,434.8100,435.5300,432.7200,434.7500,407.3775,55126400
2021-07-16,436.0100,436.0600,430.9200,431.3400,404.1822,75874700
2021-07-19,426.1900,431.4100,421.9700,424.9700,398.2133,147987000
2021-07-20,425.6800,432.4200,424.8300,431.0600,403.9199,99608200
2021-07-21,432.3400,434.7000,431.0100,434.5500,407.1901,64724400
2021-07-22,434.7400,435.7200,433.6900,435.4600,408.0428,47878500
2021-07-23,437.5200,440.3000,436.7900,439.9400,412.2407,63766600
2021-07-26,439.3100,441.0300,439.2600,441.0200,413.2527,43719200
2021-07-27,439.9100,439.9400,435.9900,439.0100,411.3693,67397100
2021-07-28,439.6800,440.3000,437.3100,438.8300,411.2006,52472400
2021-07-29,439.8200,441.8000,439.8100,440.6500,412.9061,47435300
2021-07-30,437.9100,440.0600,437.7700,438.5100,410.9008,68951200
2021-08-02,440.3400,440.9300,437.2100,437.5900,410.0386,58783300
2021-08-03,438.4400,441.2800,436.1000,441.1500,413.3746,58053900
2021-08-04,439.7800,441.1200,438.7300,438.9800,411.3412,46732200
2021-08-05,440.2200,441.8500,439.8800,441.7600,413.9462,38969700
2021-08-06,442.1000,442.9400,441.8000,442.4900,414.6302,46930000
2021-08-09,442.4600,442.8000,441.3100,442.1300,414.2928,41222600
2021-08-10,442.6100,443.4400,441.8800,442.6800,414.8082,43339300
2021-08-11,443.8200,443.8800,442.6200,443.7800,415.8390,44034300
2021-08-12,443.6200,445.2600,442.6600,445.1100,417.0852,38909400
2021-08-13,445.5900,445.9400,445.0700,445.9200,417.8443,39470300
2021-08-16,444.5300,447.1100,442.8700,446.9700,418.8281,73740000
2021-08-17,444.2400,444.9600,440.8500,444.0400,416.0826,92673900
2021-08-18,442.9600,444.6300,438.9200,439.1800,411.5286,89351900
2021-08-19,436.2700,441.1400,436.1200,439.8600,412.1658,92812200
2021-08-20,440.2300,443.7100,439.7100,443.3600,415.4454,72008700
2021-08-23,445.1600,448.2300,443.4400,447.2600,419.0999,54973000
2021-08-24,447.9700,448.5400,447.4200,447.9700,419.7651,38744700
2021-08-25,448.1700,449.4600,447.7700,448.9100,420.6460,40529700
2021-08-26,448.6100,448.8600,446.1600,446.2600,418.1628,57829600
2021-08-27,447.1200,450.6500,447.0600,450.2500,421.9016,77235100
2021-08-30,450.9700,453.0700,450.7100,452.2300,423.7570,48357400
2021-08-31,452.1300,452.4900,450.9200,451.5600,423.1292,59300200
2021-09-01,452.5600,453.1100,451.5500,451.8000,423.3540,48721400
2021-09-02,453.3200,454.0500,451.9100,453.1900,424.6565,42501000
2021-09-03,451.9800,453.6300,451.5500,453.0800,424.5535,47170500
2021-09-07,452.7100,452.8100,450.7400,451.4600,423.0354,51671500
2021-09-08,450.8900,451.6700,448.8600,450.9100,422.5201,56181900
2021-09-09,450.7000,452.5700,448.7200,448.9800,420.7115,57970400
2021-09-10,451.0400,451.4900,445.3100,445.4400,417.3945,89948200
2021-09-13,448.6400,448.9200,444.1100,446.5800,418.4626,83738600
2021-09-14,448.1200,448.3400,443.2200,444.1700,416.2044,78197100
2021-09-15,444.6200,448.4100,443.4400,447.8800,419.6808,78792200
2021-09-16,447.3200,448.3600,444.0200,447.1700,419.0155,77786700
2021-09-17,444.9200,445.3700,441.0200,441.4000,414.9338,118425000
2021-09-20,434.8800,436.5600,428.8600,434.0400,408.0151,166445500
2021-09-21,436.5300,437.9100,433.0700,433.6300,407.6298,92526100
2021-09-22,436.0500,440.0300,433.7500,437.8600,411.6061,102350100
2021-09-23,439.8500,444.8900,439.6000,443.1800,416.6072,76396000
2021-09-24,441.4400,444.6700,441.2100,443.9100,417.2934,62094800
2021-09-27,442.8100,444.0500,441.9000,442.6400,416.0995,61371100
2021-09-28,439.6900,440.0400,432.9400,433.7200,407.7144,130436300
2021-09-29,435.1900,437.0400,433.8500,434.4500,408.4006,82329200
2021-09-30,436.0200,436.7700,428.7800,429.1400,403.4091,140506000
2021-10-01,430.9800,436.0300,427.2300,434.2400,408.2032,129240100
2021-10-04,433.0000,433.9600,426.3600,428.6400,402.9390,128570000
2021-10-05,430.2400,435.4900,429.3900,433.1000,407.1316,90682500
2021-10-06,429.2700,435.1200,427.5400,434.9000,408.8236,113032200
2021-10-07,438.3900,441.6800,438.2000,438.6600,412.3582,72437500
2021-10-08,439.4800,439.8900,437.1900,437.8600,411.6061,74557400
2021-10-11,437.1600,440.2600,434.6200,434.6900,408.6262,65233300
2021-10-12,435.6700,436.1000,432.7800,433.6200,407.6204,71181200
2021-10-13,434.7100,436.0500,431.5400,435.1800,409.0869,72974000
2021-10-14,439.0800,442.6600,438.5800,442.5000,415.9680,70236800
2021-10-15,444.7500,446.2600,444.0900,445.8700,419.1359,66260200
2021-10-18,443.9700,447.5500,443.2700,447.1900,420.3768,62213200
2021-10-19,448.9200,450.7100,448.2700,450.6400,423.6199,46996800
2021-10-20,451.1300,452.7300,451.0100,452.4100,425.2838,49571600
2021-10-21,451.7700,453.8300,451.3100,453.5900,426.3929,41305400
2021-10-22,453.1300,454.6700,451.0500,453.1200,425.9511,58845100
2021-10-25,454.2800,455.9000,452.3900,455.5500,428.2354,45214500
2021-10-26,457.2000,458.4900,455.5600,455.9600,428.6209,56075100
2021-10-27,456.4500,457.1600,453.8600,453.9400,426.7220,72438000
2021-10-28,455.4600,458.4000,455.4500,458.3200,430.8394,51437900
2021-10-29,455.8700,459.5600,455.5600,459.2500,431.7136,70162400
2021-11-01,460.3000,460.7000,458.2000,460.0400,432.4563,48433600
2021-11-02,460.2200,462.2300,460.0800,461.9000,434.2047,48908400
2021-11-03,461.3000,465.1500,460.8300,464.7200,436.8557,52509800
2021-11-04,465.3600,467.0000,464.9900,466.9100,438.9143,52847100
2021-11-05,469.2800,470.6500,466.9200,468.5300,440.4372,66390600
2021-11-08,469.7000,470.2300,468.2000,468.9300,440.8132,50405200
2021-11-09,469.3200,469.5700,465.8800,467.3800,439.3562,51149100
2021-11-10,465.5800,467.3800,462.0400,463.6200,435.8216,69429700
2021-11-11,465.2100,465.2900,463.7500,463.7700,435.9626,34848500
2021-11-12,465.1200,467.8600,464.1100,467.2700,439.2527,53466700
2021-11-15,468.6400,468.8100,466.2300,467.4300,439.4032,46980500
2021-11-16,467.1500,470.4900,467.0700,469.2800,441.1422,48857500
2021-11-17,469.0000,469.1900,467.4800,468.1400,440.0706,47858300
2021-11-18,469.2400,470.0100,466.3400,469.7300,441.5652,50625600
2021-11-19,469.6100,470.9400,468.5000,468.8900,440.7756,57315600
2021-11-22,470.8900,473.5400,467.3500,467.5700,439.5348,72762000
2021-11-23,467.2200,469.1000,464.4500,468.1900,440.1176,73206500
2021-11-24,466.0600,469.5700,465.1900,469.4400,441.2926,61858800
2021-11-26,462.3400,463.9000,457.7700,458.9700,431.4504,112669600
2021-11-29,464.0700,466.5600,461.7300,464.6000,436.7428,86268800
2021-11-30,462.0000,464.0300,455.3000,455.5600,428.2449,148559600
2021-12-01,461.6400,464.6700,450.2900,450.5000,423.4883,131939200
2021-12-02,450.7300,459.0700,450.3100,457.4000,429.9745,127637800
2021-12-03,459.1700,460.3000,448.9200,453.4200,426.2332,137331600
2021-12-06,456.1300,460.7900,453.5600,458.7900,431.2812,98977500
2021-12-07,464.4100,468.8800,458.6500,468.2800,440.2022,95484700
2021-12-08,468.7000,470.0000,466.8300,469.5200,441.3678,72238800
2021-12-09,468.1500,469.6300,466.1400,466.3500,438.3879,61272600
2021-12-10,469.2300,470.9000,466.5100,470.7400,442.5146,77159800
2021-12-13,470.1900,470.5600,466.2700,466.5700,438.5946,87724700
2021-12-14,463.0900,465.7400,460.2500,463.3600,435.5772,97264100
2021-12-15,463.4200,470.8600,460.7400,470.6000,442.3831,116899300
2021-12-16,472.5700,472.8700,464.8000,466.4500,438.4819,116568600
2021-12-17,461.5500,464.7400,458.0600,459.8700,433.8152,135511600
2021-12-20,454.4800,455.4000,451.1400,454.9800,429.2023,107134800
2021-12-21,458.6100,463.2100,456.3100,463.0600,436.8244,69806300
2021-12-22,462.7900,467.8100,462.5800,467.6900,441.1921,58890200
2021-12-23,468.7500,472.1900,468.6400,470.6000,443.9373,56439700
2021-12-27,472.0600,477.3100,472.0100,477.2600,450.2199,56808600
2021-12-28,477.7200,478.8100,476.0600,476.8700,449.8520,47274600
2021-12-29,476.9800,478.5600,475.9200,477.4800,450.4275,54503000
2021-12-30,477.9300,479.0000,475.6700,476.1600,449.1823,55329000
2021-12-31,475.6400,476.8600,474.6700,474.9600,448.0502,65237400
2022-01-03,476.3000,477.8500,473.8500,477.7100,450.6445,72668200
2022-01-04,479.2200,479.9800,475.5800,477.5500,450.4936,71178700
2022-01-05,477.1600,477.9800,468.2800,468.3800,441.8431,104538900
2022-01-06,467.8900,470.8200,465.4300,467.9400,441.4280,86858900
2022-01-07,467.9500,469.2000,464.6500,466.0900,439.6828,85111600
2022-01-10,462.7000,465.7400,456.6000,465.5100,439.1357,119362000
2022-01-11,465.2300,469.8500,462.0500,469.7500,443.1355,74303100
2022-01-12,471.5900,473.2000,468.9400,471.0200,444.3335,67605400
2022-01-13,472.1900,472.8800,463.4400,464.5300,438.2112,91173100
2022-01-14,461.1900,465.0900,459.9000,464.7200,438.3904,95890900
2022-01-18,459.7400,459.9600,455.3100,456.4900,430.6267,109709100
2022-01-19,458.1300,459.6100,451.4600,451.7500,426.1552,109357600
2022-01-20,453.7500,458.7400,444.5000,446.7500,421.4386,122379700
2022-01-21,445.5600,448.0600,437.9500,437.9800,413.1655,202271200
2022-01-24,432.0300,440.3800,420.7600,439.8400,414.9200,251783900
2022-01-25,433.0600,439.7200,427.1500,434.4700,409.8543,167997300
2022-01-26,440.7200,444.0400,428.8600,433.3800,408.8261,186391100
2022-01-27,438.2600,441.5900,429.4500,431.2400,406.8073,149878300
2022-01-28,432.6800,442.0000,427.8200,441.9500,416.9105,164457400
2022-01-31,441.2400,450.2800,439.8100,449.9100,424.4195,152251400
2022-02-01,450.6800,453.6300,446.9400,452.9500,427.2873,123155400
2022-02-02,455.5000,458.1200,453.0500,457.3500,431.4380,117361000
2022-02-03,450.9500,452.9700,445.7100,446.6000,421.2970,118024400
2022-02-04,446.3500,452.7800,443.8300,448.7000,423.2781,118454400
2022-02-07,449.5100,450.9900,445.8500,447.2600,421.9196,84472900
2022-02-08,446.7300,451.9200,445.2200,450.9400,425.3911,81012000
2022-02-09,455.2200,457.8800,455.0100,457.5400,431.6173,92589900
2022-02-10,451.3400,457.7100,447.2000,449.3200,423.8629,140103700
2022-02-11,449.4100,451.6100,438.9400,440.4600,415.5049,153214600
2022-02-14,439.9200,441.6000,435.3400,439.0200,414.1465,123006300
2022-02-15,443.7300,446.2800,443.1800,446.1000,420.8254,88482700
2022-02-16,443.9300,448.0600,441.9400,446.6000,421.2970,84863600
2022-02-17,443.2200,446.5700,436.4200,437.0600,412.2976,102259100
2022-02-18,437.3300,438.6600,431.8200,434.2300,409.6279,132642900
2022-02-22,431.8900,435.5000,425.8600,429.5700,405.2319,124391800
2022-02-23,432.6600,433.2600,421.3500,421.9500,398.0437,132578000
2022-02-24,411.0200,428.7600,410.6400,428.3000,404.0338,213942900
2022-02-25,429.6100,437.8400,427.8600,437.7500,412.9484,121804500
2022-02-28,432.0300,438.2000,430.7000,436.6300,411.8918,145615000
2022-03-01,435.0400,437.1700,427.1100,429.9800,405.6187,137785900
2022-03-02,432.3700,439.7200,431.5700,437.8900,413.0805,117726500
2022-03-03,440.4700,441.1100,433.8000,435.7100,411.0240,105501700
2022-03-04,431.7500,433.3700,427.8800,432.1700,407.6846,113978200
2022-03-07,431.5500,432.3000,419.3600,419.4300,395.6664,137896600
2022-03-08,419.6200,427.2100,415.1200,416.2500,392.6666,164772700
2022-03-09,425.1400,429.5100,422.8200,427.4100,403.1943,116990800
2022-03-10,422.5200,426.4300,420.4400,425.4800,401.3736,93972700
2022-03-11,428.1200,428.7700,419.5300,420.0700,396.2701,95636300
2022-03-14,420.8900,424.5500,415.7900,417.0000,393.3741,95729200
2022-03-15,419.7700,426.8400,418.4200,426.1700,402.0245,106219100
2022-03-16,429.8900,435.6800,424.8000,435.6200,410.9391,144954800
2022-03-17,433.5900,441.0700,433.1900,441.0700,416.0804,102676900
2022-03-18,438.0000,444.8600,437.2200,444.5200,420.6376,106345500
2022-03-21,444.3400,446.4600,440.6800,444.3900,420.5146,88349800
2022-03-22,445.8600,450.5800,445.8600,449.5900,425.4352,74650400
2022-03-23,446.9100,448.4900,443.7100,443.8000,419.9564,79426100
2022-03-24,445.9400,450.5000,444.7600,450.4900,426.2869,64736900
2022-03-25,451.1600,452.9800,448.4300,452.6900,428.3687,77101300
2022-03-28,452.0600,455.9100,450.0600,455.9100,431.4156,68529800
2022-03-29,460.0200,462.0700,457.1800,461.5500,436.7527,86581500
2022-03-30,460.3400,461.2000,456.4700,458.7000,434.0558,79666900
2022-03-31,457.8900,458.7600,451.1600,451.6400,427.3751,121699900
2022-04-01,453.3100,453.4600,449.1400,452.9200,428.5863,89048800
2022-04-04,453.1300,456.9100,452.2600,456.8000,432.2578,59601000
2022-04-05,455.2200,457.8300,449.8200,451.0300,426.7979,74214500
2022-04-06,446.8900,448.9300,443.4700,446.5200,422.5301,106898000
2022-04-07,445.5900,450.6900,443.5300,448.7700,424.6593,78097200
2022-04-08,447.9700,450.6300,445.9400,447.5700,423.5238,79272700
2022-04-11,444.1100,445.0000,439.3900,439.9200,416.2847,89770500
2022-04-12,443.0800,445.7500,436.6500,438.2900,414.7424,84363600
2022-04-13,438.0300,444.1100,437.8400,443.3100,419.4926,74070400
2022-04-14,443.5500,444.7300,437.6800,437.7900,414.2693,97869500
2022-04-18,436.8100,439.7500,435.6100,437.9700,414.4395,66002500
2022-04-19,437.8600,445.8000,437.6800,445.0400,421.1296,77821000
2022-04-20,446.9200,447.5700,443.4800,444.7100,420.8174,65224400
2022-04-21,448.5400,450.0100,437.1000,438.0600,414.5247,85417300
2022-04-22,436.9100,438.0800,425.4400,426.0400,403.1505,132471800
2022-04-25,423.6700,428.6900,418.8400,428.5100,405.4878,119647700
2022-04-26,425.8300,426.0400,416.0700,416.1000,393.7444,103996300
2022-04-27,417.2400,422.9200,415.0100,417.2700,394.8516,122030000
2022-04-28,422.2900,429.6400,417.6000,427.8100,404.8254,105449100
2022-04-29,423.5900,425.8700,411.2100,412.0000,389.8648,145491100
2022-05-02,412.0700,415.9200,405.0200,414.4800,392.2115,158312500
2022-05-03,415.0100,418.9300,413.3600,416.3800,394.0094,100028200
2022-05-04,417.0800,429.6600,413.7100,429.0600,406.0082,144247900
2022-05-05,424.5500,425.0000,409.4400,413.8100,391.5775,172929100
2022-05-06,411.1000,414.8000,405.7300,411.3400,389.2402,151770800
2022-05-09,405.1000,406.4100,396.5000,398.1700,376.7778,155586100
2022-05-10,404.4900,406.0800,394.8200,399.0900,377.6484,132497200
2022-05-11,398.0700,404.0400,391.9600,392.7500,371.6490,142361000
2022-05-12,389.3700,395.8000,385.1500,392.3400,371.2611,125090800
2022-05-13,396.7100,403.1800,395.6100,401.7200,380.1371,104174400
2022-05-16,399.9800,403.9700,397.6000,400.0900,378.5947,78622400
2022-05-17,406.5300,408.5700,402.5800,408.3200,386.3825,83029700
2022-05-18,403.5000,403.8000,390.5500,391.8600,370.8069,117674500
2022-05-19,388.6200,394.1400,387.1100,389.4600,368.5359,98510700
2022-05-20,393.2500,397.0300,380.5400,389.6300,368.6967,131432200
2022-05-23,392.8300,397.7300,390.3800,396.9200,375.5950,76414900
2022-05-24,392.5600,395.1500,386.9600,393.8900,372.7277,91448800
2022-05-25,392.3100,399.4500,391.8900,397.3700,376.0208,91472900
2022-05-26,398.6700,407.0400,398.4500,405.3100,383.5342,82168300
2022-05-27,407.9100,415.3800,407.7000,415.2600,392.9497,84768700
2022-05-31,413.5500,416.4600,410.0300,412.9300,390.7448,95937000
2022-06-01,415.1700,416.2400,406.9300,409.5900,387.5844,86585800
2022-06-02,409.4200,417.4400,407.0400,417.3900,394.9652,79609600
2022-06-03,412.4000,414.0400,409.5100,410.5400,388.4832,71874300
2022-06-06,414.7800,416.6100,410.5500,411.7900,389.6661,57508900
2022-06-07,408.1000,416.2200,407.6100,415.7400,393.4038,59272400
2022-06-08,413.9300,415.8200,410.3800,411.2200,389.1266,64350000
2022-06-09,409.3400,411.7400,401.4400,401.4400,379.8721,86289800
2022-06-10,394.8800,395.7800,389.7500,389.8000,368.8575,132893900
2022-06-13,379.8500,381.8100,373.3000,375.0000,354.8527,170004900
2022-06-14,376.8500,377.9400,370.5900,373.8700,353.7833,104011800
2022-06-15,377.3600,383.9000,372.1200,379.2000,358.8270,125666800
2022-06-16,370.5100,370.9400,364.0800,366.6500,346.9512,134473300
2022-06-17,365.5100,369.3800,362.1700,365.8600,347.6992,111113900
2022-06-21,371.8900,376.5300,371.8100,375.0700,356.4520,76811900
2022-06-22,370.6200,378.7200,370.1800,374.3900,355.8058,90059400
2022-06-23,376.6400,378.8300,372.8900,378.0600,359.2936,79292100
2022-06-24,381.4000,390.0900,381.3700,390.0800,370.7169,98050300
2022-06-27,391.0500,391.3600,387.4400,388.5900,369.3008,66009600
2022-06-28,390.2300,393.1600,380.5300,380.6500,361.7551,86548900
2022-06-29,381.2300,382.2700,378.4200,380.3400,361.4605,65676000
2022-06-30,376.2400,380.6600,372.5600,377.2500,358.5238,112508300
2022-07-01,376.5600,381.7000,373.8000,381.2400,362.3157,74839700
2022-07-05,375.8800,381.9800,372.9000,381.9600,363.0000,81438000
2022-07-06,382.1100,385.8700,379.6000,383.2500,364.2260,70426200
2022-07-07,385.1200,389.8300,383.2700,388.9900,369.6811,64525900
2022-07-08,387.2700,390.6400,385.6600,388.6700,369.3770,72397800
2022-07-11,385.8500,386.8700,383.5000,384.2300,365.1573,58366900
2022-07-12,383.6500,386.1600,378.9900,380.8300,361.9261,62219200
2022-07-13,375.1000,381.9200,374.6600,378.8300,360.0253,84224600
2022-07-14,373.6100,379.0500,371.0400,377.9100,359.1511,89704800
2022-07-15,382.5500,385.2500,380.5400,385.1300,366.0127,79060400
2022-07-18,388.3800,389.0900,380.6600,381.9500,362.9906,63203600
2022-07-19,386.0800,392.8700,385.3900,392.2700,372.7982,78506000
2022-07-20,392.4700,396.2600,391.0300,394.7700,375.1742,71843800
2022-07-21,394.1600,398.8400,391.6300,398.7900,378.9946,64903900
2022-07-22,398.9200,400.1800,392.7500,395.0900,375.4782,72197300
2022-07-25,395.7500,396.4700,393.2100,395.5700,375.9344,53631500
2022-07-26,393.8400,394.0600,389.9500,390.8900,371.4868,52946400
2022-07-27,394.3600,402.8800,394.0500,401.0400,381.1329,82342100
2022-07-28,401.8900,406.8000,398.1500,406.0700,385.9132,73966600
2022-07-29,407.5800,413.0300,406.7700,411.9900,391.5394,87003700
2022-08-01,409.1500,413.4100,408.4000,410.7700,390.3799,69997500
2022-08-02,409.1200,413.0000,406.8200,408.0600,387.8045,63435400
2022-08-03,410.3000,415.6800,410.0000,414.4500,393.8773,67820600
2022-08-04,414.3700,415.0900,412.4400,414.1700,393.6112,45656600
2022-08-05,409.6600,414.1500,409.6000,413.4700,392.9459,56814900
2022-08-08,415.2500,417.6200,411.8300,412.9900,392.4897,53886100
2022-08-09,412.2200,412.7500,410.2200,411.3500,390.9311,44931800
2022-08-10,418.7800,420.1400,416.7200,419.9900,399.1422,68665700
2022-08-11,422.9900,424.9500,419.2100,419.9900,399.1422,59489700
2022-08-12,422.0300,427.2100,421.0300,427.1000,405.8994,61694500
2022-08-15,424.7700,429.4100,424.7100,428.8600,407.5719,54048300
2022-08-16,427.7300,431.7300,426.8800,429.7000,408.3703,59289000
2022-08-17,425.9100,429.5000,424.5400,426.6500,405.4716,63563400
2022-08-18,426.8600,428.6100,425.5000,427.8900,406.6501,49023200
2022-08-19,424.9800,425.2600,421.2200,422.1400,401.1856,68016900
2022-08-22,417.0500,417.2300,412.4000,413.3500,392.8319,77695600
2022-08-23,412.9000,415.4200,411.7700,412.3500,391.8814,49105200
2022-08-24,412.1100,415.1100,411.3900,413.6700,393.1360,49177800
2022-08-25,415.2400,419.5600,414.0900,419.5100,398.6861,50942300
2022-08-26,419.3900,419.9600,405.2500,405.3100,385.1910,103087000
2022-08-29,402.2000,405.8400,401.2000,402.6300,382.6440,65370800
2022-08-30,403.8500,404.1000,396.0000,398.2100,378.4434,85652400
2022-08-31,399.9300,401.2400,395.0400,395.1800,375.5638,76029700
2022-09-01,392.8900,396.7800,390.0400,396.4200,376.7423,78740100
2022-09-02,400.2800,401.5600,390.3300,392.2400,372.7697,99632100
2022-09-06,393.1300,394.1200,388.4200,390.7600,371.3632,76637400
2022-09-07,390.4300,398.5900,390.2000,397.7800,378.0348,70964200
2022-09-08,395.3900,400.8600,394.1200,400.3800,380.5057,80821700
2022-09-09,402.7400,407.5100,402.4600,406.6000,386.4169,76706900
2022-09-12,408.7800,411.7300,408.4600,410.9700,390.5700,69256300
2022-09-13,401.8300,403.1000,391.9200,393.1000,373.5871,122947100
2022-09-14,394.4700,396.2000,391.1200,394.6000,375.0126,85023700
2022-09-15,392.9600,395.9600,388.7800,390.1200,370.7550,87633800
2022-09-16,384.1400,386.2500,382.1100,385.5600,367.9265,103084800
2022-09-19,382.2600,388.5500,382.1800,388.5500,370.7797,73278500
2022-09-20,385.0600,386.1200,381.2000,384.0900,366.5237,77274900
2022-09-21,386.1100,389.3100,377.3800,377.3900,360.1302,106746600
2022-09-22,376.5800,378.3000,373.4400,374.2200,357.1052,89472600
2022-09-23,370.5800,370.6200,363.2900,367.9500,351.1219,122346900
2022-09-26,366.4100,370.2100,363.0300,364.3100,347.6484,92581200
2022-09-27,368.0200,370.4000,360.8700,363.3800,346.7609,108294100
2022-09-28,364.3800,372.3000,362.6000,370.5300,353.5840,110802200
2022-09-29,366.8100,367.1100,359.7000,362.7900,346.1979,112952300
2022-09-30,361.8000,365.9100,357.0400,357.1800,340.8445,153711200
2022-10-03,361.0800,368.5500,359.2100,366.6100,349.8432,89756500
2022-10-04,372.4000,378.0000,366.5700,377.9700,360.6836,103602800
2022-10-05,373.3900,379.4600,370.9500,377.0900,359.8439,88065700
2022-10-06,375.6200,378.7200,372.6800,373.2000,356.1319,82333500
2022-10-07,368.9700,373.2900,360.9400,362.7900,346.1979,107789500
2022-10-10,363.9600,364.2100,357.6700,360.0200,343.5546,76042800
2022-10-11,358.2400,363.0300,355.7100,357.7400,341.3788,92482800
2022-10-12,358.1700,359.8200,356.3000,356.5600,340.2528,76991800
2022-10-13,349.2100,367.5100,348.1100,365.9700,349.2325,147254500
2022-10-14,368.5500,370.2600,356.9600,357.6300,341.2739,123737000
2022-10-17,364.0100,367.9800,357.2800,366.8200,350.0436,93168200
2022-10-18,375.1300,375.4500,367.5200,371.1300,354.1565,97162900
2022-10-19,368.9900,371.8500,365.5500,368.5000,351.6467,79746900
2022-10-20,368.0300,372.6700,364.6100,365.4100,348.6981,88283100
2022-10-21,365.1200,374.8000,363.5400,374.2900,357.1720,131038400
2022-10-24,375.8900,380.0600,373.1100,378.8700,361.5425,85436900
2022-10-25,378.7900,385.2500,378.6700,384.9200,367.3158,78846300
2022-10-26,381.6200,387.5800,381.3500,382.0200,364.5484,104087300
2022-10-27,383.0700,385.0000,379.3300,379.9800,362.6017,81971800
2022-10-28,379.8700,389.5200,379.6800,389.0200,371.2283,100302000
2022-10-31,386.4400,388.4000,385.2600,386.2100,368.5468,96631300
2022-11-01,390.1400,390.3900,383.2900,384.5200,366.9340,85407600
2022-11-02,383.9000,388.6300,374.7600,374.8700,357.7254,126990400
2022-11-03,371.4700,374.2000,368.7900,371.0100,354.0420,87100100
2022-11-04,377.0000,378.8700,370.0000,376.3500,359.1377,103505200
2022-11-07,377.7100,380.5700,375.5300,379.9500,362.5731,68286900
2022-11-08,381.1100,385.1200,377.7200,382.0000,364.5293,84641100
2022-11-09,379.9300,381.1400,373.6100,374.1300,357.0193,78495500
2022-11-10,388.0500,395.0400,385.6400,394.6900,376.6390,141455800
2022-11-11,395.5900,399.3500,393.6100,398.5100,380.2842,93839900
2022-11-14,396.6600,400.1800,394.8300,395.1200,377.0493,71903500
2022-11-15,401.1500,402.3100,394.4900,398.4900,380.2652,93194500
2022-11-16,396.7800,397.7800,394.7900,395.4500,377.3642,68508500
2022-11-17,390.4600,394.9500,390.1400,394.2400,376.2096,74496300
2022-11-18,397.7400,397.8100,393.0400,396.0300,377.9176,92922500
2022-11-21,394.6400,395.8200,392.6600,394.5900,376.5436,51243200
2022-11-22,396.6300,400.0700,395.1500,399.9000,381.6107,60429000
2022-11-23,399.5500,402.9300,399.3100,402.4200,384.0154,68261600
2022-11-25,401.8300,402.9100,401.5400,402.3300,383.9296,30545400
2022-11-28,399.0900,400.8100,395.1100,395.9100,377.8032,67881600
2022-11-29,396.0500,397.3000,393.3000,395.2300,377.1543,52310000
2022-11-30,395.4900,407.6800,393.4800,407.6800,389.0349,144566700
2022-12-01,408.7700,410.0000,404.7500,407.3800,388.7486,76398200
2022-12-02,402.2500,407.8600,402.1400,406.9100,388.3001,85342700
2022-12-05,403.9500,404.9300,398.1700,399.5900,381.3149,77289800
2022-12-06,399.4200,399.9900,391.6400,393.8300,375.8182,77972200
2022-12-07,392.9400,395.6400,391.9700,393.1600,375.1789,65927900
2022-12-08,395.1400,397.3600,393.2700,396.2400,378.1180,60737900
2022-12-09,394.9400,397.6200,393.1500,393.2800,375.2935,81447700
2022-12-12,394.1100,398.9500,393.4100,398.9500,380.7041,75405800
2022-12-13,410.2200,410.4900,399.0700,401.9700,383.5860,123782500
2022-12-14,401.6100,405.5000,396.3100,399.4000,381.1336,108111300
2022-12-15,394.3000,395.2500,387.8900,389.6300,371.8104,117705900
2022-12-16,385.1800,386.5800,381.0400,383.2700,367.4207,119858000
2022-12-19,383.4700,383.8200,378.2800,380.0200,364.3051,79878100
2022-12-20,379.2300,382.2300,377.8500,380.5400,364.8037,74427200
2022-12-21,383.2500,387.4100,382.6900,386.2300,370.2584,78167400
2022-12-22,383.0500,386.2100,374.7700,380.7200,364.9762,100120900
2022-12-23,379.6500,383.0600,378.0300,382.9100,367.0756,59857300
2022-12-27,382.7900,383.1500,379.6500,381.4000,365.6281,51638200
2022-12-28,381.3300,383.3900,376.4200,376.6600,361.0841,70911500
2022-12-29,379.6300,384.3500,379.0800,383.4400,367.5836,66970900
2022-12-30,380.6400,382.5800,378.4300,382.4300,366.6155,84022200
2023-01-03,384.3700,386.4300,377.8300,380.8200,365.0721,74850700
2023-01-04,383.1800,385.8800,380.0000,383.7600,367.8905,85934100
2023-01-05,381.7200,381.8400,378.7600,379.3800,363.6916,76970500
2023-01-06,382.6100,389.2500,379.4100,388.0800,372.0319,104189600
2023-01-09,390.3700,393.7000,387.6700,387.8600,371.8209,73978100
2023-01-10,387.2500,390.6500,386.2700,390.5800,374.4284,65358100
2023-01-11,392.2300,395.6000,391.3800,395.5200,379.1642,68881100
2023-01-12,396.6700,398.4900,392.4200,396.9600,380.5446,90157700
2023-01-13,393.6200,399.1000,393.3400,398.5000,382.0210,63903900
2023-01-17,398.4800,400.2300,397.0600,397.7700,381.3211,62677300
2023-01-18,399.0100,400.1200,391.2800,391.4900,375.3008,99632300
2023-01-19,389.3600,391.0800,387.2600,388.6400,372.5687,86958900
2023-01-20,390.1000,396.0400,388.3800,395.8800,379.5093,91806400
2023-01-23,396.7200,402.6500,395.7200,400.6300,384.0629,84178800
2023-01-24,398.8800,401.1500,397.6400,400.2000,383.6506,59524900
2023-01-25,395.9500,400.7000,393.5600,400.3500,383.7944,84800300
2023-01-26,403.1300,404.9200,400.0300,404.7500,388.0124,72287400
2023-01-27,403.6600,408.1600,403.4400,405.6800,388.9040,68346200
2023-01-30,402.8000,405.1300,400.2800,400.5900,384.0245,74202000
2023-01-31,401.1300,406.5300,400.7700,406.4800,389.6710,86811800
2023-02-01,405.2100,413.6700,402.3500,410.8000,393.8123,101459200
2023-02-02,414.8600,418.3100,412.8800,416.7800,399.5450,101654500
2023-02-03,411.5900,416.9700,411.0900,412.3500,395.2982,94736800
2023-02-06,409.7900,411.2900,408.1000,409.8300,392.8824,60295300
2023-02-07,408.8700,416.4900,407.5700,415.1900,398.0208,90990700
2023-02-08,413.1300,414.5300,409.9300,410.6500,393.6685,76227500
2023-02-09,414.4100,414.5700,405.8100,407.0900,390.2557,78694900
2023-02-10,405.8600,408.4400,405.0100,408.0400,391.1664,70769700
2023-02-13,408.7200,412.9700,408.2400,412.8300,395.7583,64913500
2023-02-14,411.2400,415.0500,408.5100,412.6400,395.5762,88389300
2023-02-15,410.3500,414.0600,409.4700,413.9800,396.8607,61555700
2023-02-16,408.7900,412.9100,408.1400,408.2800,391.3965,76431500
2023-02-17,406.0600,407.5100,404.0500,407.2600,390.4187,89257800
2023-02-21,403.0600,404.1600,398.8200,399.0900,382.5865,82655900
2023-02-22,399.5200,401.1300,397.0200,398.5400,382.0593,83742300
2023-02-23,401.5600,402.2000,396.2500,400.6600,384.0916,96242400
2023-02-24,395.4200,397.2500,393.6400,396.3800,379.9886,108194400
2023-02-27,399.8700,401.2900,396.7500,397.7300,381.2828,80444700
2023-02-28,397.2300,399.2800,396.1500,396.2600,379.8736,96438600
2023-03-01,395.4100,396.6900,393.3800,394.7400,378.4164,99706800
2023-03-02,392.6800,398.6900,392.3300,397.8100,381.3595,85127800
2023-03-03,399.7100,404.4500,399.0300,404.1900,387.4756,90120000
2023-03-06,405.0500,407.4500,404.0100,404.4700,387.7441,72795900
2023-03-07,404.4200,404.6700,397.6300,398.2700,381.8004,108310600
2023-03-08,398.3900,399.7100,396.5900,398.9200,382.4236,74746600
2023-03-09,399.7400,401.4800,390.5300,391.5600,375.3679,111945300
2023-03-10,390.9900,393.1600,384.3200,385.9100,369.9516,189253000
2023-03-13,381.8100,390.3900,380.6500,385.3600,369.4243,157790000
2023-03-14,390.5000,393.4500,387.0500,391.7300,375.5309,149752400
2023-03-15,385.8900,389.4900,383.7100,389.2800,373.1823,172996900
2023-03-16,386.8200,396.4700,386.2900,396.1100,379.7298,143254200
2023-03-17,393.2200,394.4000,388.5500,389.9900,375.2897,140553400
2023-03-20,390.8000,394.1700,390.0700,393.7400,378.8983,93055800
2023-03-21,397.2400,399.4100,395.5800,398.9100,383.8734,91524200
2023-03-22,398.7300,402.4900,392.0700,392.1100,377.3298,111746600
2023-03-23,395.0900,399.2900,390.3500,393.1700,378.3499,119351300
2023-03-24,391.8400,395.8400,389.4000,395.7500,380.8326,107682400
2023-03-27,398.1200,398.9200,395.5600,396.4900,381.5447,74010400
2023-03-28,395.7700,396.4900,393.6900,395.6000,380.6883,62871700
2023-03-29,399.9300,401.6000,398.6800,401.3500,386.2215,77497900
2023-03-30,404.0900,404.3500,401.7600,403.7000,388.4830,69840000
2023-03-31,404.6600,409.7000,404.5500,409.3900,393.9585,112062600
2023-04-03,408.8500,411.3700,408.4400,410.9500,395.4597,67391100
2023-04-04,411.6200,411.9200,407.2400,408.6700,393.2655,66601500
2023-04-05,407.9100,408.7000,405.8800,407.6000,392.2359,65200200
2023-04-06,406.7700,409.4800,405.6800,409.1900,393.7660,63743300
2023-04-10,406.6100,409.6900,405.9700,409.6100,394.1701,63681000
2023-04-11,410.2600,411.1800,408.9200,409.7200,394.2760,59297900
2023-04-12,411.8700,412.1700,407.4400,408.0500,392.6689,86420400
2023-04-13,409.1800,413.8400,407.9900,413.4700,397.8846,85814800
2023-04-14,412.8100,415.0900,410.0600,412.4600,396.9127,78161500
2023-04-17,412.3700,413.9600,411.0900,413.9400,398.3369,66436400
2023-04-18,415.5800,415.7200,412.7800,414.2100,398.5967,63560000
2023-04-19,412.2200,415.0800,412.1600,414.1400,398.5294,55227300
2023-04-20,411.2100,413.7000,410.2700,411.8800,396.3546,75840400
2023-04-21,412.1900,412.6800,410.1700,412.2000,396.6626,73457400
2023-04-24,411.9900,413.0700,410.6000,412.6300,397.0763,64332100
2023-04-25,410.5800,411.1600,406.0200,406.0800,390.7732,97766700
2023-04-26,406.7200,407.8400,403.7800,404.3600,389.1180,80447000
2023-04-27,407.0000,412.6900,406.7400,412.4100,396.8646,92968400
2023-04-28,411.4900,415.9400,411.4300,415.9300,400.2519,89433100
2023-05-01,415.4700,417.6200,415.2700,415.5100,399.8477,62122300
2023-05-02,414.7700,414.8200,407.8200,410.8400,395.3537,103998500
2023-05-03,411.3600,413.8700,407.7700,408.0200,392.6400,91531800
2023-05-04,406.9300,407.2700,403.7400,405.1300,389.8590,94901900
2023-05-05,408.9100,413.7200,408.6400,412.6300,397.0763,87891800
2023-05-08,412.9700,413.2400,411.2800,412.7400,397.1822,50046800
2023-05-09,411.1300,412.0900,410.6900,410.9300,395.4404,49220100
2023-05-10,413.8800,414.5400,408.8700,412.8500,397.2881,96142900
2023-05-11,411.9500,412.4300,409.9700,412.1300,396.5952,70157100
2023-05-12,413.4200,413.6400,409.0700,411.5900,396.0755,70481500
2023-05-15,412.2200,413.4300,410.2300,413.0100,397.4420,54289400
2023-05-16,411.8600,412.8200,410.2400,410.2500,394.7860,57705500
2023-05-17,412.3500,415.8600,410.6400,415.2300,399.5783,87287000
2023-05-18,414.9000,419.6700,414.6700,419.2300,403.4276,97177200
2023-05-19,420.1700,420.7200,417.3500,418.6200,402.8405,103793300
2023-05-22,418.6400,420.3900,417.3500,418.7900,403.0041,60745400
2023-05-23,417.0800,418.7200,413.6800,414.0900,398.4813,86383500
2023-05-24,412.4200,412.8200,409.8800,411.0900,395.5943,89213700
2023-05-25,414.7400,416.1600,412.4100,414.6500,399.0202,90961600
2023-05-26,415.3300,420.7700,415.2500,420.0200,404.1878,93830000
2023-05-30,422.0300,422.5800,418.7400,420.1800,404.3417,72216000
2023-05-31,418.2800,419.2200,416.2200,417.8500,402.0996,110811800
2023-06-01,418.0900,422.9200,416.7900,421.8200,405.9199,88865000
2023-06-02,424.5000,428.7400,423.9500,427.9200,411.7899,91426200
2023-06-05,428.2800,429.6200,426.3700,427.1000,411.0009,65460200
2023-06-06,426.6700,428.5800,425.9900,428.0300,411.8958,64022200
2023-06-07,428.4400,429.6200,426.1100,426.5500,410.4716,85373300
2023-06-08,426.6200,429.6000,425.8200,429.1300,412.9544,61952800
2023-06-09,429.9600,431.9900,428.8700,429.9000,413.6953,85742800
2023-06-12,430.9200,433.8800,430.1700,433.8000,417.4483,76104300
2023-06-13,435.3200,437.3300,434.6300,436.6600,420.2004,95899700
2023-06-14,437.0100,439.0600,433.5900,437.1800,420.7009,100612100
2023-06-15,436.3300,443.9000,436.2300,442.6000,425.9166,110303100
2023-06-16,443.0200,443.6100,438.9700,439.4600,424.4659,114165800
2023-06-20,437.4500,438.3700,435.0300,437.1800,422.2637,76160400
2023-06-21,436.1600,436.9900,434.3300,434.9400,420.1001,76982300
2023-06-22,433.9500,436.6200,433.6000,436.5100,421.6165,70637200
2023-06-23,432.9300,435.0600,432.4700,433.2100,418.4291,92074500
2023-06-26,432.6200,434.6100,431.1900,431.4400,416.7195,72823600
2023-06-27,432.3500,436.8100,431.8800,436.1700,421.2881,72813700
2023-06-28,435.0500,437.4400,434.4100,436.3900,421.5006,75636000
2023-06-29,435.9600,438.2800,435.5400,438.1100,423.1619,67882300
2023-06-30,441.4400,444.3000,441.1100,443.2800,428.1555,104964000
2023-07-03,442.9200,444.0800,442.6300,443.7900,428.6482,32793400
2023-07-05,441.9100,443.8900,441.9000,443.1300,428.0107,58418400
2023-07-06,439.4200,440.1000,437.0600,439.6600,424.6591,80658300
2023-07-07,438.6300,442.6400,438.3000,438.5500,423.5869,86134200
2023-07-10,438.1800,439.8400,437.5900,439.6600,424.6591,62443500
2023-07-11,440.4500,442.9700,439.4400,442.4600,427.3635,64463800
2023-07-12,446.3900,447.4800,444.9100,446.0200,430.8021,91924500
2023-07-13,447.9000,450.3800,447.4500,449.5600,434.2213,72425200
2023-07-14,450.4800,451.3600,448.4900,449.2800,433.9508,69815800
2023-07-17,449.1300,451.9300,449.0800,450.8400,435.4576,52680200
2023-07-18,450.5000,454.8600,450.0500,454.1900,438.6933,80668200
2023-07-19,455.0100,456.4300,454.1100,455.2000,439.6689,65891700
2023-07-20,454.1700,455.1000,451.4400,452.1800,436.7519,70591600
2023-07-21,453.9600,454.1700,452.1700,452.1800,436.7519,71275600
2023-07-24,453.3700,455.0400,452.3000,454.2000,438.7029,54023400
2023-07-25,453.9200,456.7400,453.8700,455.4400,439.9006,55191200
2023-07-26,454.4700,456.9900,453.3800,455.5100,439.9683,71052900
2023-07-27,459.0200,459.4400,451.5500,452.4900,437.0513,92194400
2023-07-28,455.8800,457.7800,452.4900,456.9200,441.3302,80011800
2023-07-31,457.4100,458.1600,456.0500,457.7900,442.1705,62040400
2023-08-01,456.2700,457.2500,455.4900,456.4800,440.9052,55291500
2023-08-02,453.2500,453.5200,449.3500,450.1300,434.7719,93933400
2023-08-03,448.0400,450.7900,447.3700,448.8400,433.5258,64276100
2023-08-04,450.7200,452.9000,446.2700,446.8100,431.5650,100128900
2023-08-07,448.7100,450.8700,447.9900,450.7100,435.3320,58357500
2023-08-08,448.0800,450.7000,445.2700,448.7500,433.4389,71361300
2023-08-09,449.0300,449.2000,444.9600,445.7500,430.5413,78789600
2023-08-10,448.1900,451.7000,444.7000,445.9100,430.6958,93005500
2023-08-11,443.9700,446.7000,443.3500,445.6500,430.4447,68690900
2023-08-14,444.7000,448.1100,444.3800,448.1100,432.8207,47867400
2023-08-15,446.2700,446.6400,442.3000,442.8900,427.7789,75707500
2023-08-16,442.4600,444.1800,439.5300,439.6400,424.6398,80107200
2023-08-17,441.1600,441.4300,435.7500,436.2900,421.4040,95711300
2023-08-18,433.3700,437.5700,433.0100,436.5000,421.6069,98852000
2023-08-21,437.5500,440.1100,435.3200,439.3400,424.3500,68719000
2023-08-22,441.1800,441.1800,437.5700,438.1500,423.2005,64994200
2023-08-23,439.2500,443.6700,439.1000,443.0300,427.9141,68441000
2023-08-24,444.6900,445.2200,436.8600,436.8900,421.9836,88517300
2023-08-25,438.6800,441.3000,435.0000,439.9700,424.9585,102325100
2023-08-28,442.2400,443.4000,439.9700,442.7600,427.6533,61595400
2023-08-29,442.6500,449.4500,442.4600,449.1600,433.8349,83081900
2023-08-30,449.5100,451.6700,448.7800,451.0100,435.6218,69053900
2023-08-31,451.6500,452.8300,450.1600,450.3500,434.9843,66084600
2023-09-01,453.1700,453.6700,449.6800,451.1900,435.7956,58944100
2023-09-05,450.7300,451.0600,449.1700,449.2400,433.9121,55166200
2023-09-06,448.4000,448.5100,443.8100,446.2200,430.9952,70758500
2023-09-07,443.1100,445.5500,442.7500,444.8500,429.6720,70355400
2023-09-08,444.9000,447.1100,444.5300,445.5200,430.3191,61659700
2023-09-11,448.2400,448.7700,446.4700,448.4500,433.1491,60180100
2023-09-12,446.9500,448.5300,445.3900,445.9900,430.7730,67565400
2023-09-13,446.2200,447.7100,445.0800,446.5100,431.2753,60199300
2023-09-14,449.0700,451.0800,447.7200,450.3600,434.9940,83430800
2023-09-15,447.1400,447.4800,442.9200,443.3700,429.7531,111848900
2023-09-18,443.0500,444.9700,442.5600,443.6300,430.0051,55752200
2023-09-19,442.6800,443.2900,439.9400,442.7100,429.1133,66514600
2023-09-20,444.0100,444.4400,438.4300,438.6400,425.1683,82562600
2023-09-21,435.7000,435.9700,431.2300,431.3900,418.1410,104095800
2023-09-22,432.4500,434.1000,429.9900,430.4200,417.2007,100829700
2023-09-25,429.1700,432.2700,428.7200,432.2300,418.9552,70874500
2023-09-26,429.0900,429.8200,425.0200,425.8800,412.8002,96168400
2023-09-27,427.0900,427.6700,422.2900,426.0500,412.9649,104705800
2023-09-28,425.4800,430.2500,424.8700,428.5200,415.3591,92258300
2023-09-29,431.6700,431.8500,425.9100,427.4800,414.3510,115111300
2023-10-02,426.6200,428.6000,424.4600,427.3100,414.1862,83798600
2023-10-03,425.0600,427.3700,420.1800,421.5900,408.6419,103760600
2023-10-04,422.0700,425.4300,420.5600,424.6600,411.6176,87453000
2023-10-05,424.3600,425.3700,421.1700,424.5000,411.4626,70142700
2023-10-06,421.9700,431.1300,420.6000,429.5400,416.3478,113273300
2023-10-09,427.5800,432.8800,427.0100,432.2900,419.0133,80374400
2023-10-10,432.9400,437.2200,432.5300,434.5400,421.1943,78607300
2023-10-11,435.6400,436.5800,433.1800,436.3200,422.9196,62451700
2023-10-12,436.9500,437.3400,431.2300,433.6600,420.3413,81154200
2023-10-13,435.2100,436.4500,429.8800,431.5000,418.2476,95143100
2023-10-16,433.8200,437.1400,433.5700,436.0400,422.6482,75433200
2023-10-17,432.8100,438.1400,432.4500,436.0200,422.6287,75324700
2023-10-18,434.1900,435.1800,429.0900,430.2100,416.9972,93559800
2023-10-19,430.9500,432.8200,425.7300,426.4300,413.3333,121323000
2023-10-20,425.9800,426.5400,421.0800,421.1900,408.2542,123919900
2023-10-23,419.6100,424.4500,417.8000,420.4600,407.5466,92035100
2023-10-24,422.6500,424.8200,420.7400,423.6300,410.6193,78564200
2023-10-25,421.8900,421.9200,417.0200,417.5500,404.7260,94223200
2023-10-26,416.4500,417.3300,411.6000,412.5500,399.8796,115156800
2023-10-27,414.1900,414.6000,409.2100,410.6800,398.0670,107367700
2023-10-30,413.5600,416.6800,412.2200,415.5900,402.8262,86562700
2023-10-31,416.1800,418.5300,414.2100,418.2000,405.3561,79665200
2023-11-01,419.2000,423.5000,418.6500,422.6600,409.6791,98068100
2023-11-02,426.5800,430.9200,426.5600,430.7600,417.5303,94938900
2023-11-03,433.1400,436.2900,433.0100,434.6900,421.3396,100167800
2023-11-06,435.4700,436.1500,433.6800,435.6900,422.3089,67831700
2023-11-07,435.6900,437.5900,434.5100,436.9300,423.5108,64256100
2023-11-08,437.5500,438.0900,434.8700,437.2500,423.8210,61746000
2023-11-09,438.4300,438.4700,433.4000,433.8400,420.5157,83174400
2023-11-10,435.9800,440.9300,433.8300,440.6100,427.0779,89462200
2023-11-13,439.2300,441.3300,438.4200,440.1900,426.6707,52236100
2023-11-14,446.3200,450.0600,446.0900,448.7300,434.9484,97176900
2023-11-15,450.1100,451.3800,448.8000,449.6800,435.8692,77327600
2023-11-16,449.2200,450.5600,448.1200,450.2300,436.4024,66665800
2023-11-17,450.2400,451.4200,449.2900,450.7900,436.9451,83133200
2023-11-20,450.5300,455.1300,450.5200,454.2600,440.3086,69936200
2023-11-21,453.1800,454.1300,451.9600,453.2700,439.3490,49244600
2023-11-22,454.9800,456.3800,453.8900,455.0200,441.0452,59394900
2023-11-24,455.0700,455.5000,454.7300,455.3000,441.3166,29737400
2023-11-27,454.6500,455.4900,454.0800,454.4800,440.5218,50506000
2023-11-28,454.0800,456.2700,453.5000,454.9300,440.9580,62115000
2023-11-29,457.1500,458.3200,454.2000,454.6100,440.6478,63146000
2023-11-30,455.4800,456.7600,453.3400,456.4000,442.3828,79752700
2023-12-01,455.7700,459.6500,455.1600,459.1000,444.9999,89183400
2023-12-04,455.6000,459.1200,454.3400,456.6900,442.6639,72430900
2023-12-05,455.2600,457.5900,454.8700,456.6000,442.5767,69793500
2023-12-06,458.8100,458.8400,454.3100,454.7600,440.7932,69124700
2023-12-07,456.9100,458.9000,456.2900,458.2300,444.1566,66995400
2023-12-08,457.4600,460.7500,457.2100,460.2000,446.0662,83194400
2023-12-11,459.6900,462.1700,459.4700,461.9900,447.8011,65002200
2023-12-12,461.6300,464.2000,460.6000,464.1000,449.8463,68327600
2023-12-13,464.4900,470.7600,464.1200,470.5000,456.0498,93278000
2023-12-14,472.5000,473.7300,469.2500,472.0100,457.5134,119026000
2023-12-15,469.4900,470.7000,467.4300,469.3300,456.7601,141553700
2023-12-18,470.9800,472.9800,469.8900,471.9700,459.3294,70375300
2023-12-19,472.5300,474.9200,472.4500,474.8400,462.1225,55761800
2023-12-20,473.9600,475.9000,467.8200,468.2600,455.7188,102921000
2023-12-21,471.3300,472.9800,468.8400,472.7000,460.0399,86667500
2023-12-22,473.8600,475.3800,471.7000,473.6500,460.9644,67160400
2023-12-26,474.0700,476.5800,473.9900,475.6500,462.9109,55387000
2023-12-27,475.4400,476.6600,474.8900,476.5100,463.7478,68000300
2023-12-28,476.8800,477.5500,476.2600,476.6900,463.9230,77158100
2023-12-29,476.4900,477.0300,473.3000,475.3100,462.5800,122283100
2024-01-02,472.1600,473.6700,470.4900,472.6500,459.9912,123623700
2024-01-03,470.4300,471.1900,468.1700,468.7900,456.2346,103585900
2024-01-04,468.3000,470.9600,467.0500,467.2800,454.7650,84232200
2024-01-05,467.4900,470.4400,466.4300,467.9200,455.3879,86118900
2024-01-08,468.4300,474.7500,468.3000,474.6000,461.8889,74879100
2024-01-09,471.8700,474.9300,471.3500,473.8800,461.1883,65931400
2024-01-10,474.1600,477.4500,473.8700,476.5600,463.7965,67310600
2024-01-11,477.5900,478.1200,472.2600,476.3500,463.5921,77940700
2024-01-12,477.8400,478.6000,475.2300,476.6800,463.9133,58026400
2024-01-16,475.2600,476.6100,473.0600,474.9300,462.2102,85014900
2024-01-17,471.8200,472.7900,469.8700,472.2900,459.6409,68843900
2024-01-18,474.0100,477.0600,472.4200,476.4900,463.7283,91856200
2024-01-19,477.6500,482.7200,476.5400,482.4300,469.5092,110834500
2024-01-22,484.0100,485.2200,482.7800,483.4500,470.5020,75844900
2024-01-23,484.0100,485.1100,482.8900,484.8600,471.8742,49945300
2024-01-24,487.8100,488.7700,484.8800,485.3900,472.3900,81765000
2024-01-25,487.5800,488.3100,485.3900,488.0300,474.9593,72525000
2024-01-26,487.5900,489.1200,486.5400,487.4100,474.3559,76641600
2024-01-29,487.7300,491.4200,487.1700,491.2700,478.1125,61322800
2024-01-30,490.5600,491.6200,490.1100,490.8900,477.7426,58618400
2024-01-31,488.6200,489.0800,482.8600,482.8800,469.9473,126011100
2024-02-01,484.6300,489.2300,483.8000,489.2000,476.0980,91891600
2024-02-02,489.6500,496.0500,489.3000,494.3500,481.1100,99228200
2024-02-05,493.7000,494.3800,490.2300,492.5500,479.3582,75757100
2024-02-06,493.5200,494.3200,492.0500,493.9800,480.7499,55918600
2024-02-07,496.2900,498.5300,495.3600,498.1000,484.7596,70556500
2024-02-08,498.1000,498.7100,497.2600,498.3200,484.9737,52343600
2024-02-09,498.8400,501.6500,498.4900,501.2000,487.7766,63979400
2024-02-12,501.1700,503.5000,500.2400,500.9800,487.5625,56502300
2024-02-13,494.5300,497.0900,490.7200,494.0800,480.8472,113099200
2024-02-14,496.7900,499.0700,494.4000,498.5700,485.2170,68387800
2024-02-15,499.2900,502.2000,498.8000,502.0100,488.5649,61683000
2024-02-16,501.7000,502.8700,498.7500,499.5100,486.1318,75532900
2024-02-20,497.7200,498.4100,494.4500,496.7600,483.4555,71736700
2024-02-21,495.4200,497.3700,493.5600,497.2100,483.8934,59293400
2024-02-22,504.0100,508.4900,503.0200,507.5000,493.9078,76402500
2024-02-23,509.2700,510.1300,507.1000,507.8500,494.2485,61321800
2024-02-26,508.3000,508.7500,505.8600,505.9900,492.4383,50386700
2024-02-27,506.7000,507.1600,504.7500,506.9300,493.3531,48854500
2024-02-28,505.3300,506.8600,504.9600,506.2600,492.7010,56506600
2024-02-29,508.0700,509.7400,505.3500,508.0800,494.4723,83924800
2024-03-01,508.9800,513.2900,508.5600,512.8500,499.1145,76844800
2024-03-04,512.0300,514.2000,512.0000,512.3000,498.5793,49799300
2024-03-05,510.2400,510.7000,504.9100,507.1800,493.5964,72855600
2024-03-06,510.5500,512.0700,508.4200,509.7500,496.0976,68382400
2024-03-07,513.1400,515.8900,509.8100,514.8100,501.0221,58652100
2024-03-08,515.4600,518.2200,511.1300,511.7200,498.0148,86532500
2024-03-11,510.4800,511.8800,508.5000,511.2800,497.5866,62557200
2024-03-12,513.4500,517.3800,510.8600,516.7800,502.9394,73114400
2024-03-13,517.1100,517.2900,514.4900,515.9700,502.1509,55104100
2024-03-14,516.9700,517.1300,511.8200,514.9500,501.1583,110171800
2024-03-15,510.2100,511.7000,508.1200,509.8300,497.7170,107646300
2024-03-18,514.0000,515.4800,512.4400,512.8600,500.6751,88893300
2024-03-19,512.1500,516.0000,511.1200,515.7100,503.4574,60755300
2024-03-20,515.7700,520.6200,515.0800,520.4800,508.1140,69594600
2024-03-21,523.3900,524.1100,521.9100,522.2000,509.7932,60256100
2024-03-22,522.1100,522.6100,520.9700,521.2100,508.8267,79070800
2024-03-25,519.8000,520.9500,519.6100,519.7700,507.4210,48512100
2024-03-26,521.2300,521.5800,518.4000,518.8100,506.4837,65463700
2024-03-27,521.7100,523.2100,519.4900,523.1700,510.7401,82999800
2024-03-28,523.2100,524.6100,522.7800,523.0700,510.6425,96294900
2024-04-01,523.8300,524.3800,520.9700,522.1600,509.7541,62477500
2024-04-02,518.2400,518.9800,516.4800,518.8400,506.5130,74230300
2024-04-03,517.7200,520.9500,517.6700,519.4100,507.0695,59155800
2024-04-04,523.5200,523.8700,512.7600,513.0700,500.8801,96858100
2024-04-05,514.4600,520.4400,514.0100,518.4300,506.1127,74546500
2024-04-08,519.1500,520.1800,517.8900,518.7200,506.3958,48401800
2024-04-09,520.5000,520.7500,514.3500,519.3200,506.9816,68049200
2024-04-10,513.4800,516.1600,512.0900,514.1200,501.9051,82652800
2024-04-11,515.6800,519.4800,512.0800,518.0000,505.6930,70099000
2024-04-12,514.3700,515.8200,509.0800,510.8500,498.7128,92561100
2024-04-15,515.1300,515.3000,503.5800,504.4500,492.4649,92101400
2024-04-16,504.9400,506.5000,502.2100,503.5300,491.5667,73484000
2024-04-17,506.0500,506.2200,499.1200,500.5500,488.6576,75910300
2024-04-18,501.9800,504.1300,498.5600,499.5200,487.6520,74548100
2024-04-19,499.4400,500.4600,493.8600,495.1600,483.3956,102212600
2024-04-22,497.8300,502.3800,495.4300,499.7200,487.8473,67961000
2024-04-23,501.7800,506.0900,499.5300,505.6500,493.6364,64633600
2024-04-24,506.5600,507.3700,503.1300,505.4100,493.4021,55928100
2024-04-25,499.1800,504.2700,497.4900,503.4900,491.5277,69122400
2024-04-26,506.3500,509.8800,505.7000,508.2600,496.1844,64306100
2024-04-29,510.0900,510.7500,507.2500,510.0600,497.9416,46415400
2024-04-30,508.5600,509.5600,501.9800,501.9800,490.0536,77483600
2024-05-01,501.3800,508.1900,499.8700,500.3500,488.4623,80242800
2024-05-02,504.1500,505.8900,499.5500,505.0300,493.0311,62550200
2024-05-03,511.1600,512.5500,508.5600,511.2900,499.1424,72756700
2024-05-06,513.7500,516.6100,513.3000,516.5700,504.2969,47264700
2024-05-07,517.5600,518.5700,516.4500,517.1400,504.8535,52561300
2024-05-08,515.2600,517.7400,515.1400,517.1900,504.9021,42047200
2024-05-09,517.3800,520.2100,516.7100,520.1700,507.8114,43643700
2024-05-10,521.8100,522.6400,519.5900,520.8400,508.4655,52233200
2024-05-13,522.5600,522.6700,519.7400,520.9100,508.5338,36716400
2024-05-14,521.1100,523.8300,520.5600,523.3000,510.8670,57535900
2024-05-15,525.8300,530.0800,525.1800,529.7800,517.1931,59504900
2024-05-16,529.8800,531.5200,528.5400,528.6900,516.1289,50244800
2024-05-17,528.8100,529.5200,527.3200,529.4500,516.8709,59187600
2024-05-20,529.5700,531.5600,529.1700,530.0600,517.4664,37764200
2024-05-21,529.2800,531.5200,529.0700,531.3600,518.7355,33437000
2024-05-22,530.6500,531.3800,527.6000,529.8300,517.2419,48390000
2024-05-23,532.9600,533.0700,524.7200,525.9600,513.4639,57211200
2024-05-24,527.8500,530.2700,526.8800,529.4400,516.8613,41291100
2024-05-28,530.2700,530.5100,527.1100,529.8100,517.2224,36269600
2024-05-29,525.6800,527.3100,525.3700,526.1000,513.6005,45190300
2024-05-30,524.5200,525.2000,521.3300,522.6100,510.1935,46377600
2024-05-31,523.5900,527.5000,518.3600,527.3700,514.8403,90785800
2024-06-03,529.0200,529.3100,522.6000,527.8000,515.2602,46835700
2024-06-04,526.4600,529.1500,524.9600,528.3900,515.8361,34632700
2024-06-05,530.7700,534.6900,528.7300,534.6700,521.9669,47610400
2024-06-06,534.9800,535.4200,532.6800,534.6600,521.9572,30808500
2024-06-07,533.6600,536.8900,532.5400,534.0100,521.3226,43224500
2024-06-10,533.1800,535.9900,532.5700,535.6600,522.9333,35686100
2024-06-11,534.0700,537.0100,532.0500,536.9500,524.1926,36383400
2024-06-12,541.6300,544.1200,540.3000,541.3600,528.4980,63251300
2024-06-13,543.1500,543.3300,539.5900,542.4500,529.5621,44760900
2024-06-14,540.8800,542.8100,539.8500,542.7800,529.8843,40089900
2024-06-17,542.0800,548.5300,541.6100,547.1000,534.1016,55839500
2024-06-18,547.1600,548.6200,546.7300,548.4900,535.4586,41376400
2024-06-20,549.4400,550.1200,545.1800,547.0000,534.0040,70328200
2024-06-21,544.4000,545.6500,543.0200,544.5100,533.2880,64338600
2024-06-24,544.3300,546.9500,542.6200,542.7400,531.5546,45528700
2024-06-25,543.9900,545.2000,542.4400,544.8300,533.6015,37936200
2024-06-26,543.6900,546.2400,543.0300,545.5100,534.2675,38550600
2024-06-27,545.3700,546.9600,544.6100,546.3700,535.1097,35041500
2024-06-28,547.1600,550.2800,542.9500,544.2200,533.0040,76144500
2024-07-01,545.6300,545.8800,542.5200,545.3400,534.1010,40297800
2024-07-02,543.7000,549.0100,543.6500,549.0100,537.6953,40434800
2024-07-03,548.6900,551.8300,548.6500,551.4600,540.0948,32789900
2024-07-05,551.7700,555.0500,551.1200,554.6400,543.2093,41488400
2024-07-08,555.4400,556.2500,554.1900,555.2800,543.8361,36110500
2024-07-09,556.2600,557.1800,555.5200,555.8200,544.3650,27289700
2024-07-10,557.0700,561.6700,556.7700,561.3200,549.7516,38701200
2024-07-11,561.4400,562.3300,555.8300,556.4800,545.0113,53054200
2024-07-12,557.6300,563.6700,557.1500,559.9900,548.4490,53084400
2024-07-15,562.0300,564.8400,559.6300,561.5300,549.9573,40584300
2024-07-16,562.8700,565.1600,562.1000,564.8600,553.2186,36475300
2024-07-17,558.8000,560.5100,556.6100,556.9400,545.4619,57119000
2024-07-18,558.5100,559.5200,550.4300,552.6600,541.2701,56270400
2024-07-19,552.4200,554.0800,547.9100,548.9900,537.6757,65509100
2024-07-22,553.0000,555.2700,551.0200,554.6500,543.2192,43346700
2024-07-23,554.5400,556.7400,553.2800,553.7800,542.3671,34439600
2024-07-24,548.8600,549.1700,540.2900,541.2300,530.0755,74515300
2024-07-25,541.3500,547.4600,537.4500,538.4100,527.3137,61158300
2024-07-26,542.2800,547.1900,541.4900,544.4400,533.2194,53763800
2024-07-29,546.0200,547.0500,542.7200,544.7600,533.5329,39515800
2024-07-30,546.2600,547.3400,538.5200,542.0000,530.8298,46853600
2024-07-31,548.9800,553.5000,547.5800,550.8100,539.4581,65663400
2024-08-01,552.5700,554.8700,539.4300,543.0100,531.8190,76428700
2024-08-02,535.7500,536.9900,528.6000,532.9000,521.9174,82789100
2024-08-05,511.6400,523.5800,510.2700,517.3800,506.7172,146267400
2024-08-06,519.2200,529.7500,517.8700,522.1500,511.3888,84826300
2024-08-07,528.4700,531.5900,518.0500,518.6600,507.9708,70698300
2024-08-08,523.9100,531.2900,521.8400,530.6500,519.7137,63276600
2024-08-09,529.8100,534.5100,528.5600,532.9900,522.0055,45619600
2024-08-12,534.2100,535.7300,530.9500,533.2700,522.2797,42542100
2024-08-13,536.5300,542.2800,536.2800,542.0400,530.8689,52333100
2024-08-14,542.8500,544.9600,540.1200,543.7500,532.5436,42446900
2024-08-15,549.5000,553.3600,548.8800,553.0700,541.6716,60846800
2024-08-16,551.4200,555.0200,551.2600,554.3100,542.8861,44430700
2024-08-19,554.7300,559.6100,553.8600,559.6100,548.0769,39121800
2024-08-20,559.1500,560.8400,557.3300,558.7000,547.1856,33732300
2024-08-21,559.7700,562.1100,554.7300,560.6200,549.0659,41514600
2024-08-22,562.5600,563.1800,554.9800,556.2200,544.7567,56121500
2024-08-23,559.5300,563.0900,557.2900,562.1300,550.5450,50639400
2024-08-26,563.1800,563.9100,559.0500,560.7900,549.2325,35788600
2024-08-27,559.4900,562.0600,558.3200,561.5600,549.9866,32693900
2024-08-28,561.2100,561.6500,555.0400,558.3000,546.7938,41066000
2024-08-29,560.3100,563.6800,557.1800,558.3500,546.8428,38715200
2024-08-30,560.7700,564.2000,557.1400,563.6800,552.0630,62700100
2024-09-03,560.4700,560.8100,549.5100,552.0800,540.7021,60600100
2024-09-04,550.2000,554.4300,549.4600,550.9500,539.5953,47224900
2024-09-05,550.8900,553.8000,547.1000,549.6100,538.2829,44264300
2024-09-06,549.9400,551.6000,539.4400,540.3600,529.2235,68493800
2024-09-09,544.6500,547.7100,542.6800,546.4100,535.1489,40445800
2024-09-10,548.3600,549.1500,543.3800,548.7900,537.4797,36394600
2024-09-11,548.7000,555.3600,539.9600,554.4200,542.9938,75248600
2024-09-12,555.0100,559.4000,552.7400,559.0900,547.5675,51819600
2024-09-13,559.7100,563.0300,559.4500,562.0100,550.4274,39310500
2024-09-16,561.7400,563.1100,559.9000,562.8400,551.2403,36656100
2024-09-17,565.1000,566.5800,560.7900,563.0700,551.4655,49321000
2024-09-18,563.7400,568.6900,560.8300,561.4000,549.8300,59044900
2024-09-19,571.0100,572.8800,568.0800,570.9800,559.2125,75315500
2024-09-20,567.8400,569.3100,565.1700,568.2500,558.2458,77503100
2024-09-23,569.3400,570.3300,568.1000,569.6700,559.6408,44116900
2024-09-24,570.4800,571.3600,567.6000,571.3000,561.2421,46805700
2024-09-25,571.1400,571.8900,568.9100,570.0400,560.0042,38428600
2024-09-26,574.3800,574.7100,569.9000,572.3000,562.2245,48336000
2024-09-27,573.3900,574.2200,570.4200,571.4700,561.4091,42100900
2024-09-30,570.4200,574.3800,568.0800,573.7600,563.6588,63557400
2024-10-01,573.4000,574.0600,566.0000,568.6200,558.6094,72668800
2024-10-02,567.7100,569.9000,565.2700,568.8600,558.8450,38097800
2024-10-03,567.3600,569.8000,565.4900,567.8200,557.8234,40846500
2024-10-04,572.3500,573.3600,568.1000,572.9800,562.8926,42939100
2024-10-07,571.3000,571.9600,566.6300,567.8000,557.8037,49964700
2024-10-08,570.4200,573.7800,569.5300,573.1700,563.0792,37398700
2024-10-09,573.1600,577.7100,572.5500,577.1400,566.9793,37912200
2024-10-10,575.7700,577.5800,574.4900,576.1300,565.9871,44138100
2024-10-11,576.0500,580.3300,575.9100,579.5800,569.3763,42268000
2024-10-14,581.2200,585.2700,580.7300,584.3200,574.0329,36217200
2024-10-15,584.5900,584.9000,578.5400,579.7800,569.5729,54203600
2024-10-16,579.7800,582.8300,578.9600,582.3000,572.0485,30725400
2024-10-17,585.9100,586.1200,582.1600,582.3500,572.0976,34393700
2024-10-18,584.0700,585.3900,582.5800,584.5900,574.2982,37416800
2024-10-21,583.8500,584.8500,580.6000,583.6300,573.3551,36439000
2024-10-22,581.0500,584.5000,580.3800,583.3200,573.0505,34183800
2024-10-23,581.2600,581.7100,574.4200,577.9900,567.8143,49314600
2024-10-24,579.9800,580.0600,576.5700,579.2400,569.0424,34979900
2024-10-25,581.5100,584.4600,578.0800,579.0400,568.8459,47268200
2024-10-28,582.5800,582.7100,580.5200,580.8300,570.6044,30174700
2024-10-29,579.8500,582.9100,578.4300,581.7700,571.5278,42899700
2024-10-30,581.2900,583.3200,579.2900,580.0100,569.7988,41435800
2024-10-31,575.5600,575.6300,568.4400,568.6400,558.6290,60182500
2024-11-01,571.3200,575.5500,570.6200,571.0400,560.9867,45667500
2024-11-04,571.1800,572.5000,567.8900,569.8100,559.7783,38217000
2024-11-05,570.7400,576.7400,570.5200,576.7000,566.5471,39478300
2024-11-06,589.2000,591.9300,585.3900,591.0400,580.6346,68182000
2024-11-07,593.0800,596.6500,593.0000,595.6100,585.1241,47233200
2024-11-08,596.1700,599.6400,596.1700,598.1900,587.6587,46444900
2024-11-11,599.8100,600.1700,597.0000,598.7600,588.2186,37586800
2024-11-12,598.6800,599.2900,594.3700,596.9000,586.3915,43006100
2024-11-13,597.3700,599.2300,594.9600,597.1900,586.6764,47388600
2024-11-14,597.3200,597.8100,592.6500,593.3500,582.9040,38904100
2024-11-15,589.7200,590.2000,583.8600,585.7500,575.4378,75988800
2024-11-18,586.2200,589.4900,585.3400,588.1500,577.7955,37001700
2024-11-19,584.7100,591.0400,584.0300,590.3000,579.9075,49412000
2024-11-20,590.3800,590.7900,584.6300,590.5000,580.1041,50032600
2024-11-21,593.4000,595.1200,587.4500,593.6700,583.2183,46750300
2024-11-22,593.6600,596.1500,593.1500,595.5100,585.0259,38226400
2024-11-25,599.5200,600.8600,595.2000,597.5300,587.0103,42441400
2024-11-26,598.8000,601.3300,598.0700,600.6500,590.0754,45621300
2024-11-27,600.4600,600.8500,597.2800,598.8300,588.2875,34000200
2024-11-29,599.6600,603.3500,599.3800,602.5500,591.9420,30177400
2024-12-02,602.9700,604.3200,602.4700,603.6300,593.0030,31746000
2024-12-03,603.3900,604.1600,602.3400,603.9100,593.2780,26906600
2024-12-04,605.6300,607.9100,604.9500,607.6600,596.9620,42787600
2024-12-05,607.6600,608.4800,606.3000,606.6600,595.9796,28762200
2024-12-06,607.4400,609.0700,607.0200,607.8100,597.1094,31241500
2024-12-09,607.6900,607.8600,604.0800,604.6800,594.0344,34742700
2024-12-10,605.3700,605.8000,602.1300,602.8000,592.1875,37234500
2024-12-11,605.7800,608.4300,605.5000,607.4600,596.7655,28677700
2024-12-12,606.5800,607.1600,604.3300,604.3300,593.6906,31543800
2024-12-13,606.4000,607.1300,602.8100,604.2100,593.5729,35904700
2024-12-16,606.0000,607.7800,605.2100,606.7900,596.1073,43695200
2024-12-17,604.1900,605.1700,602.8900,604.2900,593.6513,55773500
2024-12-18,603.9800,606.4100,585.8900,586.2800,575.9584,108248700
2024-12-19,591.3600,593.0000,585.8500,586.1000,575.7816,85919500
2024-12-20,581.7700,595.7500,580.9100,591.1500,582.6973,125716700
2024-12-23,590.8900,595.3000,587.6600,594.6900,586.1866,57635800
2024-12-24,596.0600,601.3400,595.4700,601.3000,592.7021,33160100
2024-12-26,599.5000,602.4800,598.0800,601.3400,592.7416,41219100
2024-12-27,597.5400,597.7800,590.7600,595.0100,586.5020,64969300
2024-12-30,587.8900,591.7400,584.4100,588.2200,579.8091,56578800
2024-12-31,589.9100,590.6400,584.4200,586.0800,577.6998,57052700
2025-01-02,589.3900,591.1300,580.5000,584.6400,576.2803,50204000
2025-01-03,587.5300,592.6000,586.4300,591.9500,583.4858,37888500
2025-01-06,596.2700,599.7000,593.6000,595.3600,586.8470,47679400
2025-01-07,597.4200,597.7500,586.7800,588.6300,580.2133,60393100
2025-01-08,588.7000,590.5800,585.2000,589.4900,581.0609,47304700
2025-01-10,585.8800,585.9500,578.5500,580.4900,572.1896,73105000
2025-01-13,575.7700,581.7500,575.3500,581.3900,573.0768,47910100
2025-01-14,584.3600,585.0000,578.3500,582.1900,573.8654,48420600
2025-01-15,590.3300,593.9400,589.2000,592.7800,584.3040,56900200
2025-01-16,594.1700,594.3500,590.9300,591.6400,583.1802,43319700
2025-01-17,596.9600,599.3600,595.6100,597.5800,589.0353,58070600
2025-01-21,600.6700,603.0600,598.6700,603.0500,594.4271,42532900
2025-01-22,605.9200,607.8200,605.3600,606.4400,597.7686,48196000
2025-01-23,605.8000,609.7500,605.5200,609.7500,601.0313,41152100
2025-01-24,609.8100,610.7800,606.8000,607.9700,599.2767,34604700
2025-01-27,594.8100,599.6900,594.6400,599.3700,590.7997,70361100
2025-01-28,600.6200,605.3700,597.2500,604.5200,595.8761,44433300
2025-01-29,603.7200,604.1300,599.2200,601.8100,593.2048,37177400
2025-01-30,603.9600,606.6000,600.7200,605.0400,596.3886,39281300
2025-01-31,607.5000,609.9600,601.0500,601.8200,593.2148,66566900
2025-02-03,592.6700,600.2900,590.4900,597.7700,589.2226,65857200
2025-02-04,597.8300,602.3000,597.2800,601.7800,593.1753,33457800
2025-02-05,600.6400,604.3700,598.5800,604.2200,595.5803,30653100
2025-02-06,605.9900,606.4500,602.6300,606.3200,597.6504,35771500
2025-02-07,606.8900,608.1300,600.0500,600.7700,592.1797,50788500
2025-02-10,604.0300,605.5000,602.7400,604.8500,596.2014,26048700
2025-02-11,602.5500,605.8600,602.4300,605.3100,596.6548,30056700
2025-02-12,599.2000,604.5500,598.5100,603.3600,594.7327,45076100
2025-02-13,604.4800,609.9400,603.2000,609.7300,601.0116,40921300
2025-02-14,609.9400,610.9900,609.0700,609.7000,600.9820,26910400
2025-02-18,610.8800,611.4900,608.3800,611.4900,602.7464,26749000
2025-02-19,610.0800,613.2300,609.5600,612.9300,604.1658,31011100
2025-02-20,611.5400,611.6800,607.0200,610.3800,601.6523,36554000
2025-02-21,610.1600,610.3000,599.4700,599.9400,591.3616,76519800
2025-02-24,602.0200,603.0300,596.4900,597.2100,588.6707,50737200
2025-02-25,597.1500,597.8900,589.5600,594.2400,585.7430,58266500
2025-02-26,595.9300,599.5800,591.8600,594.5400,586.0388,43321600
2025-02-27,596.8500,598.0200,584.6500,585.0500,576.6844,74196700
2025-02-28,585.5600,594.7200,582.4400,594.1800,585.6840,88744100
2025-03-03,596.1800,597.3400,579.9000,583.7700,575.4227,74249200
2025-03-04,579.7100,585.3900,572.2500,576.8600,568.6116,109648200
2025-03-05,576.6900,584.8800,573.0800,583.0600,574.7230,71230500
2025-03-06,575.4800,580.1700,570.1200,572.7100,564.5210,80094900
2025-03-07,570.9000,577.3900,565.6300,575.9200,567.6851,81158800
2025-03-10,567.5900,569.5400,555.5900,560.5800,552.5644,99326600
2025-03-11,559.4000,564.0200,552.0200,555.9200,547.9709,88102100
2025-03-12,562.1700,563.1100,553.6900,558.8700,550.8788,69588200
2025-03-13,558.4900,559.1100,549.6800,551.4200,543.5353,74079400
2025-03-14,556.1100,563.8300,551.4900,562.8100,554.7625,62660300
2025-03-17,562.7900,569.7100,562.3500,567.1500,559.0405,49008700
2025-03-18,564.8000,565.0200,559.0600,561.0200,552.9982,66041400
2025-03-19,562.8300,570.9500,561.6300,567.1300,559.0207,66556000
2025-03-20,563.3300,570.5700,562.6000,565.4900,557.4042,62958200
2025-03-21,559.2800,564.8900,558.0300,563.9800,557.5881,83763000
2025-03-24,570.8000,575.1500,570.2000,574.0800,567.5736,58766800
2025-03-25,575.3000,576.4100,573.6900,575.4600,568.9380,38355700
2025-03-26,575.1900,576.3300,567.1900,568.5900,562.1458,51848300
2025-03-27,567.1800,570.9000,564.9400,567.0800,560.6530,42164200
2025-03-28,565.5300,566.2700,555.0700,555.6600,549.3624,71662700
2025-03-31,549.8300,560.7100,546.8700,559.3900,553.0501,95328200
2025-04-01,557.4500,562.9400,553.6800,560.9700,554.6121,54609600
2025-04-02,555.0500,567.4200,554.8100,564.5200,558.1219,76014500
2025-04-03,545.1100,547.9700,536.7000,536.7000,530.6173,125986000
2025-04-04,523.6700,525.8700,505.0600,505.2800,499.5533,217965100
2025-04-07,489.1900,523.1700,481.8000,504.3800,498.6635,256611400
2025-04-08,521.8600,524.9800,489.1600,496.4800,490.8531,165816600
2025-04-09,493.4400,548.6200,493.0500,548.6200,542.4022,241867300
2025-04-10,532.1700,533.5000,509.3200,524.5800,518.6347,162331200
2025-04-11,523.0100,536.4300,520.0700,533.9400,527.8885,97866300
2025-04-14,544.0500,544.2800,533.8600,539.1200,533.0098,68034000
2025-04-15,539.6700,543.2300,536.8100,537.6100,531.5168,56892900
2025-04-16,531.6800,537.8900,520.2900,525.6600,519.7024,83484800
2025-04-17,527.6400,531.1700,523.9100,526.4100,520.4438,79868100
2025-04-21,521.1600,521.7000,508.4600,513.8800,508.0558,69368100
2025-04-22,520.1400,529.3000,519.1900,527.2500,521.2744,75948100
2025-04-23,540.4300,545.4300,533.8800,535.4200,529.3517,90590700
2025-04-24,536.7200,547.4300,535.4500,546.6900,540.4941,64150400
2025-04-25,546.6500,551.0500,543.6900,550.6400,544.3992,61119600
2025-04-28,551.3900,553.5500,545.0200,550.8500,544.6069,47613800
2025-04-29,548.9100,555.4500,548.5500,554.3200,548.0375,47775100
2025-04-30,547.5700,556.5200,541.5200,554.5400,548.2551,93101500
2025-05-01,560.3700,564.0700,557.8600,558.4700,552.1405,63186100
2025-05-02,564.7300,568.3800,562.3800,566.7600,560.3365,60717300
2025-05-05,562.5700,566.6500,561.7000,563.5100,557.1234,38659200
2025-05-06,557.9300,563.3500,556.9600,558.8000,552.4667,48264700
2025-05-07,560.1500,563.8200,556.0400,561.1500,554.7902,55588000
2025-05-08,565.2400,570.3100,561.7000,565.0600,558.6558,65130800
2025-05-09,566.4800,567.5000,562.7600,564.3400,557.9440,37603400
2025-05-12,581.4700,583.0000,577.0400,582.9900,576.3826,78993600
2025-05-13,583.4100,589.0800,582.8400,586.8400,580.1890,67947200
2025-05-14,587.8100,588.9800,585.5400,587.5900,580.9305,66283500
2025-05-15,585.5600,590.9700,585.1000,590.4600,583.7679,71268100
2025-05-16,591.2500,594.5000,589.2800,594.2000,587.4656,76052100
2025-05-19,588.1000,595.5400,588.1000,594.8500,588.1082,68168500
2025-05-20,593.0900,594.0500,589.6000,592.8500,586.1309,60614500
2025-05-21,588.4400,592.5800,581.8200,582.8600,576.2542,95197700
2025-05-22,582.6600,586.6200,581.4100,583.0900,576.4814,70860400
2025-05-23,575.9800,581.8100,575.6000,579.1100,572.5466,76029000
2025-05-27,586.0700,591.3100,578.4300,591.1500,584.4502,72588500
2025-05-28,591.5600,592.7700,586.9900,587.7300,581.0688,68445500
2025-05-29,593.0600,593.2000,586.0700,590.0500,583.3625,69973300
2025-05-30,588.9300,591.1300,583.2400,589.3900,582.7101,90601200
2025-06-02,587.7600,592.7900,585.0600,592.7100,585.9925,61630500
2025-06-03,592.3400,597.0800,591.8500,596.0900,589.3342,63606200
2025-06-04,596.9600,597.9500,595.4900,595.9300,589.1759,57314200
2025-06-05,597.6300,599.0000,591.0500,593.0500,586.3286,92278700
2025-06-06,598.6600,600.8300,596.8600,599.1400,592.3495,66588700
2025-06-09,599.7200,601.2500,598.4900,599.6800,592.8834,53016400
2025-06-10,600.2200,603.4700,599.0900,603.0800,596.2449,66247000
2025-06-11,604.1900,605.0600,599.2700,601.3600,594.5444,73658200
2025-06-12,600.0100,603.7500,599.5200,603.7500,596.9073,64129000
2025-06-13,598.5000,601.8500,595.4800,597.0000,590.2338,89506000
2025-06-16,600.4000,604.4500,600.2200,602.6800,595.8494,79984100
2025-06-17,600.2100,601.7500,596.7600,597.5300,590.7578,82209400
2025-06-18,598.4400,601.2200,596.4700,597.4400,590.6689,76605000
2025-06-20,598.3800,599.4600,592.8600,594.2800,589.2816,94051400
2025-06-23,595.0400,600.5400,591.8900,600.1500,595.1022,87426000
2025-06-24,604.3300,607.8500,603.4100,606.7800,601.6765,67735300
2025-06-25,607.9100,608.6100,605.5400,607.1200,602.0136,62114800
2025-06-26,608.9900,612.3100,608.3700,611.8700,606.7236,78548400
2025-06-27,612.8800,616.3900,610.8300,614.9100,609.7380,86258400
2025-06-30,617.3800,619.2200,615.0400,617.8500,612.6534,92502500
2025-07-01,616.3600,618.8300,615.5200,617.6500,612.4551,70030100
2025-07-02,617.2400,620.4900,616.6100,620.4500,615.2315,66510400
2025-07-03,622.4500,626.2800,622.4300,625.3400,620.0804,51065800
2025-07-07,623.3600,624.0300,617.8700,620.6800,615.4595,74814500
2025-07-08,621.3500,622.1100,619.5200,620.3400,615.1224,59024600
2025-07-09,622.7700,624.7200,620.9100,624.0600,618.8111,66113300
2025-07-10,624.2000,626.8700,623.0100,625.8200,620.5563,57529000
2025-07-11,622.7400,624.8600,621.5300,623.6200,618.3748,63670200
2025-07-14,623.1600,625.1600,621.8000,624.8100,619.5547,51898500
2025-07-15,627.5200,627.8600,622.0600,622.1400,616.9073,74317300
2025-07-16,623.7400,624.7300,618.0500,624.2200,618.9697,88987500
2025-07-17,624.4000,628.4000,624.1800,628.0400,622.7576,68885700
2025-07-18,629.3000,629.4700,626.4600,627.5800,622.3015,65621600
2025-07-21,628.7700,631.5400,628.3400,628.7700,623.4815,63375000
2025-07-22,629.1000,629.7300,626.1900,628.8600,623.5707,60046300
2025-07-23,631.5500,634.2100,629.7300,634.2100,628.8758,70511000
2025-07-24,634.6000,636.1500,633.9900,634.4200,629.0840,71307100
2025-07-25,635.0900,637.5800,634.8400,637.1000,631.7415,56865400
2025-07-28,637.4800,638.0400,635.5400,636.9400,631.5828,54917100
2025-07-29,638.3500,638.6700,634.3400,635.2600,629.9169,60556300
2025-07-30,635.9200,637.6800,631.5400,634.4600,629.1237,80418900
2025-07-31,639.4600,639.8500,630.7700,632.0800,626.7637,103385200
2025-08-01,626.3000,626.3400,619.2900,621.7200,616.4907,140103600
2025-08-04,625.6700,631.2200,625.5800,631.1700,625.8613,73218000
2025-08-05,631.7900,632.6100,627.0400,627.9700,622.6882,68051400
2025-08-06,629.0500,633.4400,628.1300,632.7800,627.4578,64357500
2025-08-07,636.2400,636.9800,629.1100,632.2500,626.9322,74205800
2025-08-08,634.0600,637.6500,633.7400,637.1800,631.8207,64051600
2025-08-11,637.4600,638.9500,634.6600,635.9200,630.5714,58742300
2025-08-12,638.2900,642.8500,636.7900,642.6900,637.2845,64730800
2025-08-13,644.9100,646.1900,642.6800,644.8900,639.4659,60092800
2025-08-14,642.7900,645.6200,642.3400,644.9500,639.5254,59327500
2025-08-15,645.9900,646.0900,642.5200,643.4400,638.0281,68592500
2025-08-18,642.8600,644.0000,642.1800,643.3000,637.8893,43804900
2025-08-19,643.1200,644.1100,638.4800,639.8100,634.4286,69750700
2025-08-20,639.4000,639.6600,632.9500,638.1100,632.7429,88890300
2025-08-21,636.2800,637.9700,633.8100,635.5500,630.2045,54805800
2025-08-22,637.7600,646.5000,637.2500,645.3100,639.8824,84083200
2025-08-25,644.0400,645.2900,642.3500,642.4700,637.0662,51274300
2025-08-26,642.2000,645.5100,641.5700,645.1600,639.7336,51581600
2025-08-27,644.5700,647.3700,644.4200,646.6300,641.1913,48341100
2025-08-28,647.2400,649.4800,645.3400,648.9200,643.4620,61519500
2025-08-29,647.4700,647.8400,643.1400,645.0500,639.6246,74522200
2025-09-02,637.5000,640.4900,634.9200,640.2700,634.8848,81983500
2025-09-03,642.6700,644.2100,640.4600,643.7400,638.3256,70820900
2025-09-04,644.4200,649.1500,643.5100,649.1200,643.6603,65219200
2025-09-05,651.4800,652.2100,643.3300,647.2400,641.7961,85178900
2025-09-08,648.6200,649.8400,647.2300,648.8300,643.3727,63133100
2025-09-09,648.9700,650.8600,647.2200,650.3300,644.8602,66133900
2025-09-10,653.6200,654.5500,650.6300,652.2100,646.7244,78034500
2025-09-11,654.1800,658.3300,653.5900,657.6300,652.0988,69934400
2025-09-12,657.6000,659.1100,656.9000,657.4100,651.8806,72780100
2025-09-15,659.6400,661.0400,659.3400,660.9100,655.3511,63772400
2025-09-16,661.4700,661.7800,659.2100,660.0000,654.4489,61169000
2025-09-17,660.0100,661.7200,654.3000,659.1800,653.6357,101952200
2025-09-18,661.8900,664.8900,660.2700,662.2600,656.6898,90459200
2025-09-19,662.3300,664.5500,660.3700,663.7000,659.9423,97945600
2025-09-22,662.2000,667.2900,662.1700,666.8400,663.0645,69452200
2025-09-23,666.7200,667.3400,661.9800,663.2100,659.4551,81708900
2025-09-24,664.5100,664.6100,659.6700,661.1000,657.3570,68082200
2025-09-25,657.9400,659.4100,654.4100,658.0500,654.3243,89622100
2025-09-26,659.5100,662.3700,657.8800,661.8200,658.0730,69179200
2025-09-29,664.3600,665.2800,661.8600,663.6800,659.9224,73499000
2025-09-30,662.9300,666.6500,661.6100,666.1800,662.4083,86288000
2025-10-01,663.1700,669.3700,663.0600,668.4500,664.6655,72545400
2025-10-02,670.4500,670.5700,666.7800,669.2200,665.4310,56896000
2025-10-03,669.9900,672.6800,668.1600,669.2100,665.4211,70494400
2025-10-06,671.6200,672.5100,669.4600,671.6100,667.8075,54623300
2025-10-07,672.5400,672.9900,667.6700,669.1200,665.3316,72020100
2025-10-08,670.2500,673.2100,669.4200,673.1100,669.2990,60702200
2025-10-09,673.5300,673.9400,669.2100,671.1600,667.3600,66501900
2025-10-10,672.1300,673.9500,652.8400,653.0200,649.3228,159422600
2025-10-13,660.6500,665.1300,659.7700,663.0400,659.2860,79560500
2025-10-14,657.1700,665.8300,653.1700,662.2300,658.4806,88779600
2025-10-15,666.8200,670.2300,658.9300,665.1700,661.4040,81702600
2025-10-16,666.8200,668.7100,657.1100,660.6400,656.8997,110563300
2025-10-17,659.5000,665.7600,658.1400,664.3900,660.6284,96500900
2025-10-20,667.3200,672.2100,667.2700,671.3000,667.4993,60493400
2025-10-21,671.4400,672.9900,669.9800,671.2900,667.4893,56249000
2025-10-22,672.0000,672.0000,663.3000,667.8000,664.0191,80564000
2025-10-23,668.1200,672.7100,667.8000,671.7600,667.9567,65604500
2025-10-24,676.4600,678.4700,675.6500,677.2500,673.4156,74356500
2025-10-27,682.7300,685.5400,682.1200,685.2400,681.3604,63339800
2025-10-28,687.0500,688.9100,684.8300,687.0600,683.1700,61738100
2025-10-29,688.7200,689.7000,682.8700,687.3900,683.4982,85657100
2025-10-30,683.9000,685.9400,679.8300,679.8300,675.9810,76335800
2025-10-31,685.0400,685.0800,679.2400,682.0600,678.1984,87164100
2025-11-03,685.6700,685.8000,679.9400,683.3400,679.4711,57315000
2025-11-04,676.1100,679.9600,674.5800,675.2400,671.4170,78427000
2025-11-05,674.9800,680.8600,674.1700,677.5800,673.7437,74402400
2025-11-06,676.4700,677.3800,668.7200,670.3100,666.5149,85035300
2025-11-07,667.9100,671.0800,661.2100,670.9700,667.1711,100592400
2025-11-10,677.2400,682.1800,675.0300,681.4400,677.5819,75842900
2025-11-11,679.9500,683.5700,678.7300,683.0000,679.1330,58953400
2025-11-12,684.7900,684.9600,680.9500,683.3800,679.5109,62312500
2025-11-13,680.5000,680.8600,670.5200,672.0400,668.2350,103457800
2025-11-14,665.3800,675.6600,663.2700,671.9300,668.1257,96846700
2025-11-17,669.7000,673.7100,662.1700,665.6700,661.9011,90456100
2025-11-18,662.1000,665.1200,655.8600,660.0800,656.3428,114467500
2025-11-19,660.7800,667.3400,658.7500,662.6300,658.8784,94703000
2025-11-20,672.9100,675.5600,651.8900,652.5300,648.8356,165293500
2025-11-21,655.0500,664.5500,650.8500,659.0300,655.2988,123956200
2025-11-24,662.6900,670.0600,661.5900,668.7300,664.9438,80437900
2025-11-25,668.6300,676.2100,664.4800,675.0200,671.1982,81077100
2025-11-26,677.6300,681.7000,676.7200,679.6800,675.8318,71879600
2025-11-28,680.8600,683.6700,680.5000,683.3900,679.5208,49212000
2025-12-01,678.8100,682.9900,678.7400,680.2700,676.4185,61201200
2025-12-02,681.9200,683.8200,679.3300,681.5300,677.6714,62953800
2025-12-03,680.5700,684.9100,679.6900,683.8900,680.0180,57238500
2025-12-04,685.3000,685.3700,681.3400,684.3900,680.5151,61970300
2025-12-05,685.4700,688.3900,684.5800,685.6900,681.8078,79241000
2025-12-08,686.5900,686.6400,681.5700,683.6300,679.7595,55231500
2025-12-09,683.1500,685.3900,682.5900,683.0400,679.1727,58310100
2025-12-10,682.5600,688.9700,681.3100,687.5700,683.6772,85671300
2025-12-11,685.1400,689.2500,682.1700,689.1700,685.2681,86173700
2025-12-12,688.1700,688.8800,679.1700,681.7600,677.9000,113160300
2025-12-15,685.7400,685.7600,679.2500,680.7300,676.8759,90811000
2025-12-16,679.2300,681.0800,674.9800,678.8700,675.0264,122030600
2025-12-17,679.8900,680.4400,671.2000,671.4000,667.5987,110625200
2025-12-18,677.6000,680.7400,674.9000,676.4700,672.6400,108650100
2025-12-19,676.5900,681.0900,676.4700,680.5900,678.7364,103599500
2025-12-22,683.9400,685.3600,680.5900,684.8300,682.9648,69556700
2025-12-23,683.9200,688.2000,683.8700,687.9600,686.0863,64840000
2025-12-24,687.9500,690.8300,687.8000,690.3800,688.4997,39445600
2025-12-26,690.6400,691.6600,689.2700,690.3100,688.4299,41613300
2025-12-29,687.5400,689.2000,686.0700,687.8500,685.9766,62559500
2025-12-30,687.4500,688.5600,686.5800,687.0100,685.1389,47160700
2025-12-31,687.1400,687.3600,681.7100,681.9200,680.0627,74144800
