date,open,high,low,close,adj_close,volume
2015-01-02,126.2900,127.6600,126.1500,127.3200,93.3673,9432000
2015-01-05,128.0100,129.6300,127.9600,129.3200,94.8340,9789500
2015-01-06,130.7000,132.4900,130.1900,131.6500,96.5426,18331300
2015-01-07,130.7000,131.9700,130.1700,131.3900,96.3520,9762900
2015-01-08,130.3600,130.3700,129.4200,129.6500,95.0760,8055300
2015-01-09,129.2000,131.1100,129.0400,131.0700,96.1173,9398800
2015-01-12,131.0000,132.3100,130.9200,131.8200,96.6673,6658100
2015-01-13,131.3900,132.6100,131.1400,131.8200,96.6673,8260800
2015-01-14,133.7200,134.1200,132.7000,132.8200,97.4006,12324500
2015-01-15,132.8500,135.0300,132.6800,134.9100,98.9332,11454200
2015-01-16,134.3300,134.6800,133.0300,133.1900,97.6719,9390500
2015-01-20,134.1300,135.1100,134.0700,134.9600,98.9699,7758700
2015-01-21,135.2000,135.5900,132.9600,133.4000,97.8259,9803900
2015-01-22,134.0000,134.1800,132.2800,132.9200,97.4739,10200000
2015-01-23,134.3000,135.1200,134.1500,134.7700,98.8306,7334600
2015-01-26,134.8400,135.1900,134.0500,134.3600,98.5300,5966500
2015-01-27,135.7300,136.1300,134.1500,134.5700,98.6840,8079600
2015-01-28,134.7500,137.4100,134.7000,136.7700,100.2973,12230300
2015-01-29,136.1200,136.6700,135.4600,135.8700,99.6372,8881400
2015-01-30,137.7100,138.5000,137.1800,138.2800,101.4046,14871200
2015-02-02,136.7000,137.9200,136.6600,137.4800,101.0217,13689900
2015-02-03,135.6500,135.7900,134.3700,134.5700,98.8835,14008700
2015-02-04,133.4900,134.9900,133.1200,134.8000,99.0525,11360400
2015-02-05,134.0000,134.2300,133.1100,133.3200,97.9649,8334600
2015-02-06,132.0500,132.3500,130.5900,130.9600,96.2308,13685600
2015-02-09,131.9700,131.9800,130.7500,130.7500,96.0764,8025500
2015-02-10,130.1400,130.4700,129.4400,129.7100,95.3123,8290700
2015-02-11,129.7000,130.2700,128.9600,129.9500,95.4886,6506400
2015-02-12,129.6600,130.5400,129.4500,129.5200,95.1726,12548300
2015-02-13,129.5100,129.5300,128.0900,128.1900,94.1954,8325200
2015-02-17,127.8000,127.9300,125.9200,126.2600,92.7772,14968800
2015-02-18,126.8200,127.7400,126.4700,127.0100,93.3283,14009200
2015-02-19,126.7800,127.4500,126.1700,126.1700,92.7110,8584800
2015-02-20,127.0500,128.0100,126.0000,126.5400,92.9829,12502500
2015-02-23,127.1900,128.1700,127.1600,127.9900,94.0484,7500500
2015-02-24,127.6500,129.7900,127.1800,129.6700,95.2829,11958300
2015-02-25,129.4600,130.3900,129.0800,130.2300,95.6944,8019800
2015-02-26,129.7000,130.3000,128.4000,128.4500,94.3864,11020500
2015-02-27,129.0200,129.6200,128.2700,129.5300,95.1800,9225100
2015-03-02,129.0000,129.0700,126.7700,126.8700,93.4071,11324000
2015-03-03,126.8900,127.3700,126.3800,126.4100,93.0684,8599000
2015-03-04,126.9400,127.0400,126.1600,126.4500,93.0979,6478900
2015-03-05,126.5300,126.8800,125.9000,126.2900,92.9801,6045000
2015-03-06,124.6700,124.8300,122.9700,123.5000,90.9260,20022900
2015-03-09,124.6800,124.8700,124.1300,124.6400,91.7653,8889100
2015-03-10,125.9700,126.4400,125.7600,126.2800,92.9727,9277900
2015-03-11,126.2600,127.4600,126.1200,127.2000,93.6501,6663100
2015-03-12,128.2000,128.2000,126.7200,127.1100,93.5839,10295900
2015-03-13,126.7600,127.5900,126.4900,126.7200,93.2967,7247200
2015-03-16,127.9400,128.1500,127.2700,127.9400,94.1949,6374600
2015-03-17,128.5500,129.1100,128.2800,129.0000,94.9753,6314000
2015-03-18,129.9100,131.5300,128.6100,131.4900,96.8086,13981900
2015-03-19,131.2000,131.6200,130.2700,130.8200,96.3153,9543800
2015-03-20,131.2200,131.7000,131.1400,131.5100,96.8233,5953800
2015-03-23,131.7000,131.7500,130.9900,131.3500,96.7055,5555500
2015-03-24,131.8300,132.6400,131.4800,132.6200,97.6405,6713000
2015-03-25,132.7200,132.7600,131.4600,131.5000,96.8159,5635800
2015-03-26,131.0500,131.1400,129.1800,129.4500,95.3066,9536300
2015-03-27,130.0300,131.1300,129.9800,131.0600,96.4920,7907900
2015-03-30,130.9000,131.0000,130.0900,130.4100,96.0134,7010600
2015-03-31,130.2400,130.9600,129.9100,130.6900,96.2196,6844300
2015-04-01,131.3300,132.4800,131.3000,132.1300,97.4834,9273900
2015-04-02,131.9300,131.9700,130.6100,130.7300,96.4505,6663400
2015-04-06,131.4300,131.4800,129.7200,130.0000,95.9119,5923800
2015-04-07,130.2300,131.2200,129.8500,131.0900,96.7161,4764900
2015-04-08,131.0200,131.3600,130.0200,131.1300,96.7456,5378900
2015-04-09,130.8700,130.9200,129.1300,129.4300,95.4914,6484200
2015-04-10,130.3200,130.4500,129.5500,129.6200,95.6316,4843000
2015-04-13,129.5300,129.9800,129.3900,129.8000,95.7644,4010600
2015-04-14,131.3100,131.8600,130.4800,130.7200,96.4431,6075500
2015-04-15,131.0500,131.2700,130.3200,130.6100,96.3620,4425200
2015-04-16,130.8300,130.8600,129.4100,129.9600,95.8824,7085500
2015-04-17,129.7700,131.7000,129.7000,131.4500,96.9817,7268800
2015-04-20,130.9400,131.0100,129.9300,130.2900,96.1259,4949400
2015-04-21,130.2300,130.4500,129.5600,129.7000,95.6906,4563800
2015-04-22,129.5000,129.5500,127.5400,127.7200,94.2298,9707600
2015-04-23,127.8000,128.8500,127.6100,128.2700,94.6356,6843400
2015-04-24,128.6400,129.4300,128.5900,129.0700,95.2258,4773000
2015-04-27,129.0700,129.5000,128.3700,129.0700,95.2258,4334900
2015-04-28,128.1700,128.7400,127.2600,127.2900,93.9125,7464300
2015-04-29,125.8100,126.4400,125.2800,125.7300,92.7616,11554800
2015-04-30,125.0400,126.1700,124.5100,125.9500,92.9239,12876000
2015-05-01,124.7300,125.0400,123.6900,124.0000,91.6730,12378500
2015-05-04,124.3000,124.5300,122.7200,122.8300,90.8081,9144700
2015-05-05,122.8600,123.0300,121.6900,122.6600,90.6823,13935500
2015-05-06,121.9900,122.0600,120.3700,120.5600,89.1298,14355000
2015-05-07,121.4300,122.5700,121.3500,122.1800,90.3275,11933700
2015-05-08,123.3800,123.5500,122.3100,122.5100,90.5714,11716400
2015-05-11,121.6200,121.6500,119.5000,119.5300,88.3683,13738600
2015-05-12,119.1400,120.6300,118.8200,119.8400,88.5975,15861700
2015-05-13,120.6500,120.7200,118.6400,118.8800,87.8878,15760000
2015-05-14,118.9200,119.8300,118.6900,119.2000,88.1243,9128400
2015-05-15,120.3800,121.9100,120.2900,121.5900,89.8913,12630600
2015-05-18,120.3200,120.4300,119.4700,119.5500,88.3831,10208300
2015-05-19,118.2700,119.8400,118.1300,118.4900,87.5994,8435300
2015-05-20,118.7700,119.4500,118.1800,118.6900,87.7473,7789700
2015-05-21,119.5800,120.6100,119.4500,120.3500,88.9746,11760700
2015-05-22,120.6500,120.7500,119.8000,120.4000,89.0115,5417900
2015-05-26,120.8400,122.5500,120.7400,122.4600,90.5345,10469700
2015-05-27,122.1800,122.8600,121.6100,122.7400,90.7414,6490300
2015-05-28,122.5000,123.0300,122.2200,122.4400,90.5197,6237600
2015-05-29,123.2300,123.5700,122.5100,122.7100,90.7193,7912000
2015-06-01,122.1100,122.3800,120.6900,121.1300,89.7443,13108100
2015-06-02,120.1700,120.2600,119.1100,119.4400,88.4922,10076200
2015-06-03,118.3900,118.6000,117.2000,117.5200,87.0697,14810900
2015-06-04,118.2600,119.2900,118.1400,119.0500,88.2032,10859300
2015-06-05,117.8400,118.5700,117.3800,117.6000,87.1290,11200200
2015-06-08,117.9600,118.1600,117.3700,117.4700,87.0326,5334000
2015-06-09,117.0600,117.1300,116.1100,116.5400,86.3436,12393900
2015-06-10,115.9200,116.1300,115.2600,115.5200,85.5879,12183600
2015-06-11,116.5600,117.9700,116.2400,117.9500,87.3882,13849300
2015-06-12,117.5900,119.0700,117.5500,117.9500,87.3882,7863100
2015-06-15,118.8900,119.0600,117.7400,118.1400,87.5290,8194200
2015-06-16,118.6100,119.0800,117.9400,119.0700,88.2180,7046400
2015-06-17,118.5000,118.6300,117.2500,118.1500,87.5364,13626100
2015-06-18,117.3700,117.7400,116.7500,117.5700,87.1067,10123300
2015-06-19,118.5100,119.1900,118.4900,119.0800,88.2255,10439200
2015-06-22,117.8400,118.1400,116.5900,116.6500,86.4251,9769000
2015-06-23,115.7300,116.9600,115.6900,115.9500,85.9065,8945100
2015-06-24,116.5100,117.1700,116.1600,116.9500,86.6474,8600400
2015-06-25,116.5900,117.0800,116.1900,116.5400,86.3436,8287800
2015-06-26,115.6700,115.8700,114.8800,115.2300,85.3731,11673000
2015-06-29,116.9600,118.6700,116.4600,118.2800,87.6328,17132900
2015-06-30,117.4000,118.7000,117.3300,117.4600,87.0252,13469000
2015-07-01,115.8200,116.3600,115.4300,115.6200,85.8506,12451500
2015-07-02,116.3200,116.6600,115.8800,116.0000,86.1327,6682100
2015-07-06,118.0500,118.6500,117.0600,118.1500,87.7291,10605800
2015-07-07,119.6600,120.4900,118.9500,119.2600,88.5533,16160100
2015-07-08,120.0200,120.5700,119.5000,120.2900,89.3181,9951800
2015-07-09,118.7000,119.1200,117.8500,117.9200,87.5584,11108900
2015-07-10,116.0400,116.7200,115.7600,116.0500,86.1699,13636600
2015-07-13,115.3900,116.4600,115.3900,115.6900,85.9025,8006700
2015-07-14,116.0200,116.2700,115.6600,116.0700,86.1847,4227800
2015-07-15,116.1100,117.5500,116.0400,117.3000,87.0980,8720400
2015-07-16,116.8900,118.1600,116.8700,118.1100,87.6994,7306500
2015-07-17,118.3700,118.8900,118.3600,118.7200,88.1524,7404900
2015-07-20,118.2900,118.6500,117.9000,118.2200,87.7811,5941000
2015-07-21,117.6800,118.9300,117.6600,118.8600,88.2564,5627500
2015-07-22,119.0100,119.9000,118.9500,119.6000,88.8058,6228900
2015-07-23,119.6000,121.2000,119.4500,121.0900,89.9121,9087700
2015-07-24,121.5000,121.5500,120.9200,121.3900,90.1349,7307900
2015-07-27,122.1900,122.2900,121.4800,122.0400,90.6176,8172000
2015-07-28,121.1600,121.5700,120.9000,121.1500,89.9567,9128200
2015-07-29,121.0200,121.1700,120.4200,120.7000,89.6226,6706400
2015-07-30,121.2100,121.9400,121.1500,121.6300,90.3131,6146600
2015-07-31,122.4400,122.9000,122.0600,122.5300,90.9814,9178400
2015-08-03,122.3200,123.7500,122.3200,123.5500,91.9391,11753700
2015-08-04,123.1600,123.3200,122.4600,122.5700,91.2098,6448800
2015-08-05,121.7700,121.9100,121.1900,121.6500,90.5253,7574400
2015-08-06,122.0000,122.8700,122.0000,122.7300,91.3289,6118100
2015-08-07,123.3000,124.5000,123.2400,124.3400,92.5270,8317000
2015-08-10,123.4100,123.5700,122.5200,122.8000,91.3810,7461700
2015-08-11,124.3000,125.1300,124.1600,124.7500,92.8321,11145700
2015-08-12,124.9300,125.7100,124.0000,124.0700,92.3261,8455200
2015-08-13,123.8300,124.4200,123.2200,123.6700,92.0284,7691400
2015-08-14,123.4700,124.3700,123.2000,123.9600,92.2442,4324700
2015-08-17,124.7100,125.1000,124.3900,124.5200,92.6609,7880300
2015-08-18,123.8000,124.2900,123.3800,123.5400,91.9316,5024300
2015-08-19,123.0600,124.9300,122.9900,124.7600,92.8395,10736000
2015-08-20,125.3700,126.1000,125.1800,126.0200,93.7772,9078300
2015-08-21,126.1600,126.7400,125.5900,126.4000,94.0599,10718300
2015-08-24,128.3100,128.9200,125.8200,126.3600,94.0301,16663400
2015-08-25,124.5500,124.7900,123.5600,124.3300,92.5195,15354800
2015-08-26,123.0000,123.5100,121.3600,121.9300,90.7336,16429900
2015-08-27,121.8200,122.8700,121.6500,122.0000,90.7857,9127000
2015-08-28,123.1500,123.4700,122.2300,122.3600,91.0536,9946200
2015-08-31,123.3600,123.4700,121.3400,121.4200,90.3541,8617600
2015-09-01,121.6400,122.0900,120.9800,122.0300,91.0051,15298200
2015-09-02,121.4200,121.9800,120.8600,120.9800,90.2221,9515200
2015-09-03,121.3800,121.6700,120.7100,121.5700,90.6621,7042500
2015-09-04,122.4500,122.9300,121.8200,122.6800,91.4899,7951300
2015-09-08,121.3800,121.5600,120.7600,120.8700,90.1401,7049500
2015-09-09,119.6300,121.7100,119.5600,121.4500,90.5726,7441900
2015-09-10,121.0200,121.1900,120.4500,120.6300,89.9610,6789700
2015-09-11,121.4700,122.0800,121.3300,121.3900,90.5278,5890900
2015-09-14,121.9500,122.1500,121.2800,121.5800,90.6696,4221700
2015-09-15,120.8900,121.0500,119.1200,119.2500,88.9319,11895000
2015-09-16,118.9600,119.4400,118.5500,118.8000,88.5963,6949800
2015-09-17,118.8800,120.3700,118.7300,120.2500,89.6777,19843600
2015-09-18,121.2100,122.2000,121.1300,122.1000,91.0573,14963300
2015-09-21,121.0100,121.1100,119.7800,120.1100,89.5732,10085600
2015-09-22,121.4400,122.3900,121.1400,121.7800,90.8187,9968200
2015-09-23,121.6200,122.0700,120.9900,121.7700,90.8112,6769900
2015-09-24,123.1700,123.6800,122.4900,122.6000,91.4302,9605800
2015-09-25,121.6500,121.9300,121.2700,121.5400,90.6397,8383700
2015-09-28,122.2000,123.7700,122.2000,123.6200,92.1909,9833400
2015-09-29,123.5400,124.2900,123.2500,123.9700,92.4519,9006100
2015-09-30,123.4100,123.8000,123.1200,123.5400,92.1312,9832600
2015-10-01,124.0800,124.5200,123.6600,123.8100,92.5243,9069400
2015-10-02,125.5900,126.2100,124.1800,124.5600,93.0848,13000400
2015-10-05,123.7200,123.8300,122.7800,122.8700,91.8218,11362700
2015-10-06,122.5500,123.6000,122.4100,123.4000,92.2179,5687800
2015-10-07,122.8100,123.3300,122.5100,122.9900,91.9115,6712800
2015-10-08,123.2900,123.3700,121.6600,121.9600,91.1418,12882300
2015-10-09,121.9700,122.6400,121.9000,122.2800,91.3809,9038100
2015-10-12,123.0300,123.4300,122.9100,123.2100,92.0759,4241000
2015-10-13,123.5300,123.6000,122.8000,123.4200,92.2329,6147200
2015-10-14,123.7000,124.5500,123.3000,124.5000,93.0399,9738100
2015-10-15,124.3100,124.4600,123.7800,123.8900,92.5841,6924300
2015-10-16,124.2500,124.4700,123.8700,123.9300,92.6139,8048300
2015-10-19,123.7900,123.9700,122.9100,123.5900,92.3599,6238400
2015-10-20,122.8000,122.9700,122.5500,122.8300,91.7919,6431300
2015-10-21,123.6100,124.2200,123.4700,124.0500,92.7036,6603800
2015-10-22,124.1000,124.7800,123.5100,124.2600,92.8606,6934100
2015-10-23,123.1000,123.4600,122.8500,123.2000,92.0684,7058200
2015-10-26,123.8700,124.2000,123.8100,124.0200,92.6812,5859800
2015-10-27,124.5100,124.9000,124.1600,124.3300,92.9129,7156800
2015-10-28,124.2700,124.3400,123.3000,123.8300,92.5392,8468700
2015-10-29,123.1800,123.2200,121.7000,121.8600,91.0670,12108000
2015-10-30,122.2400,122.8100,122.0200,122.7800,91.7546,11861400
2015-11-02,121.7800,122.1800,121.6800,121.9500,91.3329,8751000
2015-11-03,121.6500,121.7400,120.7900,120.9500,90.5840,8921600
2015-11-04,121.1000,121.5400,120.7000,121.0900,90.6889,5980800
2015-11-05,121.0500,121.0600,120.3000,120.7700,90.4492,7268400
2015-11-06,119.4900,119.5300,118.7400,119.0000,89.1235,10604700
2015-11-09,118.1000,118.9000,118.0000,118.3300,88.6218,9159500
2015-11-10,118.5000,119.2100,118.3800,118.6800,88.8839,6712500
2015-11-11,118.3500,118.5800,118.2700,118.4300,88.6967,2857900
2015-11-12,118.7500,119.4400,118.7000,119.0000,89.1235,6805700
2015-11-13,119.3200,119.9000,119.2200,119.6800,89.6328,7906600
2015-11-16,119.7900,120.0000,119.1300,119.5700,89.5504,5485300
2015-11-17,119.0000,120.1300,118.6600,119.7700,89.7003,5122900
2015-11-18,119.5800,120.1900,119.3600,120.0200,89.8874,5233900
2015-11-19,120.8800,121.1500,120.6800,120.8200,90.4866,6643000
2015-11-20,120.9300,121.0400,120.2800,120.4500,90.2095,5971000
2015-11-23,120.5300,121.1200,120.3200,120.8200,90.4866,5436300
2015-11-24,120.9000,121.2000,120.5800,120.8100,90.4791,3371500
2015-11-25,121.1700,121.4200,120.9500,121.0900,90.6889,3280900
2015-11-27,121.2500,121.3200,120.9600,120.9700,90.5990,2570600
2015-11-30,121.1000,121.5300,121.0600,121.4500,90.9585,5179800
2015-12-01,121.2600,122.8500,121.2600,122.8300,92.1870,12766600
2015-12-02,122.6600,123.0400,122.1900,122.8700,92.2171,7345800
2015-12-03,121.3600,121.4000,118.9900,119.5300,89.7103,16612200
2015-12-04,119.5300,120.9300,119.4700,120.5800,90.4984,11843800
2015-12-07,120.8100,122.4600,120.8000,121.7500,91.3764,9016700
2015-12-08,122.2800,122.4300,121.4500,121.8100,91.4215,7257500
2015-12-09,121.3500,122.1500,120.5100,121.6800,91.3240,8993900
2015-12-10,121.7900,122.0300,121.4900,121.8400,91.4440,5606900
2015-12-11,123.0300,124.1000,122.8700,123.7600,92.8850,12300000
2015-12-14,123.0800,123.1500,121.7500,122.1600,91.6842,10661100
2015-12-15,121.0200,121.6000,120.8300,121.4400,91.1438,8795500
2015-12-16,121.0700,122.1700,120.5000,121.1800,90.9487,10988600
2015-12-17,121.7800,122.7800,121.6400,122.5500,91.9769,9923000
2015-12-18,123.0800,123.5200,122.8200,123.2300,92.4873,10171700
2015-12-21,123.4300,123.7800,122.9200,123.2000,92.4648,7494900
2015-12-22,122.6500,122.8000,121.9900,122.3100,91.7968,5445800
2015-12-23,121.2300,121.6100,120.8700,121.3900,91.1063,7287100
2015-12-24,121.4700,121.8700,121.4000,121.8300,91.6283,3364600
2015-12-28,121.9900,122.6700,121.8500,122.1900,91.8990,7586600
2015-12-29,121.6900,121.7400,120.0100,120.1600,90.3723,7787500
2015-12-30,119.9200,120.5400,119.6700,120.0400,90.2820,5508900
2015-12-31,120.5700,120.8600,120.2500,120.5800,90.6881,7897700
2016-01-04,121.9300,122.4500,121.3200,121.4500,91.3425,10591900
2016-01-05,120.8800,121.5000,120.6600,120.9600,90.9739,6242600
2016-01-06,122.3000,122.6200,122.0500,122.5900,92.1998,8916900
2016-01-07,122.6800,122.9300,121.7900,122.8100,92.3653,10202200
2016-01-08,122.4300,123.4700,122.2300,123.3600,92.7790,9577200
2016-01-11,122.0400,122.7900,121.8600,122.0100,91.7636,10040300
2016-01-12,122.3400,124.3200,122.1500,123.7700,93.0873,12897700
2016-01-13,123.5300,125.5000,123.2700,124.9900,94.0049,15577600
2016-01-14,124.4700,124.9700,123.3400,123.8200,93.1249,12873800
2016-01-15,125.4000,125.9600,125.0800,125.7500,94.5765,13976300
2016-01-19,125.1300,126.0700,124.9500,125.3600,94.2832,8926600
2016-01-20,126.9800,127.9200,126.4200,126.6800,95.2759,17283300
2016-01-21,126.9400,127.2900,125.6700,125.8200,94.6291,11001600
2016-01-22,124.9100,125.5300,124.5200,125.3400,94.2681,10164300
2016-01-25,125.9500,126.2700,125.6500,126.0200,94.7795,5738200
2016-01-26,125.9900,126.4600,125.7500,126.0800,94.8247,5692600
2016-01-27,125.7500,126.2900,125.1900,126.0500,94.8021,7957800
2016-01-28,125.5400,126.4100,125.4600,126.2300,94.9375,10575400
2016-01-29,127.4100,127.8600,126.9200,127.3000,95.7423,13170700
2016-02-01,126.7900,127.0700,126.2900,126.6700,95.4492,9948400
2016-02-02,128.1000,129.0400,128.0000,129.0200,97.2199,10400000
2016-02-03,128.2800,129.9400,127.9200,127.9500,96.4136,13309000
2016-02-04,128.2200,128.5900,127.5100,128.5700,96.8808,9953500
2016-02-05,127.8900,129.0000,127.5900,128.7200,96.9938,9200800
2016-02-08,129.7200,131.6300,129.6800,131.4900,99.0811,14452200
2016-02-09,132.0400,132.0600,130.9600,131.6300,99.1866,15232100
2016-02-10,131.7000,132.8400,131.1100,132.7900,100.0607,12797100
2016-02-11,134.4400,135.2500,133.0100,133.7200,100.7615,21620200
2016-02-12,132.6400,133.1300,130.9300,131.5000,99.0887,13888400
2016-02-16,130.7200,130.7500,129.8100,130.1100,98.0413,11766000
2016-02-17,129.6400,129.8300,128.7100,129.3100,97.4384,13157300
2016-02-18,129.4100,131.0000,129.3600,130.9000,98.6365,10196700
2016-02-19,130.9400,131.8200,130.7300,131.0100,98.7194,8188700
2016-02-22,131.1000,131.1100,130.7000,130.9400,98.6667,5054300
2016-02-23,129.8800,131.7400,129.7800,131.4700,99.0660,8320700
2016-02-24,132.4000,133.3900,130.9500,131.2100,98.8701,9091200
2016-02-25,131.4800,132.5600,131.3200,131.6800,99.2243,6097200
2016-02-26,130.3100,130.8100,130.0400,130.4100,98.2673,9245000
2016-02-29,130.4700,131.1700,130.4200,130.9800,98.6968,8016100
2016-03-01,130.8200,130.8500,128.3200,128.4300,96.9589,13729100
2016-03-02,128.3200,128.9700,128.2100,128.9600,97.3590,7047700
2016-03-03,129.0700,129.9400,128.7700,129.4300,97.7138,6394800
2016-03-04,128.7500,129.1300,127.7600,128.6000,97.0872,8687000
2016-03-07,128.4500,128.6700,128.0500,128.5600,97.0571,5493300
2016-03-08,130.3500,130.9900,129.9500,129.9800,98.1291,7175400
2016-03-09,129.0800,129.6900,128.8100,129.1900,97.5327,7194700
2016-03-10,129.5000,129.8400,127.9200,128.6600,97.1325,10091600
2016-03-11,128.8200,128.8800,127.2100,127.3600,96.1511,8927000
2016-03-14,127.8200,128.3900,127.6600,127.7600,96.4531,5177000
2016-03-15,128.5000,128.6600,127.6100,127.8800,96.5437,6413200
2016-03-16,127.7500,128.5200,127.3700,128.2600,96.8306,9728900
2016-03-17,128.5100,129.3400,128.4900,128.7900,97.2307,7805500
2016-03-18,129.0400,129.5100,128.7000,129.0600,97.4345,8198600
2016-03-21,128.2500,128.6200,127.7500,128.0700,96.6871,5514800
2016-03-22,128.8300,129.0200,127.9200,128.0400,96.6645,4997900
2016-03-23,128.4100,129.8200,128.2900,129.4900,97.7592,10628200
2016-03-24,130.5800,130.6400,129.0000,129.5400,97.7969,6343300
2016-03-28,129.3800,130.1600,129.2800,129.7100,97.9253,5058700
2016-03-29,130.3800,131.0900,130.0200,131.0700,98.9520,9396700
2016-03-30,130.0300,130.0700,128.9800,129.6900,97.9102,8478700
2016-03-31,129.9800,130.8100,129.7900,130.6100,98.6047,7832300
2016-04-01,130.9800,131.1300,129.9000,130.6800,98.8619,9341400
2016-04-04,130.7900,130.9700,130.2700,130.7600,98.9225,5145100
2016-04-05,132.0100,132.3600,131.7800,132.1900,100.0043,6482800
2016-04-06,131.5300,131.6700,130.7400,131.2300,99.2781,6393700
2016-04-07,132.1900,132.9900,132.0100,132.8500,100.5036,5963300
2016-04-08,132.1700,132.4000,131.6400,132.0100,99.8681,5584800
2016-04-11,131.3200,132.1800,131.1100,131.8400,99.7395,4805500
2016-04-12,131.0800,131.5500,130.5300,130.9300,99.0511,4276000
2016-04-13,130.6900,131.5800,130.5200,131.3900,99.3990,5207900
2016-04-14,130.9100,131.3100,130.4900,130.7600,98.9225,6967000
2016-04-15,131.2900,132.1600,131.2500,131.8800,99.7698,5831100
2016-04-18,131.3300,131.4400,130.6600,131.3100,99.3385,4486600
2016-04-19,131.0800,131.3100,130.2900,130.9000,99.0284,5212200
2016-04-20,131.1600,131.6500,129.2700,129.4600,97.9390,10920700
2016-04-21,128.4400,129.0700,128.2900,128.6900,97.3564,11154200
2016-04-22,128.8500,128.9100,128.2400,128.3600,97.1068,5826400
2016-04-25,128.0600,128.5200,127.8300,127.8300,96.7059,5539500
2016-04-26,127.7600,127.7600,127.1200,127.2500,96.2671,7840000
2016-04-27,127.9200,128.8200,127.6200,128.5200,97.2278,8380100
2016-04-28,128.2100,129.1400,128.0400,129.0500,97.6288,7974600
2016-04-29,128.4500,129.7100,128.2000,129.3800,97.8784,7416300
2016-05-02,128.6600,128.9000,127.8000,127.8200,96.8930,11035200
2016-05-03,129.5500,130.0200,129.3500,129.4300,98.1134,10736700
2016-05-04,129.6800,130.1700,129.1900,130.1400,98.6517,7211200
2016-05-05,130.0600,131.0700,129.7000,131.0100,99.3112,7870400
2016-05-06,130.8500,130.8600,130.2900,130.4500,98.8867,7232500
2016-05-09,130.4600,130.8900,130.3200,130.8600,99.1974,4950800
2016-05-10,130.8500,131.1200,130.6500,130.8700,99.2050,4331900
2016-05-11,130.8300,132.0000,130.6600,131.6100,99.7660,9256000
2016-05-12,130.6600,131.1700,130.5900,131.0100,99.3112,6087400
2016-05-13,131.4800,132.3200,131.2300,132.2800,100.2738,8707300
2016-05-16,131.6400,131.6600,130.9800,131.1400,99.4097,5137000
2016-05-17,131.2100,131.8300,131.2100,131.3600,99.5765,4449100
2016-05-18,130.8100,130.8500,128.9100,129.4900,98.1589,12681000
2016-05-19,129.6800,130.3300,129.6500,130.0500,98.5835,6209400
2016-05-20,129.6500,130.4000,129.5500,130.1500,98.6592,5348900
2016-05-23,130.3600,130.7300,129.9200,130.4400,98.8790,6979700
2016-05-24,129.9700,130.1900,129.2400,129.8600,98.4394,5968200
2016-05-25,129.8300,130.2500,129.3100,129.3700,98.0679,6367400
2016-05-26,129.8100,130.4500,129.8000,130.0400,98.5758,5419300
2016-05-27,130.0700,130.2600,129.7000,129.8500,98.4318,5267600
2016-05-31,129.0200,130.4400,128.9800,130.1600,98.6668,8344300
2016-06-01,130.6300,131.2700,130.1100,130.4200,99.0671,9874900
2016-06-02,130.9000,131.6900,130.8700,131.3600,99.7812,5835400
2016-06-03,132.8600,133.2300,132.6000,133.2300,101.2016,11077200
2016-06-06,132.7800,132.8900,132.1000,132.2400,100.4496,7573700
2016-06-07,132.6400,132.9800,132.5400,132.5600,100.6926,4680200
2016-06-08,132.8700,133.4300,132.7100,133.2700,101.2320,5313200
2016-06-09,134.3200,134.5400,133.9300,134.1300,101.8852,6820300
2016-06-10,134.7900,135.3300,134.2600,134.7800,102.3790,6984600
2016-06-13,135.0900,135.3900,134.7700,135.3800,102.8347,7283300
2016-06-14,136.1900,136.2200,135.2200,135.2800,102.7587,9012500
2016-06-15,135.5200,136.2300,135.3100,135.8000,103.1538,7953200
2016-06-16,136.7400,137.5600,136.1800,136.4600,103.6551,10372700
2016-06-17,136.2000,136.2700,135.2600,135.6100,103.0094,8489900
2016-06-20,134.2400,134.5500,134.0100,134.1600,101.9081,7365900
2016-06-21,134.2900,134.5800,133.4600,133.5400,101.4371,6005800
2016-06-22,133.5000,133.9900,133.2500,133.7600,101.6042,5773700
2016-06-23,132.6100,133.3200,132.0800,132.2300,100.4420,9029100
2016-06-24,136.6100,136.6100,135.3000,135.7800,103.1386,17155000
2016-06-27,138.4400,139.5900,138.4000,139.1700,105.7136,16577100
2016-06-28,139.4400,139.9000,138.8800,139.4600,105.9339,14006400
2016-06-29,139.6800,140.1300,138.2600,138.3900,105.1212,12999800
2016-06-30,138.8100,139.9400,138.0900,138.9000,105.5085,14698500
2016-07-01,140.8100,140.8200,139.1900,140.5700,106.9734,15430200
2016-07-05,141.8500,142.9100,141.7000,142.3300,108.3129,8840800
2016-07-06,142.7900,143.0000,141.9600,142.5600,108.4878,14352800
2016-07-07,142.0900,143.1900,141.7800,142.5500,108.4802,9676400
2016-07-08,142.9200,143.6200,142.3600,143.6000,109.2793,10355300
2016-07-11,143.0500,143.4700,142.2400,142.3400,108.3203,8099000
2016-07-12,140.4200,140.8600,139.6400,140.0000,106.5397,15810600
2016-07-13,141.3700,141.7700,140.9500,141.6500,107.7954,8181700
2016-07-14,139.2800,139.8400,139.0900,139.5900,106.2277,10817000
2016-07-15,138.8900,139.1100,138.1800,138.3900,105.3145,9958600
2016-07-18,139.0700,139.2600,137.7300,138.2600,105.2156,5955900
2016-07-19,138.9400,139.3100,138.4000,139.0400,105.8091,8073900
2016-07-20,138.2300,138.5100,137.9100,138.2800,105.2307,6942500
2016-07-21,137.0400,138.6200,136.9900,138.5600,105.4438,10398400
2016-07-22,137.9300,139.2400,137.8700,138.8000,105.6265,5811400
2016-07-25,138.9400,139.2600,138.5900,138.7000,105.5504,4243800
2016-07-26,139.5200,139.5200,138.4600,138.9200,105.7179,5243400
2016-07-27,139.5500,140.6500,139.4000,140.6500,107.0343,8508100
2016-07-28,139.8000,140.8400,139.7100,140.3900,106.8365,7336100
2016-07-29,140.4500,141.6800,140.2200,141.5600,107.7268,8766700
2016-08-01,139.7800,140.5000,139.6100,139.7700,106.5589,9809300
2016-08-02,137.8300,139.2600,137.5000,138.3300,105.4611,10051200
2016-08-03,138.6000,138.7800,137.9100,138.4100,105.5220,4930600
2016-08-04,139.4600,140.1600,139.2700,139.4500,106.3149,5646000
2016-08-05,139.0500,139.1800,137.8200,138.0000,105.2094,7778600
2016-08-08,137.6000,138.5400,137.3200,138.2600,105.4077,5185200
2016-08-09,138.7100,139.7200,138.6200,139.6200,106.4445,5503200
2016-08-10,139.9000,140.5100,139.4700,140.1600,106.8562,5843500
2016-08-11,140.0600,140.0800,138.5400,138.9100,105.9033,7624600
2016-08-12,140.4100,140.8600,139.8700,140.0800,106.7952,7989600
2016-08-15,139.3400,139.6300,138.7500,138.7600,105.7889,5108600
2016-08-16,138.9800,139.1500,138.2300,138.3900,105.5068,6182700
2016-08-17,138.6300,139.4400,138.5000,139.2200,106.1396,5002000
2016-08-18,139.2000,139.7600,138.7900,139.4400,106.3073,3805200
2016-08-19,138.6400,139.0500,138.1000,138.7100,105.7508,5516300
2016-08-22,139.6500,140.1400,139.3700,139.8800,106.6427,5549700
2016-08-23,140.2700,140.5900,139.6700,140.0300,106.7571,6841400
2016-08-24,140.1000,140.1900,139.3900,139.7000,106.5055,6027800
2016-08-25,139.2600,139.7800,138.9600,139.1700,106.1014,5855500
2016-08-26,139.7300,140.6900,138.2200,138.3600,105.4839,12962500
2016-08-29,139.3800,140.3500,139.2100,140.2100,106.8943,7310400
2016-08-30,140.1700,140.2600,139.6700,139.6700,106.4826,5161800
2016-08-31,139.6600,140.1700,139.3400,139.8700,106.6351,7349700
2016-09-01,138.6200,140.1000,138.5700,139.7700,106.7527,9149100
2016-09-02,138.9600,139.0500,138.1700,138.6300,105.8820,8397000
2016-09-06,138.7100,140.0800,138.5100,139.6400,106.6535,8542600
2016-09-07,140.3700,140.4200,139.5400,139.5400,106.5770,5421800
2016-09-08,138.8600,139.2700,137.2600,137.7900,105.2404,14301500
2016-09-09,136.0700,136.1200,135.4100,135.5200,103.5067,13347700
2016-09-12,135.3200,135.8300,135.1600,135.5900,103.5602,9096600
2016-09-13,135.8700,136.0000,133.3600,134.0500,102.3839,15645400
2016-09-14,134.0500,134.9100,134.0500,134.2500,102.5367,7037700
2016-09-15,133.6100,134.0500,133.0300,133.6700,102.0938,9874500
2016-09-16,134.5800,134.8100,134.2200,134.7500,102.9186,7507900
2016-09-19,134.5200,134.8700,134.2500,134.3100,102.5825,7105900
2016-09-20,135.1500,135.5800,134.6700,134.7800,102.9415,6054800
2016-09-21,134.6000,135.8900,134.1800,135.8700,103.7740,10698100
2016-09-22,136.6700,137.2900,136.5000,136.9500,104.5989,12426200
2016-09-23,137.0300,137.3400,136.7100,136.8200,104.4996,5928800
2016-09-26,137.0700,137.8300,137.0200,137.6900,105.1641,8661300
2016-09-27,138.5900,138.8000,137.9500,138.7000,105.9355,9450400
2016-09-28,138.5000,139.1500,138.2200,138.4000,105.7063,7958700
2016-09-29,137.5600,139.0700,137.4500,138.7500,105.9737,8319800
2016-09-30,138.5500,138.6400,136.8700,137.5100,105.0266,11747100
2016-10-03,137.6800,137.7700,136.7600,136.8100,104.6800,7588800
2016-10-04,136.6200,136.8400,135.1600,135.2100,103.4558,12048700
2016-10-05,135.0200,135.0800,134.1200,134.5800,102.9737,8917700
2016-10-06,133.9700,134.6900,133.6800,133.8300,102.3998,7839900
2016-10-07,133.9300,134.2900,133.0900,133.9200,102.4687,9953200
2016-10-10,132.8500,133.1600,132.5100,133.1300,101.8643,6089100
2016-10-11,132.8600,133.5500,132.5700,132.8300,101.6347,9670400
2016-10-12,132.6700,133.0200,132.2400,132.9600,101.7342,7582400
2016-10-13,133.6400,133.9300,133.3700,133.4600,102.1167,7080600
2016-10-14,132.2700,132.9500,131.5300,131.5900,100.6859,11415100
2016-10-17,132.1000,132.7400,132.0900,132.4300,101.3287,10595900
2016-10-18,131.8600,132.8900,131.8300,132.8600,101.6577,7151000
2016-10-19,132.3700,133.2700,132.3200,132.9700,101.7418,6941300
2016-10-20,133.6400,133.7500,132.9000,133.1100,101.8490,6082300
2016-10-21,133.5200,133.7200,132.8700,133.3100,102.0020,9222700
2016-10-24,133.4100,133.4500,132.2900,132.7300,101.5582,6507500
2016-10-25,132.5300,133.5600,132.4900,133.0800,101.8260,5134700
2016-10-26,132.4600,132.8000,131.9900,132.1800,101.1374,5842500
2016-10-27,131.0700,131.0700,130.0600,130.7400,100.0356,10044700
2016-10-28,130.3900,130.9300,130.3300,130.4500,99.8136,7541000
2016-10-31,130.8900,131.2900,130.7100,131.2500,100.4258,7047500
2016-11-01,130.1600,131.6000,129.8800,131.0100,100.4334,12622400
2016-11-02,131.3000,132.1100,131.0300,131.5800,100.8704,8666200
2016-11-03,130.7500,131.0500,130.4400,130.5700,100.0961,6085400
2016-11-04,131.2700,131.7900,131.1300,131.7400,100.9931,7622600
2016-11-07,130.7500,131.0000,130.4400,130.6200,100.1344,5386700
2016-11-08,131.0200,131.2100,129.7100,130.0900,99.7281,7576500
2016-11-09,127.2200,127.3700,124.2200,124.5700,95.4965,31233500
2016-11-10,123.9700,124.9600,122.7200,122.7300,94.0859,22961200
2016-11-11,122.9600,123.0500,121.6500,122.0400,93.5569,10040200
2016-11-14,121.2800,122.6600,120.7300,121.3100,92.9973,21174400
2016-11-15,122.2200,122.8100,121.7800,121.9100,93.4573,11963700
2016-11-16,122.3000,123.1400,122.1700,123.0100,94.3005,9149500
2016-11-17,121.9500,122.1100,120.9900,121.2000,92.9130,11221600
2016-11-18,121.6300,121.9700,120.3400,120.8500,92.6447,13577700
2016-11-21,121.2100,121.4800,120.8900,121.1500,92.8746,6488100
2016-11-22,121.6600,121.7600,120.8800,121.1100,92.8440,9989900
2016-11-23,119.9900,120.9100,119.2500,120.6400,92.4837,13563500
2016-11-25,121.1900,121.2900,120.4000,120.8200,92.6217,3126300
2016-11-28,121.4100,121.7300,121.0900,121.7100,93.3039,8555000
2016-11-29,121.4400,122.4000,121.2100,122.2200,93.6950,8363000
2016-11-30,119.9700,121.0100,119.4800,120.2400,92.1770,21163500
2016-12-01,118.5100,118.9900,117.6400,118.7300,91.2038,21715700
2016-12-02,119.1700,120.2100,119.1400,119.6000,91.8721,12487500
2016-12-05,118.9300,120.4000,118.4500,119.4700,91.7722,12100100
2016-12-06,119.3400,119.9400,119.1200,119.3800,91.7031,11526600
2016-12-07,119.8200,120.6200,119.8200,120.4000,92.4866,10392200
2016-12-08,119.1500,119.3100,118.7800,118.9800,91.3958,12041100
2016-12-09,118.6400,118.8600,117.2800,117.5000,90.2589,14646400
2016-12-12,117.2700,117.8000,116.8800,117.7200,90.4280,9496300
2016-12-13,118.4000,118.4900,117.4400,118.1400,90.7505,12189200
2016-12-14,119.0800,119.2100,116.8000,116.8200,89.7366,16618400
2016-12-15,117.5600,118.2900,117.0300,117.4100,90.1898,12400500
2016-12-16,117.6100,117.9200,116.8000,117.1400,89.9824,14924600
2016-12-19,117.9800,118.5800,117.7400,118.4000,90.9503,10868300
2016-12-20,117.6300,117.9000,117.3800,117.8100,90.4971,7030600
2016-12-21,117.9200,118.4000,117.7300,118.3300,90.8965,4624700
2016-12-22,117.5300,118.0000,117.5000,117.8100,90.7340,5177800
2016-12-23,118.2400,118.3900,117.9500,118.0500,90.9188,4461600
2016-12-27,117.4200,117.7000,117.2300,117.6700,90.6262,5276600
2016-12-28,117.8600,118.8800,117.7000,118.5300,91.2886,7578600
2016-12-29,118.8000,119.2700,118.6600,118.9500,91.6120,8581400
2016-12-30,118.7800,119.6500,118.7200,119.1300,91.7506,10613900
2017-01-03,118.4100,119.9900,118.1800,119.6400,92.1434,13217300
2017-01-04,119.7600,120.2400,119.4500,120.1000,92.4977,6699600
2017-01-05,120.4500,122.0300,120.1700,121.9800,93.9456,13265800
2017-01-06,121.1300,121.5400,120.7500,120.8600,93.0830,8369300
2017-01-09,121.8800,122.0000,121.4600,121.8300,93.8301,8839100
2017-01-10,121.5500,121.9100,121.2800,121.7500,93.7685,8417900
2017-01-11,121.9400,122.6900,121.4100,122.1600,94.0843,9402500
2017-01-12,122.8000,123.1400,121.8300,121.8900,93.8763,9977600
2017-01-13,121.3300,121.7500,120.6200,121.3100,93.4296,9820000
2017-01-17,122.8100,122.9400,121.9900,122.5800,94.4077,7853300
2017-01-18,121.7700,121.9600,120.9100,121.0100,93.1986,9064700
2017-01-19,120.4900,120.5800,119.5500,120.1800,92.5593,11795600
2017-01-20,119.8400,120.3100,119.2900,119.9400,92.3745,16953200
2017-01-23,120.3400,121.8700,120.0200,121.1400,93.2987,13118400
2017-01-24,120.7700,121.1300,119.8000,120.3100,92.6594,8395000
2017-01-25,119.2800,119.6000,118.5600,118.8000,91.4965,11115100
2017-01-26,118.9100,119.2600,118.3300,119.2000,91.8046,7827900
2017-01-27,119.4000,119.8300,119.2500,119.6300,92.1357,7197800
2017-01-30,119.4400,119.8800,119.2000,119.2700,91.8585,6569500
2017-01-31,119.3300,120.4000,119.2500,120.1000,92.4977,13298500
2017-02-01,119.1000,119.5300,118.5800,119.1000,91.9258,10975500
2017-02-02,119.9300,120.1400,119.0000,119.0500,91.8872,6978600
2017-02-03,119.4400,119.8700,118.4700,119.0000,91.8486,10275600
2017-02-06,119.7600,120.1300,119.1200,119.7200,92.4043,8433800
2017-02-07,119.7800,121.0100,119.4700,120.6000,93.0836,8418400
2017-02-08,121.4200,122.2700,121.4100,122.2400,94.3493,15734200
2017-02-09,121.4100,121.5900,120.6600,120.8300,93.2611,16890600
2017-02-10,120.1100,120.9500,120.1100,120.7600,93.2071,7978500
2017-02-13,120.2500,120.4100,119.8800,120.3800,92.9137,11536800
2017-02-14,120.2400,120.3000,118.8300,119.5100,92.2422,13210500
2017-02-15,118.7600,119.2200,118.6500,118.9600,91.8177,8481000
2017-02-16,119.2200,120.2100,119.1200,119.6100,92.3194,10005800
2017-02-17,120.6100,120.7000,120.1300,120.3200,92.8674,7886400
2017-02-21,119.6800,120.6100,119.6000,120.1100,92.7053,8703800
2017-02-22,120.8000,120.8200,119.5900,120.3100,92.8597,8101500
2017-02-23,120.5700,120.7400,120.3300,120.6700,93.1375,5330800
2017-02-24,121.3500,122.1400,121.2600,122.0100,94.1719,11336000
2017-02-27,121.8100,121.9000,121.2300,121.2900,93.6161,11039800
2017-02-28,121.5000,122.0800,121.3200,121.7400,93.9635,8410500
2017-03-01,119.4400,119.5500,118.9500,119.4700,92.3890,10717100
2017-03-02,119.0100,119.2100,118.6200,119.0400,92.0564,8201200
2017-03-03,119.2300,119.3500,118.5500,119.3500,92.2962,9515200
2017-03-06,119.1200,119.1200,118.5200,118.7800,91.8554,4489200
2017-03-07,118.4800,118.6800,118.2500,118.4200,91.5770,7080100
2017-03-08,117.3100,117.9500,117.2300,117.7800,91.0821,11336300
2017-03-09,117.3400,117.4800,116.7700,116.8400,90.3550,10575400
2017-03-10,117.1400,117.3200,116.6800,117.2500,90.6721,9218500
2017-03-13,116.8300,117.0900,116.4900,116.5100,90.0999,6993100
2017-03-14,116.7700,117.3500,116.7100,117.0700,90.5330,9869200
2017-03-15,117.5600,118.8300,117.4300,118.5000,91.6388,14600500
2017-03-16,117.9900,118.1500,117.6300,117.9000,91.1748,8018200
2017-03-17,118.1100,118.7500,118.0300,118.6400,91.7471,7266800
2017-03-20,118.5500,119.2300,118.5000,119.1500,92.1415,5497800
2017-03-21,119.0500,120.3000,119.0200,120.1400,92.9071,12540700
2017-03-22,120.7200,121.1700,120.4300,120.6200,93.2783,11661400
2017-03-23,120.8300,121.0200,120.0600,120.4500,93.1468,6746500
2017-03-24,120.5300,121.1000,120.4000,120.8800,93.4793,5819600
2017-03-27,121.8300,121.9700,121.1900,121.4300,93.9046,6878500
2017-03-28,121.7900,121.8200,120.4900,120.6200,93.2783,6811200
2017-03-29,120.9400,121.3800,120.8800,121.3400,93.8351,6291000
2017-03-30,121.0700,121.0900,120.3200,120.3600,93.0772,7042400
2017-03-31,120.2800,120.8100,120.2100,120.7100,93.3479,5144800
2017-04-03,120.4500,121.8700,120.4000,121.6700,94.2895,12996500
2017-04-04,121.3700,121.5900,120.9500,121.0100,93.7780,6976700
2017-04-05,120.5600,121.5200,120.3600,121.3800,94.0647,8555200
2017-04-06,121.2400,121.4100,120.5200,121.2000,93.9252,6497000
2017-04-07,121.8400,122.2500,120.6900,120.7100,93.5455,10270000
2017-04-10,121.1400,121.6200,121.0000,121.2700,93.9795,5314500
2017-04-11,121.8000,122.6500,121.7200,122.4200,94.8707,11297400
2017-04-12,122.5100,123.1900,122.2900,123.0900,95.3899,11532500
2017-04-13,123.4500,123.7400,122.9100,123.4700,95.6844,8396700
2017-04-17,123.4600,123.5500,122.8600,123.0900,95.3899,8015000
2017-04-18,123.8600,124.9800,123.5500,124.7000,96.6376,11529700
2017-04-19,124.1000,124.1700,123.7000,124.0200,96.1106,7344000
2017-04-20,123.5200,123.9200,123.1400,123.5400,95.7386,7932900
2017-04-21,123.8200,124.2400,123.4900,123.5400,95.7386,9798500
2017-04-24,122.5500,123.1600,122.4600,122.9300,95.2659,8066400
2017-04-25,122.2100,122.4600,121.3800,121.4500,94.1190,8122300
2017-04-26,121.5200,122.1400,121.4300,122.1200,94.6382,5766200
2017-04-27,121.7500,122.3500,121.5800,122.0800,94.6072,4978300
2017-04-28,121.6000,122.4400,121.5500,122.3500,94.8164,8166300
2017-05-01,121.6900,122.1400,120.7100,121.0800,94.0282,8795900
2017-05-02,120.9700,121.7800,120.9400,121.7000,94.5096,6727800
2017-05-03,122.2200,122.3900,121.5500,121.7800,94.5718,8932900
2017-05-04,121.0100,121.2200,120.6700,121.1800,94.1059,9707200
2017-05-05,121.3800,121.4700,120.8900,121.2900,94.1913,5605400
2017-05-08,121.1100,121.1400,120.5300,120.6300,93.6787,8057800
2017-05-09,120.3800,120.6300,120.1400,120.6200,93.6709,5536700
2017-05-10,120.9100,121.0600,120.1600,120.4800,93.5623,6517000
2017-05-11,120.0000,120.5700,119.9100,120.4800,93.5623,7479800
2017-05-12,121.0100,121.4900,120.9800,121.3900,94.2689,7463900
2017-05-15,121.0600,121.2100,120.7500,121.0600,94.0127,5173200
2017-05-16,121.1100,121.8900,121.1100,121.5100,94.3621,6722700
2017-05-17,122.6300,123.5400,122.3900,123.2800,95.7367,11236400
2017-05-18,123.7500,123.9400,123.1900,123.4200,95.8454,8350500
2017-05-19,123.3600,123.7800,123.0100,123.7100,96.0706,11277400
2017-05-22,123.4100,123.5600,123.2600,123.3700,95.8066,4062900
2017-05-23,123.5100,123.6200,122.4800,122.5400,95.1620,7901300
2017-05-24,122.8000,123.2600,122.5400,123.2300,95.6978,7355200
2017-05-25,123.0200,123.2800,122.7600,123.2700,95.7289,6464800
2017-05-26,123.5500,123.7400,123.2500,123.4800,95.8920,2963800
2017-05-30,124.0300,124.1400,123.7400,124.0900,96.3657,4819400
2017-05-31,124.0500,124.6500,124.0300,124.4000,96.6064,8000200
2017-06-01,123.7000,124.1900,123.6600,124.1500,96.6166,9037300
2017-06-02,125.2200,125.7700,125.0500,125.6200,97.7606,13245000
2017-06-05,124.9000,125.1600,124.7800,124.8400,97.1535,6775500
2017-06-06,125.6900,125.8700,125.4000,125.5200,97.6827,12841500
2017-06-07,125.2400,125.5200,124.7900,124.9200,97.2158,12852400
2017-06-08,124.8800,124.8800,124.3000,124.5900,96.9589,8758600
2017-06-09,124.0800,124.6400,123.9800,124.4000,96.8111,5130500
2017-06-12,124.2100,124.9900,124.1400,124.3600,96.7800,4335800
2017-06-13,124.0100,124.5200,123.9900,124.3800,96.7955,4742600
2017-06-14,125.9200,126.7100,125.7300,126.3000,98.2897,20212300
2017-06-15,126.0900,126.3300,125.8300,126.1000,98.1341,5863700
2017-06-16,126.0800,126.4400,126.0100,126.3500,98.3287,6672500
2017-06-19,126.3200,126.4800,126.0300,126.1700,98.1886,5641300
2017-06-20,126.7900,127.4000,126.7900,127.3000,99.0680,8405700
2017-06-21,127.1100,127.6400,126.9100,127.5600,99.2703,5914800
2017-06-22,127.7100,127.8700,127.3100,127.8400,99.4882,6608100
2017-06-23,127.4700,127.9000,127.4000,127.7800,99.4415,4329900
2017-06-26,128.2700,128.5700,128.1600,128.2600,99.8151,5541600
2017-06-27,127.4300,127.4900,126.6200,126.8900,98.7489,8354200
2017-06-28,126.6700,126.7100,125.9800,126.4700,98.4220,7357900
2017-06-29,125.0100,125.7200,124.9000,125.4100,97.5971,9115800
2017-06-30,125.1900,125.3900,124.8500,125.1200,97.3714,10189800
2017-07-03,125.0000,125.0400,124.0200,124.4600,97.0579,11021100
2017-07-05,124.2000,124.6500,124.1200,124.4900,97.0813,11394500
2017-07-06,123.5200,123.6400,122.9300,123.4600,96.2781,10853100
2017-07-07,122.8400,123.0300,122.5900,122.7200,95.7010,9401800
2017-07-10,122.8700,123.1000,122.6800,122.9000,95.8414,3859200
2017-07-11,122.8600,123.3300,122.7100,123.1100,96.0052,4425600
2017-07-12,123.8900,124.0400,123.4900,123.9600,96.6680,7839900
2017-07-13,123.6000,123.6500,122.8100,123.1800,96.0598,7449300
2017-07-14,124.1000,124.1600,123.1200,123.3300,96.1767,6566800
2017-07-17,123.3300,123.9900,123.2700,123.6700,96.4419,4737300
2017-07-18,124.4300,124.7700,124.2300,124.7500,97.2841,9163000
2017-07-19,124.7800,125.0100,124.5900,124.8000,97.3230,5140900
2017-07-20,125.4900,125.7300,124.9700,125.1600,97.6038,12239100
2017-07-21,125.7300,126.0300,125.5700,125.6900,98.0171,6201500
2017-07-24,125.4500,125.6600,125.1600,125.2000,97.6350,5378500
2017-07-25,124.1400,124.1900,123.4700,123.5700,96.3639,9743300
2017-07-26,123.2700,124.0900,123.0800,123.7700,96.5199,8459500
2017-07-27,123.1100,123.3800,122.8200,123.1600,96.0442,6390800
2017-07-28,123.2700,123.9900,123.2600,123.8900,96.6134,5491800
2017-07-31,123.4600,124.0500,123.4000,124.0400,96.7304,5464600
2017-08-01,123.1800,124.7100,123.1600,124.6400,97.4096,9676800
2017-08-02,124.7700,125.1700,124.6800,124.7100,97.4643,5745600
2017-08-03,125.2900,126.0200,125.2600,126.0000,98.4725,10324500
2017-08-04,125.1500,125.1800,124.4400,124.9300,97.6362,8485500
2017-08-07,124.8400,125.1000,124.6100,125.0700,97.7456,4684600
2017-08-08,124.8700,124.9800,124.1500,124.6200,97.3939,6197400
2017-08-09,125.9300,125.9500,125.2000,125.3000,97.9254,9221800
2017-08-10,125.6200,126.4400,125.5200,126.3700,98.7616,10378200
2017-08-11,125.7700,126.4600,125.5500,126.4300,98.8085,5717800
2017-08-14,125.9900,126.2800,125.7300,125.7800,98.3005,5111000
2017-08-15,124.7300,125.5400,124.7100,125.2500,97.8863,7473200
2017-08-16,124.8300,126.0200,124.8100,125.7100,98.2458,5283800
2017-08-17,125.7000,126.6800,125.5100,126.6500,98.9804,9364700
2017-08-18,126.9800,127.1500,126.2600,126.6200,98.9570,8382500
2017-08-21,126.7700,127.0200,126.5000,126.9300,99.1992,7669800
2017-08-22,126.7900,126.8100,126.2700,126.4400,98.8163,6140700
2017-08-23,127.0400,127.3100,126.7600,127.3000,99.4884,7446400
2017-08-24,126.8800,127.3100,126.7200,126.8300,99.1211,5569400
2017-08-25,127.0200,127.4500,126.8700,127.3200,99.5041,7303300
2017-08-28,126.9200,127.3900,126.7300,127.2400,99.4415,4448500
2017-08-29,128.4600,128.5200,127.3100,127.6500,99.7619,7659400
2017-08-30,127.4600,127.7400,127.3400,127.6100,99.7307,4735200
2017-08-31,127.6400,128.0300,127.5700,127.9900,100.0277,7978400
2017-09-01,127.3100,127.3400,126.4300,126.7500,99.2626,14128600
2017-09-05,127.6900,128.8000,127.6900,128.7600,100.8367,15215700
2017-09-06,128.7200,129.0000,127.7400,127.9700,100.2180,9066400
2017-09-07,128.3300,129.5700,128.3300,129.2800,101.2439,13618900
2017-09-08,129.1100,129.1600,128.5700,129.0000,101.0246,9808500
2017-09-11,127.8700,128.0500,127.2600,127.4600,99.8186,17856700
2017-09-12,127.0500,127.0900,126.5300,126.7900,99.2939,7557400
2017-09-13,126.9100,126.9200,126.2800,126.2900,98.9023,6740000
2017-09-14,126.3700,126.8300,126.3300,126.8100,99.3095,6674500
2017-09-15,127.0000,127.0100,126.5400,126.8600,99.3487,9769200
2017-09-18,126.5000,126.5700,125.8400,126.1300,98.7771,6863000
2017-09-19,126.2800,126.3100,125.7300,125.8200,98.5342,5554900
2017-09-20,125.9700,126.0500,125.3300,125.9100,98.6048,8037000
2017-09-21,126.1600,126.5600,125.8200,125.8400,98.5499,6147800
2017-09-22,126.5000,126.7300,126.0600,126.2000,98.8318,5660700
2017-09-25,126.3200,127.2700,126.2000,126.9900,99.4505,9679000
2017-09-26,126.7700,126.8900,126.4300,126.7600,99.2704,7251900
2017-09-27,124.8700,125.3000,124.6100,124.8500,97.7746,12145700
2017-09-28,124.2100,124.6500,123.9700,124.4800,97.4848,8883700
2017-09-29,124.7600,125.0300,124.2700,124.7600,97.7041,11285500
2017-10-02,124.8100,125.0000,124.2400,124.2800,97.5252,7860700
2017-10-03,123.9200,124.5100,123.9200,124.4000,97.6193,6219800
2017-10-04,124.5300,124.5900,123.8800,124.4100,97.6272,7447000
2017-10-05,124.2700,124.3000,123.6900,123.9400,97.2584,8180300
2017-10-06,123.2900,124.1000,123.0300,123.5900,96.9837,10375000
2017-10-09,123.7800,124.0600,123.6400,123.9800,97.2898,3590900
2017-10-10,124.1400,124.8700,124.0200,124.1800,97.4467,6666800
2017-10-11,124.5700,124.6600,124.2600,124.4200,97.6351,4385900
2017-10-12,124.5500,124.9800,124.2400,124.9500,98.0510,7141600
2017-10-13,125.5800,125.9400,125.1700,125.8500,98.7572,7746900
2017-10-16,125.5300,125.9000,125.3800,125.7600,98.6866,5737300
2017-10-17,125.3900,126.0900,125.3900,125.9200,98.8121,4969600
2017-10-18,125.0500,125.1800,124.6800,125.0900,98.1608,5943800
2017-10-19,125.7400,126.0100,125.2700,125.3100,98.3335,8966500
2017-10-20,124.0000,124.2800,123.6400,123.9800,97.2898,12326900
2017-10-23,124.1600,124.4900,124.0200,124.2000,97.4624,6871100
2017-10-24,123.3700,123.6900,123.1500,123.4300,96.8582,6842800
2017-10-25,122.5300,122.9800,122.4200,122.8400,96.3952,9961400
2017-10-26,123.0600,123.0600,122.4300,122.4300,96.0734,8179400
2017-10-27,122.9400,123.3300,122.7500,123.2400,96.7091,10480900
2017-10-30,123.8600,124.4600,123.5600,124.4200,97.6351,9051600
2017-10-31,124.5300,124.6600,124.4000,124.4600,97.6664,4424300
2017-11-01,124.3500,125.1400,124.3000,124.7500,98.1013,8940400
2017-11-02,125.0000,125.5200,124.9200,125.3000,98.5338,7222700
2017-11-03,125.4700,125.7000,125.1400,125.6400,98.8012,10984100
2017-11-06,125.9300,126.2200,125.7200,126.1100,99.1708,6246700
2017-11-07,126.2300,126.7800,126.1300,126.6400,99.5876,6422700
2017-11-08,126.5900,126.8000,126.2100,126.3600,99.3674,3356200
2017-11-09,125.8700,126.2400,125.5500,126.0000,99.0843,6280400
2017-11-10,124.7100,124.8400,123.9600,124.1000,97.5901,11981000
2017-11-13,124.8000,124.8100,124.3100,124.3600,97.7947,5880800
2017-11-14,124.7700,125.2400,124.7700,125.2000,98.4552,6195900
2017-11-15,126.0600,126.6700,125.6400,126.5600,99.5247,9568200
2017-11-16,126.0100,126.3300,125.4500,125.4600,98.6597,5894900
2017-11-17,126.0700,126.4400,125.9600,126.3900,99.3910,6938800
2017-11-20,125.9100,126.3800,125.9100,126.3400,99.3517,4232300
2017-11-21,127.0900,127.2900,126.3100,126.7400,99.6662,5818400
2017-11-22,126.6200,127.2000,126.5100,127.1500,99.9886,4140700
2017-11-24,126.9300,127.0300,126.6900,126.8000,99.7133,3141400
2017-11-27,126.8600,127.0500,126.4200,126.6200,99.5719,6079900
2017-11-28,126.7700,127.1800,126.4700,126.7900,99.7055,5983000
2017-11-29,125.5600,125.6800,125.1000,125.5400,98.7225,14547100
2017-11-30,125.3100,125.5200,124.4400,125.1200,98.3923,9630000
2017-12-01,125.8700,127.6900,125.1000,126.5500,99.7200,24583100
2017-12-04,125.9200,126.6700,125.8100,126.6100,99.7673,9609200
2017-12-05,126.4700,127.5000,126.4500,127.2400,100.2637,10958900
2017-12-06,127.8700,128.2300,127.6600,127.6800,100.6105,11834200
2017-12-07,127.9300,128.1000,126.3000,126.6800,99.8225,13056800
2017-12-08,126.5900,126.7400,126.2400,126.6900,99.8303,4786100
2017-12-11,126.8600,127.0900,126.4100,126.4300,99.6255,3863800
2017-12-12,126.1700,126.4100,125.6700,126.3800,99.5860,7502400
2017-12-13,126.8100,127.3900,126.5900,127.3300,100.3347,8532900
2017-12-14,127.0500,127.9800,126.7900,127.8700,100.7602,6885000
2017-12-15,127.8100,128.5900,127.5600,128.3500,101.1384,7239400
2017-12-18,127.9700,128.0000,126.9100,127.1800,100.2165,7239700
2017-12-19,126.3200,126.3800,125.0700,125.5300,98.9163,11045800
2017-12-20,124.3100,124.7100,123.9500,124.1400,97.8210,10005800
2017-12-21,124.0300,124.8600,124.0000,124.6000,98.3911,7026900
2017-12-22,124.7000,124.8400,124.5300,124.7700,98.5254,3974300
2017-12-26,124.9800,125.5300,124.9700,125.1400,98.8175,3168400
2017-12-27,125.7100,126.9800,125.7000,126.7700,100.1047,9059700
2017-12-28,126.5300,126.8300,126.3700,126.6600,100.0178,5297100
2017-12-29,126.5000,127.1200,126.4800,126.8600,100.1757,7580500
2018-01-02,126.4900,126.5100,125.0700,125.4900,99.0939,16238200
2018-01-03,126.0000,126.2000,125.4900,126.0900,99.5677,8605100
2018-01-04,125.6500,126.1600,125.3700,126.0700,99.5519,9217900
2018-01-05,125.8700,126.1800,125.3600,125.7100,99.2677,10915400
2018-01-08,125.9900,126.0300,125.1700,125.6300,99.2045,8850600
2018-01-09,124.8100,124.8300,123.8100,123.9500,97.8779,16226400
2018-01-10,122.8100,123.9300,122.6600,123.8000,97.7594,14302600
2018-01-11,123.5100,124.5900,123.3100,124.3100,98.1621,12511000
2018-01-12,124.1000,124.7900,123.9100,124.5200,98.3279,9987100
2018-01-16,125.1700,125.2800,124.5600,125.0400,98.7385,9125900
2018-01-17,125.0800,125.6400,124.6000,124.8700,98.6044,8327000
2018-01-18,123.9300,124.2700,123.5400,123.7100,97.6883,10843900
2018-01-19,123.4000,123.5600,122.9800,123.0600,97.1751,11374300
2018-01-22,123.4500,123.7100,122.9900,123.1800,97.2698,8984700
2018-01-23,123.8100,124.2000,123.2400,123.7100,97.6883,12325700
2018-01-24,122.8500,123.1300,122.5400,123.0400,97.1593,9038900
2018-01-25,123.1600,124.1500,122.8000,124.0500,97.9568,12173300
2018-01-26,123.8800,123.9100,123.1000,123.5900,97.5936,6462900
2018-01-29,122.9700,122.9700,122.3000,122.7300,96.9145,12223000
2018-01-30,122.2800,122.3700,121.7000,122.0100,96.3459,12064400
2018-01-31,122.8700,122.9300,121.9400,122.7300,96.9145,18045100
2018-02-01,122.4800,122.5300,120.6300,120.7000,95.5099,18632800
2018-02-02,120.1500,120.2600,119.2400,119.5800,94.6236,23944400
2018-02-05,119.1700,121.8200,118.6400,120.7100,95.5178,28606200
2018-02-06,120.4200,120.8700,119.7200,119.9600,94.9243,10935400
2018-02-07,120.1300,120.3300,118.5600,118.8200,94.0222,16271100
2018-02-08,118.0100,119.1800,117.8500,118.6900,93.9194,15155100
2018-02-09,118.1100,119.0900,117.7900,117.9400,93.3259,15661600
2018-02-12,118.5600,119.3000,118.1900,118.4600,93.7374,10944600
2018-02-13,118.6100,119.0100,118.3900,118.9900,94.1568,8157600
2018-02-14,118.4600,118.5400,117.4700,117.6700,93.1123,12043300
2018-02-15,118.1900,118.8000,117.9900,118.0700,93.4288,8222400
2018-02-16,119.0400,119.2100,118.3400,118.7100,93.9352,8454100
2018-02-20,118.2800,118.5100,117.7800,118.1900,93.5238,8268800
2018-02-21,118.2400,118.2900,116.5100,116.7400,92.3764,12054300
2018-02-22,117.2400,117.6600,117.0000,117.0900,92.6533,9317900
2018-02-23,117.8800,118.3100,117.7200,118.1300,93.4763,9072900
2018-02-26,118.6800,118.9100,118.0400,118.1700,93.5079,8771600
2018-02-27,118.5200,118.6600,117.2600,118.0000,93.3734,12525700
2018-02-28,118.4700,118.8300,118.2500,118.7500,93.9669,9311600
2018-03-01,118.4300,119.6200,118.1500,119.3200,94.6084,12287700
2018-03-02,118.8500,118.9300,118.1200,118.3500,93.8392,10064300
2018-03-05,118.7500,118.8000,117.6300,118.0300,93.5855,5658200
2018-03-06,118.3600,118.6800,118.1200,118.1400,93.6727,5452000
2018-03-07,118.5700,118.6800,117.9600,118.0100,93.5697,4461800
2018-03-08,118.3100,118.9900,118.2600,118.6900,94.1088,7086700
2018-03-09,117.9900,118.2700,117.5900,117.9100,93.4904,6570400
2018-03-12,118.3100,118.6600,118.1900,118.5900,94.0295,5801300
2018-03-13,118.3100,119.3700,118.1900,119.1900,94.5052,7455300
2018-03-14,119.4000,120.4000,119.3700,120.2400,95.3378,10175000
2018-03-15,120.1700,120.4900,119.9300,120.2400,95.3378,6757900
2018-03-16,119.8000,120.0100,119.5500,119.8100,94.9968,6084300
2018-03-19,119.2100,119.9700,119.2000,119.4300,94.6955,8491200
2018-03-20,118.9100,119.2200,118.8300,118.9500,94.3149,5446000
2018-03-21,118.6600,119.4200,118.1100,119.0800,94.4180,9742400
2018-03-22,120.3100,120.8200,119.6700,120.2600,95.3537,12136600
2018-03-23,119.6800,120.3100,119.6200,120.1700,95.2823,7250400
2018-03-26,120.0000,120.4500,119.6700,119.7100,94.9176,8237900
2018-03-27,119.8300,121.1200,119.8100,120.9900,95.9325,9168500
2018-03-28,121.4500,121.6400,120.9500,121.3100,96.1862,7412500
2018-03-29,121.5400,122.2900,121.5100,121.9000,96.6540,9694300
2018-04-02,121.3500,122.3600,121.1600,121.8800,96.8447,12036500
2018-04-03,121.3600,121.4800,120.8300,120.9400,96.0978,9855000
2018-04-04,121.3500,121.4600,120.6000,120.6900,95.8991,6654300
2018-04-05,120.1000,120.2700,119.7700,119.7900,95.1840,7603700
2018-04-06,120.6600,121.1500,120.2200,121.1000,96.2249,8831200
2018-04-09,120.6400,121.3000,120.3500,121.3000,96.3839,6307500
2018-04-10,121.2000,121.3800,120.7800,121.0800,96.2090,6046000
2018-04-11,121.8500,121.8900,121.2700,121.5100,96.5507,5901300
2018-04-12,121.0400,121.0700,120.4100,120.6200,95.8435,6622800
2018-04-13,120.5200,121.1300,120.5000,120.9000,96.0660,4964000
2018-04-16,120.2300,120.9700,120.1800,120.9400,96.0978,4491300
2018-04-17,120.9200,121.5800,120.8200,121.2700,96.3600,5590400
2018-04-18,121.2900,121.3400,120.2800,120.3000,95.5892,8138400
2018-04-19,119.4200,119.5300,118.8100,119.3200,94.8106,9875800
2018-04-20,118.8900,119.1300,118.4300,118.4600,94.1272,7579400
2018-04-23,118.3300,118.6200,118.0800,118.4900,94.1510,7073200
2018-04-24,118.2100,118.4500,117.7600,117.9500,93.7219,8190800
2018-04-25,117.4100,117.6500,116.9400,117.1600,93.0942,6603800
2018-04-26,117.7300,118.1300,117.5900,117.9800,93.7458,6528600
2018-04-27,118.4700,118.9500,118.4400,118.8900,94.4688,5401800
2018-04-30,119.0800,119.5600,118.9400,119.1000,94.6357,8321100
2018-05-01,118.7700,118.8400,118.2300,118.4100,94.2949,7979200
2018-05-02,118.6400,118.8700,118.2600,118.2800,94.1914,4644000
2018-05-03,118.8400,119.3100,118.6800,118.8100,94.6134,6345300
2018-05-04,119.2300,119.2300,118.4900,118.9900,94.7568,4283500
2018-05-07,118.9700,119.0200,118.7400,118.8000,94.6055,3647800
2018-05-08,118.5500,119.0000,118.3000,118.6900,94.5179,6091200
2018-05-09,118.1200,118.4200,117.9800,117.9800,93.9525,7832500
2018-05-10,118.5500,118.9800,118.3500,118.9300,94.7090,7101500
2018-05-11,119.3200,119.3600,118.8200,119.2300,94.9479,4273400
2018-05-14,118.8000,118.9900,118.5900,118.6000,94.4462,4996200
2018-05-15,117.5600,117.5800,116.7000,117.2500,93.3712,12901000
2018-05-16,117.4200,117.5300,116.7900,116.8000,93.0128,6518000
2018-05-17,116.6300,116.8200,116.0900,116.2100,92.5430,7330300
2018-05-18,116.5100,117.2900,116.5100,117.2100,93.3393,9606500
2018-05-21,117.1300,117.3800,116.9500,117.2700,93.3871,4448500
2018-05-22,117.2900,117.3500,116.8500,117.0900,93.2437,4700700
2018-05-23,117.7500,118.1100,117.6600,117.9400,93.9206,9634000
2018-05-24,118.6900,119.0600,118.6400,118.8800,94.6692,8204100
2018-05-25,119.5600,119.8400,119.4700,119.6200,95.2585,8482800
2018-05-29,120.7900,122.5200,120.4300,122.2400,97.3449,21668100
2018-05-30,121.0000,121.4800,120.7400,121.4200,96.6919,11616300
2018-05-31,121.5600,121.9800,120.9500,121.2200,96.5326,10769900
2018-06-01,120.1700,120.7100,119.8500,120.3000,96.0226,8718800
2018-06-04,120.1100,120.1400,119.3700,119.4300,95.3281,7156500
2018-06-05,119.9600,120.1600,119.6200,119.7100,95.5517,5635900
2018-06-06,119.0800,119.1000,118.4200,118.7400,94.7774,7813300
2018-06-07,118.6900,120.4900,118.6800,119.8900,95.6953,13238300
2018-06-08,119.5600,119.8500,119.4400,119.5300,95.4080,6790600
2018-06-11,119.0700,119.3900,118.9400,119.3100,95.2324,6844200
2018-06-12,118.9300,119.4600,118.8900,119.3400,95.2563,6048200
2018-06-13,119.4500,119.6400,118.6300,119.2800,95.2085,8834700
2018-06-14,119.7800,120.3000,119.4800,120.2700,95.9986,10078800
2018-06-15,120.8300,121.0900,120.3000,120.3800,96.0864,7992800
2018-06-18,120.4800,120.5600,120.0400,120.2700,95.9986,4893700
2018-06-19,120.9700,121.2300,120.7000,120.9700,96.5574,6133300
2018-06-20,120.7700,120.7900,119.9000,119.9100,95.7113,6879100
2018-06-21,120.3600,120.7500,120.2200,120.5400,96.2142,7235800
2018-06-22,120.0900,120.6200,120.0600,120.5300,96.2061,4082500
2018-06-25,120.6600,121.1100,120.6400,120.8000,96.4217,8363700
2018-06-26,120.7700,121.0300,120.6600,120.9700,96.5574,5450000
2018-06-27,121.7500,122.1800,121.5500,122.1100,97.4673,8173400
2018-06-28,122.1300,122.2500,121.8300,122.1400,97.4913,7109500
2018-06-29,122.1700,122.5000,121.6500,121.7200,97.1560,11164700
2018-07-02,121.7400,121.7500,121.2900,121.3500,97.0800,9662000
2018-07-03,121.5300,122.0300,121.5300,122.0000,97.6000,3808800
2018-07-05,122.0600,122.5300,122.0100,122.3500,97.8800,3860400
2018-07-06,122.7500,122.9200,122.4800,122.7500,98.2000,4679900
2018-07-09,122.0700,122.2100,121.9000,121.9600,97.5680,5952700
2018-07-10,121.8700,122.1300,121.8100,121.9500,97.5600,5759700
2018-07-11,122.4500,122.5500,122.0900,122.4200,97.9360,6869100
2018-07-12,122.1700,122.4700,122.1400,122.4100,97.9280,4824700
2018-07-13,122.6100,122.8700,122.4700,122.7200,98.1760,4079000
2018-07-16,122.2100,122.2900,121.6400,122.2100,97.7680,5517100
2018-07-17,122.2900,122.3900,121.9000,121.9800,97.5840,3764300
2018-07-18,122.0200,122.0400,121.3900,121.4900,97.1920,6330000
2018-07-19,121.8000,122.4500,121.7700,122.2600,97.8080,6166700
2018-07-20,121.5800,121.5900,120.7000,120.7600,96.6080,10469500
2018-07-23,120.3800,120.3800,119.1800,119.2700,95.4160,11571800
2018-07-24,119.2800,119.8200,119.1400,119.6800,95.7440,9053500
2018-07-25,120.0200,120.2600,119.2600,119.4900,95.5920,7357900
2018-07-26,119.7100,119.8800,119.1600,119.2600,95.4080,6821100
2018-07-27,119.8500,119.8700,119.4000,119.4600,95.5680,4542000
2018-07-30,118.9900,119.4100,118.9700,119.0500,95.2401,7111200
2018-07-31,119.7900,119.8600,119.5600,119.7000,95.7600,6797400
2018-08-01,118.2900,118.8400,118.0700,118.4600,94.9799,13312600
2018-08-02,118.6200,118.7400,118.3000,118.6300,95.1162,4451100
2018-08-03,118.8300,119.2900,118.8100,119.2200,95.5892,6162400
2018-08-06,119.5400,119.8400,119.2700,119.2900,95.6454,4200200
2018-08-07,119.0300,119.1000,118.5700,118.6700,95.1483,5346900
2018-08-08,118.6600,119.0300,118.6100,118.7900,95.2444,5640900
2018-08-09,119.2300,119.8300,119.1200,119.7900,96.0462,7144100
2018-08-10,120.3700,121.0500,120.2800,120.6600,96.7438,8457900
2018-08-13,120.2500,120.7000,120.2100,120.4100,96.5434,7923200
2018-08-14,120.5400,120.5600,120.0300,120.1400,96.3269,4251200
2018-08-15,120.6600,121.1300,120.5700,120.8400,96.8881,7649800
2018-08-16,120.8100,120.9300,120.2800,120.8300,96.8801,5400400
2018-08-17,121.0900,121.3900,120.7500,120.9800,97.0004,3537600
2018-08-20,121.6400,121.9100,121.5400,121.7900,97.6498,5603700
2018-08-21,121.3700,121.5300,121.0700,121.3800,97.3211,4695000
2018-08-22,122.0000,122.0500,121.5800,121.8600,97.7059,5309600
2018-08-23,122.0000,122.1300,121.7800,122.0500,97.8583,5328700
2018-08-24,121.6200,122.3300,121.4900,122.2900,98.0507,6092200
2018-08-27,121.7800,121.8700,121.5200,121.5900,97.4895,6407400
2018-08-28,121.0000,121.0900,120.6800,120.8600,96.9041,4929300
2018-08-29,120.9400,121.1500,120.6200,121.0200,97.0325,5613300
2018-08-30,121.3100,121.4600,121.0800,121.2800,97.2409,5302900
2018-08-31,121.8900,121.9200,120.8900,121.0000,97.0164,9677500
2018-09-04,119.9600,120.1000,119.7500,120.0300,96.4555,18343600
2018-09-05,119.7600,119.9000,119.5500,119.7100,96.1984,9422600
2018-09-06,119.7600,120.4000,119.6900,120.1500,96.5519,9566000
2018-09-07,119.3300,119.4000,118.9900,119.1300,95.7322,11212600
2018-09-10,119.1700,119.6000,119.1700,119.5700,96.0859,6386400
2018-09-11,119.0800,119.1700,118.6000,118.6600,95.3546,5440000
2018-09-12,119.0500,119.1700,118.9000,118.9400,95.5796,3347200
2018-09-13,119.3400,119.5700,118.9800,119.1200,95.7243,4833000
2018-09-14,118.4100,118.9100,118.3000,118.5500,95.2662,5579500
2018-09-17,118.1800,118.8200,118.1200,118.5500,95.2662,5433000
2018-09-18,118.0600,118.0700,117.1600,117.3100,94.2697,10182300
2018-09-19,117.1100,117.1100,116.1900,116.6100,93.7072,13379600
2018-09-20,116.5800,117.3000,116.4700,117.1500,94.1412,8657300
2018-09-21,116.8700,117.2800,116.8400,117.1000,94.1010,6173800
2018-09-24,116.7400,117.2700,116.7200,116.8000,93.8599,5505500
2018-09-25,116.4800,116.7400,116.4000,116.6800,93.7634,6650900
2018-09-26,116.9300,117.5800,116.6600,117.5000,94.4224,9512700
2018-09-27,117.2400,117.6500,117.1000,117.5800,94.4867,5758500
2018-09-28,117.8500,117.9100,117.2200,117.2700,94.2376,12807700
2018-10-01,116.6600,116.8300,116.1200,116.1500,93.5457,22442400
2018-10-02,116.6700,117.1300,116.6000,116.8600,94.1176,8266900
2018-10-03,116.2700,116.3600,114.2400,114.8300,92.4826,20829200
2018-10-04,114.1300,114.3900,113.7100,114.0200,91.8302,16207400
2018-10-05,113.3900,113.7200,112.6200,113.0400,91.0410,18096500
2018-10-08,112.9900,113.1100,112.6400,112.6600,90.7350,5855900
2018-10-09,113.1400,113.8500,113.0700,113.8000,91.6531,11530800
2018-10-10,113.1400,113.5800,112.7900,113.4900,91.4034,15290100
2018-10-11,114.0000,115.1500,113.7900,114.8700,92.5148,16086800
2018-10-12,114.3900,115.0100,114.2800,114.4700,92.1927,6794100
2018-10-15,114.6600,114.8200,114.2900,114.4200,92.1524,7146300
2018-10-16,114.3900,114.7200,114.1600,114.6800,92.3618,4762300
2018-10-17,114.6600,114.7900,113.9800,114.0000,91.8142,5880700
2018-10-18,113.6200,114.3900,113.5500,113.9600,91.7819,5728800
2018-10-19,113.8500,113.9500,113.4100,113.7100,91.5806,10892400
2018-10-22,113.9500,114.0800,113.5300,113.5600,91.4598,3244200
2018-10-23,114.7600,115.0200,113.8400,113.9200,91.7497,10330700
2018-10-24,114.3600,114.8200,114.2400,114.7800,92.4424,16008000
2018-10-25,114.5400,114.7400,114.2300,114.3000,92.0558,12613200
2018-10-26,114.9300,115.3200,114.7900,114.9900,92.6115,18582500
2018-10-29,114.8400,115.0200,114.2600,114.7300,92.4021,7679900
2018-10-30,114.2600,114.5400,114.0200,114.1600,91.9430,9939500
2018-10-31,113.7400,113.9600,113.2100,113.5800,91.4759,8706400
2018-11-01,112.8500,113.5600,112.8400,113.4100,91.5607,6100200
2018-11-02,113.1700,113.2600,111.9000,112.0000,90.4223,11314800
2018-11-05,112.4800,112.7100,112.3500,112.4400,90.7776,4760200
2018-11-06,112.6000,112.7300,112.3300,112.3700,90.7210,3159900
2018-11-07,113.1900,113.4000,112.4100,112.5200,90.8421,9313100
2018-11-08,112.9600,112.9700,112.4100,112.5100,90.8341,6905100
2018-11-09,112.7500,113.5000,112.7200,113.3500,91.5122,6465300
2018-11-12,113.9500,114.3100,113.9100,114.0900,92.1096,6840000
2018-11-13,113.7100,114.0200,113.4800,114.0200,92.0531,6525800
2018-11-14,113.4800,114.5200,113.3000,114.0900,92.1096,8690800
2018-11-15,114.4400,114.5400,113.6800,114.0400,92.0693,7879600
2018-11-16,114.2000,114.8100,113.9200,114.7000,92.6021,9236700
2018-11-19,114.4100,115.0200,114.4100,115.0200,92.8605,7027200
2018-11-20,115.2400,115.4600,114.9300,115.0600,92.8928,6332600
2018-11-21,114.8900,115.0900,114.5400,115.0200,92.8605,4951100
2018-11-23,115.6700,115.7600,115.0900,115.1400,92.9574,3027900
2018-11-26,114.8600,115.0600,114.7800,114.8800,92.7475,6599000
2018-11-27,114.8100,115.2500,114.7600,115.0100,92.8524,5967200
2018-11-28,114.8500,115.0200,114.3600,114.4500,92.4003,7814000
2018-11-29,114.9200,115.2500,114.5900,114.9000,92.7636,7295600
2018-11-30,115.3100,115.4200,114.9800,115.3300,93.1108,9127800
2018-12-03,114.6800,115.8800,114.6600,115.8800,93.7719,9763800
2018-12-04,116.8100,118.6700,116.6300,117.8200,95.3418,18100500
2018-12-06,118.5400,119.2000,118.1300,118.1900,95.6412,15319400
2018-12-07,117.8100,118.5300,117.5200,118.4100,95.8192,8608400
2018-12-10,118.8700,119.2800,118.4400,118.9000,96.2157,8777700
2018-12-11,118.9700,119.3800,118.6100,118.8800,96.1996,8071900
2018-12-12,118.5800,118.7200,118.2400,118.3500,95.7707,6182200
2018-12-13,118.4600,118.5800,117.9800,118.0700,95.5441,5564200
2018-12-14,118.5500,118.7700,118.2200,118.4800,95.8759,8169200
2018-12-17,118.5900,119.3000,118.5800,119.1700,96.4342,9726800
2018-12-18,119.0700,119.7900,118.9400,119.6000,97.0117,10018800
2018-12-19,120.1100,121.6600,119.9200,121.1800,98.2934,23046300
2018-12-20,122.0100,122.0300,120.6700,120.7400,97.9364,18543700
2018-12-21,121.1400,121.2100,120.3900,120.7200,97.9202,9945100
2018-12-24,121.1300,121.4200,120.9100,121.3200,98.4069,8377500
2018-12-26,120.9900,121.3900,119.9700,120.0200,97.3524,11700400
2018-12-27,121.2600,121.3800,119.9800,120.0400,97.3687,12146500
2018-12-28,120.4000,121.0500,120.2900,121.0500,98.1879,9879100
2018-12-31,120.6500,121.5600,120.4600,121.5100,98.5610,17409000
2019-01-02,121.6600,122.1600,121.3400,122.1500,99.0801,19841500
2019-01-03,122.2900,123.8600,122.2300,123.5400,100.2076,21187000
2019-01-04,122.3400,122.5600,121.6500,122.1100,99.0477,12970200
2019-01-07,122.6200,122.6500,121.6200,121.7500,98.7557,8498100
2019-01-08,121.6900,121.9400,121.3900,121.4300,98.4961,7737100
2019-01-09,121.2600,121.4300,120.8000,121.2400,98.3420,9349200
2019-01-10,121.2800,121.4100,120.3400,120.4600,97.7094,8222900
2019-01-11,120.8300,121.2700,120.6800,120.9300,98.0906,5786900
2019-01-14,120.9000,121.0100,120.2400,120.4800,97.7256,6730500
2019-01-15,120.5600,120.5700,119.9500,120.0400,97.3687,8997400
2019-01-16,119.5900,120.3900,119.5100,120.1600,97.4660,6048400
2019-01-17,120.2200,120.5300,119.8900,120.1900,97.4903,8153400
2019-01-18,119.8400,120.1200,119.3900,119.5600,96.9793,14106400
2019-01-22,120.3100,120.7200,120.0700,120.3700,97.6363,8881100
2019-01-23,119.8800,120.6200,119.8300,120.3200,97.5958,5776800
2019-01-24,120.9100,121.2600,120.7100,121.1100,98.2365,7121900
2019-01-25,120.5900,120.7500,120.3200,120.5300,97.7661,6460800
2019-01-28,120.5400,120.9400,120.4100,120.4100,97.6688,6435800
2019-01-29,120.5300,121.0400,120.3900,121.0200,98.1636,5750100
2019-01-30,120.8400,120.9800,120.3300,120.9300,98.0906,10571300
2019-01-31,121.5500,122.1800,121.5000,121.9700,98.9342,11843400
2019-02-01,121.4800,121.5700,120.8400,120.9600,98.3366,12024600
2019-02-04,120.4400,120.5500,120.0200,120.4200,97.8976,8966200
2019-02-05,120.7300,121.2300,120.6600,120.9700,98.3447,6983300
2019-02-06,121.3600,121.4100,120.7300,121.0300,98.3935,5184000
2019-02-07,121.4600,121.9100,121.2300,121.8300,99.0439,8781000
2019-02-08,122.2600,122.4700,122.0700,122.3500,99.4666,5885400
2019-02-11,121.8600,122.1800,121.7500,121.8700,99.0764,4352800
2019-02-12,121.6600,121.7500,121.2000,121.5600,98.8244,7939600
2019-02-13,121.1500,121.3900,120.9100,121.1000,98.4505,4757700
2019-02-14,122.1400,122.2000,121.5800,121.7900,99.0114,5868900
2019-02-15,121.5600,122.0200,121.5400,121.9800,99.1659,5527200
2019-02-19,122.4200,122.5400,121.9500,122.2900,99.4179,5872800
2019-02-20,121.9500,122.0800,121.5900,121.9400,99.1333,4455800
2019-02-21,121.0700,121.1600,120.7000,120.8500,98.2472,7382500
2019-02-22,121.4700,121.9500,121.4200,121.5700,98.8325,6374600
2019-02-25,121.1700,121.3000,120.9200,121.2100,98.5399,6293500
2019-02-26,121.7300,121.8200,121.3600,121.8100,99.0276,6028900
2019-02-27,121.1200,121.1300,120.2800,120.4300,97.9057,7737300
2019-02-28,120.5600,120.6200,119.7100,120.0200,97.5724,9533400
2019-03-01,119.3300,119.5300,118.6400,118.6600,96.6706,13541100
2019-03-04,119.2900,119.7700,119.0600,119.5900,97.4282,9808500
2019-03-05,119.2800,119.8700,119.2700,119.8400,97.6319,5595200
2019-03-06,119.9200,120.5200,119.8900,120.2800,97.9903,7766700
2019-03-07,120.6400,121.2600,120.6100,121.0600,98.6258,8187200
2019-03-08,121.1200,121.6900,120.8500,121.5700,99.0413,7517600
2019-03-11,121.4000,121.4200,120.9800,121.2100,98.7480,5157800
2019-03-12,121.3000,122.2300,121.2600,122.0600,99.4405,6422300
2019-03-13,121.6600,121.9600,121.6200,121.8300,99.2531,4386300
2019-03-14,121.6900,121.7600,120.9200,120.9500,98.5362,8188400
2019-03-15,121.7400,121.9500,121.4000,121.7500,99.1879,4302000
2019-03-18,121.5700,121.8700,121.5200,121.6800,99.1309,3893300
2019-03-19,121.0900,121.6200,120.8900,121.4100,98.9109,5220200
2019-03-20,121.7400,122.8500,121.7300,122.6800,99.9456,10123700
2019-03-21,122.9600,123.0900,122.7400,122.9500,100.1655,7182600
2019-03-22,124.2100,125.2800,124.0600,124.8600,101.7216,13077000
2019-03-25,124.8100,125.9400,124.5100,125.0600,101.8846,9736300
2019-03-26,124.7000,125.2900,124.6200,124.9700,101.8112,7502000
2019-03-27,125.4200,126.3400,125.3100,126.1200,102.7481,14207200
2019-03-28,126.2500,126.6900,126.0100,126.5600,103.1066,9143200
2019-03-29,125.6800,126.4700,125.6400,126.4400,103.0088,10841400
2019-04-01,125.2900,125.3600,124.1900,124.3700,101.5457,16501500
2019-04-02,124.4800,124.7400,124.2500,124.6000,101.7334,9725000
2019-04-03,123.6100,123.8700,123.3700,123.5200,100.8517,10407000
2019-04-04,123.6000,123.8900,123.4400,123.8700,101.1375,7503400
2019-04-05,123.6200,124.1700,123.5800,124.0300,101.2680,6321800
2019-04-08,123.8300,123.9500,123.5200,123.5900,100.9088,4446400
2019-04-09,124.2200,124.3400,123.7700,123.9800,101.2272,7020300
2019-04-10,124.2700,124.5200,124.1000,124.2800,101.4722,7519900
2019-04-11,123.9300,124.0200,123.4100,123.5500,100.8762,8679300
2019-04-12,122.8900,123.0600,122.6300,122.6700,100.1576,7005500
2019-04-15,122.7800,122.9900,122.7200,122.9800,100.4108,3070000
2019-04-16,122.5100,122.6300,122.1400,122.2100,99.7821,8927300
2019-04-17,122.1300,122.5700,122.1100,122.2600,99.8229,6118500
2019-04-18,122.8100,123.1000,122.7800,122.9000,100.3455,27589400
2019-04-22,122.4700,122.5700,122.2400,122.3100,99.8637,6241200
2019-04-23,122.6100,122.7000,122.3900,122.5700,100.0760,6239700
2019-04-24,123.1100,123.5900,123.0900,123.5700,100.8925,7302000
2019-04-25,123.4900,123.6200,123.1000,123.3900,100.7455,5380900
2019-04-26,123.9800,124.0200,123.6400,123.8100,101.0885,5950700
2019-04-29,123.2300,123.3500,122.8500,123.0200,100.4434,10246000
2019-04-30,122.9500,123.7400,122.9300,123.6500,100.9578,7957400
2019-05-01,123.6900,124.4500,123.6000,123.9000,101.3743,14371900
2019-05-02,123.6800,123.8100,123.0400,123.3100,100.8916,6612800
2019-05-03,123.6600,123.8800,123.3700,123.6600,101.1779,6191700
2019-05-06,124.3100,124.3800,123.9300,124.0000,101.4561,4482500
2019-05-07,124.5300,125.1400,124.3900,124.9500,102.2334,8984900
2019-05-08,125.1500,125.3000,124.3000,124.4100,101.7916,6907600
2019-05-09,125.1100,125.3000,124.3100,124.9200,102.2089,9411900
2019-05-10,124.8900,125.4500,124.5900,124.7500,102.0697,6037800
2019-05-13,125.4000,125.9300,125.2500,125.7300,102.8716,10501600
2019-05-14,125.5100,125.6500,125.2000,125.3600,102.5689,5690400
2019-05-15,126.2100,126.2700,125.7700,126.1300,103.1988,9566300
2019-05-16,125.8100,125.8300,125.5300,125.7100,102.8552,7666400
2019-05-17,126.2800,126.3000,125.6900,125.9900,103.0843,4747100
2019-05-20,126.1200,126.3800,125.6500,125.7300,102.8716,6043100
2019-05-21,125.6000,125.7200,125.3000,125.5300,102.7079,4021800
2019-05-22,125.7700,126.3300,125.7200,126.2500,103.2971,5675300
2019-05-23,126.8900,128.0900,126.8800,127.6700,104.4589,9743700
2019-05-24,127.5600,127.7800,127.3900,127.7800,104.5489,4981900
2019-05-28,128.2700,128.9000,128.0900,128.7000,105.3016,8098600
2019-05-29,129.6700,129.9000,129.0000,129.0900,105.6207,13260600
2019-05-30,129.3300,130.2300,128.8900,130.2000,106.5289,13024800
2019-05-31,130.9000,131.9000,130.8100,131.8300,107.8626,18933600
2019-06-03,131.9100,132.5800,131.5500,132.4400,108.5841,17822400
2019-06-04,131.3900,131.7600,130.5500,130.9300,107.3460,14250000
2019-06-05,130.5200,130.9500,130.1200,130.1900,106.7393,8815200
2019-06-06,130.9700,131.5900,130.3200,130.6100,107.0837,9621100
2019-06-07,131.7900,132.0700,131.4400,131.7400,108.0102,11378500
2019-06-10,130.6800,130.7000,130.3200,130.5000,106.9934,8288700
2019-06-11,130.4200,130.7600,130.3200,130.5800,107.0591,5115100
2019-06-12,130.3900,130.7500,130.3000,130.6800,107.1411,5278700
2019-06-13,130.8000,131.2500,130.7900,131.1300,107.5100,5560400
2019-06-14,131.1000,131.7100,131.0900,131.4600,107.7805,5838800
2019-06-17,131.3900,131.7600,131.1300,131.6900,107.9691,6046400
2019-06-18,132.7400,132.8600,131.9500,132.3500,108.5103,10320700
2019-06-19,131.8600,132.7200,131.5800,132.5400,108.6660,11962500
2019-06-20,132.9100,133.5100,132.5900,132.8900,108.9530,10721500
2019-06-21,132.5100,132.5300,131.3800,131.4300,107.7560,14495000
2019-06-24,132.1600,132.5300,132.0800,132.4100,108.5594,6378800
2019-06-25,132.7900,133.0900,132.7200,132.8200,108.8956,9604600
2019-06-26,132.6800,132.7000,131.8800,131.9700,108.1987,12766800
2019-06-27,132.3100,133.0900,131.9900,132.9000,108.9612,9724200
2019-06-28,132.5800,133.0800,132.4500,132.8100,108.8874,8149200
2019-07-01,132.5700,132.7500,131.5900,132.2400,108.6327,14131200
2019-07-02,132.5700,133.3900,132.4600,133.2600,109.4707,10494300
2019-07-03,133.5200,134.2900,133.5100,134.2100,110.2510,5380300
2019-07-05,132.5400,132.5500,131.6700,132.4300,108.7888,12180100
2019-07-08,133.0500,133.2200,132.6100,132.6100,108.9367,6490000
2019-07-09,132.6800,132.7100,132.1600,132.5600,108.8956,6215700
2019-07-10,132.3500,132.4400,131.5100,131.8300,108.2959,9470000
2019-07-11,131.3100,131.4100,129.7600,130.0700,106.8501,14126800
2019-07-12,129.9200,130.4500,129.6800,130.2200,106.9734,6992000
2019-07-15,130.4500,131.0500,130.4500,130.9700,107.5895,6055500
2019-07-16,130.1700,130.6000,129.9600,130.5800,107.2691,6172700
2019-07-17,131.0600,132.0200,131.0500,131.9900,108.4274,9662200
2019-07-18,131.4700,132.3200,131.2400,132.0000,108.4356,5724900
2019-07-19,131.5900,131.9300,131.5100,131.6900,108.1809,5804800
2019-07-22,132.4700,132.4900,131.7400,131.9400,108.3863,5204100
2019-07-23,131.6000,131.7400,130.9700,131.2200,107.7948,8108900
2019-07-24,131.6000,131.9000,131.4700,131.7900,108.2631,6389700
2019-07-25,131.2500,131.4100,130.5100,131.1600,107.7455,8893100
2019-07-26,131.7000,131.7800,131.2500,131.4700,108.0002,6188400
2019-07-29,131.8200,131.9500,131.4000,131.5100,108.0331,6231800
2019-07-30,132.0000,132.1000,131.4300,131.8300,108.2959,5678500
2019-07-31,131.7000,133.3300,131.6600,132.8900,109.1667,15798700
2019-08-01,133.3900,135.3900,133.2600,135.2600,111.3348,26664800
2019-08-02,135.6600,136.5100,135.4000,136.5100,112.3637,15143100
2019-08-05,138.1400,138.8900,137.6600,138.8700,114.3062,18543000
2019-08-06,138.2000,139.9800,138.0900,139.9800,115.2199,12747400
2019-08-07,142.4000,143.0600,139.7800,140.0300,115.2610,32582000
2019-08-08,139.1400,140.4300,137.9800,140.3300,115.5080,14746000
2019-08-09,140.6700,141.5500,139.8700,140.0500,115.2775,10626000
2019-08-12,141.7200,143.4300,141.5100,142.9700,117.6810,14094300
2019-08-13,143.8100,143.9100,141.9500,142.4800,117.2777,15974900
2019-08-14,145.1600,145.7300,144.7100,145.6900,119.9199,15068900
2019-08-15,145.9500,148.6000,145.5800,147.3100,121.2533,23588700
2019-08-16,146.0600,146.5100,144.8400,146.1300,120.2821,17150500
2019-08-19,143.5700,144.6600,143.5100,144.0400,118.5618,13614700
2019-08-20,145.2800,145.6200,144.8400,145.5300,119.7882,7451500
2019-08-21,144.7200,145.7900,144.2900,144.5600,118.9898,9372000
2019-08-22,144.0000,144.7000,143.4800,143.6000,118.1996,13878800
2019-08-23,143.5200,146.2700,143.4300,145.9600,120.1421,16191800
2019-08-26,145.8700,146.2900,145.2900,145.3700,119.6565,12174500
2019-08-27,146.6300,147.7200,146.4800,147.6100,121.5002,11332300
2019-08-28,148.7800,148.9000,147.6600,147.8000,121.6567,10095900
2019-08-29,147.2500,147.3400,146.1300,147.2400,121.1957,8884900
2019-08-30,146.6100,147.4800,146.3600,147.2800,121.2287,13550800
2019-09-03,147.0900,148.6700,146.5700,147.2100,121.3853,15660800
2019-09-04,146.5300,147.6200,146.4800,147.4300,121.5668,7962200
2019-09-05,145.6600,145.8000,143.8900,144.7600,119.3651,19382900
2019-09-06,145.2600,146.0300,145.0800,145.7900,120.2144,9466400
2019-09-09,143.8300,144.0000,143.1900,143.2000,118.0788,15862700
2019-09-10,142.8400,143.2900,140.6600,140.6900,116.0091,13851400
2019-09-11,140.4000,141.1500,140.3900,140.4400,115.8030,10941700
2019-09-12,141.5000,141.8000,139.0600,139.5200,115.0444,19163300
2019-09-13,138.2800,138.7100,136.5400,136.5400,112.5871,18922200
2019-09-16,137.8800,138.5700,137.2500,138.2800,114.0219,10971600
2019-09-17,138.3600,139.6000,138.0200,139.0300,114.6403,9081200
2019-09-18,139.9300,140.6600,139.5300,139.6200,115.1268,10984600
2019-09-19,140.7600,140.9900,139.9700,140.0400,115.4731,13176200
2019-09-20,140.7700,141.9800,140.4400,141.8900,116.9986,11519800
2019-09-23,142.2400,143.1600,141.7000,141.8600,116.9739,15246700
2019-09-24,142.4200,143.8500,142.4100,143.5700,118.3838,12421600
2019-09-25,143.2600,143.5500,141.1400,141.4700,116.6523,14147100
2019-09-26,142.2700,142.9900,141.9000,142.3800,117.4027,9636500
2019-09-27,142.3200,142.9800,142.1400,142.7300,117.6912,10386900
2019-09-30,141.8800,143.0900,141.8400,143.0800,117.9798,8006900
2019-10-01,141.2600,143.9100,141.1400,143.2600,118.3350,16613700
2019-10-02,143.4600,144.2700,143.2400,143.6100,118.6242,12891500
2019-10-03,143.9800,145.6700,143.9200,144.9200,119.7063,13470500
2019-10-04,145.3500,146.0300,145.2000,145.9900,120.5901,11516200
2019-10-07,145.1600,145.5300,144.7100,144.7800,119.5906,11013900
2019-10-08,145.8200,145.9300,144.6200,145.1700,119.9127,14529700
2019-10-09,144.6000,144.6100,143.8000,144.3500,119.2354,8608800
2019-10-10,143.1200,143.1800,141.7300,142.2000,117.4594,15054200
2019-10-11,140.9800,141.1000,139.7100,140.4400,116.0057,26294000
2019-10-14,141.4800,141.5100,141.0800,141.4600,116.8482,5936900
2019-10-15,140.6700,140.9500,139.5500,139.7500,115.4357,11832300
2019-10-16,139.6400,140.0600,139.3500,139.9200,115.5761,7729500
2019-10-17,139.5200,140.3800,139.3000,139.5800,115.2953,6219300
2019-10-18,139.8100,140.2300,139.4500,139.5800,115.2953,6456100
2019-10-21,138.5700,138.9900,138.2300,138.5300,114.4280,8038000
2019-10-22,139.3800,139.5300,138.6400,139.3400,115.0971,6683300
2019-10-23,140.0300,140.3100,139.3600,139.4800,115.2127,5995400
2019-10-24,139.6800,140.2400,139.0300,139.2000,114.9814,6161700
2019-10-25,139.5300,139.5500,138.3100,138.5200,114.4197,5669800
2019-10-28,137.5800,137.5800,136.9900,137.2600,113.3789,11402100
2019-10-29,137.6200,137.7400,137.1700,137.3500,113.4533,5296600
2019-10-30,137.7700,139.4500,137.7700,139.3600,115.1136,10914100
2019-10-31,140.4800,141.6800,140.4300,141.2400,116.6665,15834100
2019-11-01,140.7300,141.2700,139.7900,140.5600,116.3074,11425500
2019-11-04,138.9700,139.1400,138.5300,138.7100,114.7766,11124300
2019-11-05,137.2200,137.4400,136.7300,137.1500,113.4858,13493000
2019-11-06,138.0200,138.4100,137.3400,137.9800,114.1725,9351900
2019-11-07,136.3500,136.3600,134.4500,135.4800,112.1039,19209800
2019-11-08,135.1500,135.9500,134.7800,134.9100,111.6322,10222900
2019-11-11,135.3800,135.3900,134.6400,135.0000,111.7067,4577000
2019-11-12,135.2800,135.9500,134.7900,135.6200,112.2197,5772900
2019-11-13,136.8100,136.9600,136.1700,136.5000,112.9479,6672400
2019-11-14,137.8000,138.4400,137.6700,137.9100,114.1146,10213300
2019-11-15,137.4800,138.1600,137.4300,137.7600,113.9905,4657600
2019-11-18,138.2100,138.6100,137.9300,138.0100,114.1973,5943900
2019-11-19,138.3700,139.2400,138.3700,139.1600,115.1489,7893100
2019-11-20,139.9100,140.6000,139.7700,140.6000,116.3404,7905500
2019-11-21,139.6400,140.0800,139.1200,139.7200,115.6123,5980900
2019-11-22,140.1000,140.2800,139.6800,139.9000,115.7612,4664800
2019-11-25,140.3000,140.5300,140.1800,140.3100,116.1005,4157300
2019-11-26,141.0000,141.3100,140.9400,141.1300,116.7790,4281100
2019-11-27,140.6000,140.9100,140.4200,140.7200,116.4398,4095700
2019-11-29,140.6200,140.6800,139.7800,140.4200,116.1915,6251100
2019-12-02,138.1400,138.6700,137.9500,138.3100,114.6423,17702200
2019-12-03,140.0400,141.7700,139.9300,141.2100,117.0460,13062400
2019-12-04,140.3400,140.5000,139.2100,139.8000,115.8774,8586300
2019-12-05,138.6600,139.4400,138.6000,139.1200,115.3137,7273800
2019-12-06,138.0300,139.1200,137.8600,138.3500,114.6755,7931100
2019-12-09,138.9900,139.1100,138.5700,138.6500,114.9242,4016900
2019-12-10,139.1800,139.3500,138.4100,138.6600,114.9325,4947600
2019-12-11,139.3000,140.1400,139.2300,139.7500,115.8359,6256700
2019-12-12,139.1900,139.2800,136.6100,137.4500,113.9295,14857000
2019-12-13,138.1200,139.6100,137.2300,139.0400,115.2474,11335100
2019-12-16,138.4000,138.4600,137.4300,137.7900,114.2113,9156600
2019-12-17,138.2100,138.3400,137.2100,137.6000,114.0538,6179700
2019-12-18,137.3000,137.4500,136.2800,136.4700,113.1172,6244700
2019-12-19,136.0000,136.8600,135.7600,136.4700,113.2982,6591100
2019-12-20,136.1300,136.6900,135.9300,136.6500,113.4476,5455700
2019-12-23,136.8100,136.9700,136.0000,136.4500,113.2816,5175000
2019-12-24,135.9200,137.0600,135.8900,136.8400,113.6053,4667400
2019-12-26,136.9100,137.2200,136.5100,137.1700,113.8793,5290200
2019-12-27,137.4400,137.6300,137.2900,137.3200,114.0039,7300500
2019-12-30,135.8900,136.9000,135.6600,136.8200,113.5888,7979700
2019-12-31,136.2100,136.4600,135.3800,135.4800,112.4763,10707400
2020-01-02,136.7900,137.5300,136.6700,137.0100,113.7465,11034100
2020-01-03,138.2700,139.1600,137.8800,139.1200,115.4982,12366000
2020-01-06,139.6900,139.7100,138.1500,138.3300,114.8423,11369800
2020-01-07,138.2200,138.4700,137.6400,137.6500,114.2778,8381200
2020-01-08,137.9300,138.3100,136.3200,136.7400,113.5223,10621700
2020-01-09,136.0000,137.4400,135.9100,137.2200,113.9208,7411500
2020-01-10,137.6700,138.4700,137.6300,138.4400,114.9337,8776000
2020-01-13,137.8800,138.0900,137.3900,138.0200,114.5850,5966900
2020-01-14,138.1800,138.8200,138.1400,138.7300,115.1745,13920300
2020-01-15,139.5200,139.7600,139.0200,139.6500,115.9382,6290500
2020-01-16,139.2600,139.5300,138.7400,139.2100,115.5730,6798600
2020-01-17,137.5800,138.1400,137.3600,138.0200,114.5850,9693100
2020-01-21,138.8100,139.6500,138.7700,139.4700,115.7888,6794900
2020-01-22,139.7200,140.1400,139.5900,139.9600,116.1956,6317000
2020-01-23,140.8500,141.3800,140.7800,140.9400,117.0091,9747400
2020-01-24,141.4200,142.5500,141.3000,142.0800,117.9557,8585000
2020-01-27,143.9500,144.2900,143.5000,144.2900,119.7904,10935200
2020-01-28,143.9300,144.0900,142.8200,143.1600,118.8523,10612900
2020-01-29,143.4400,144.7000,143.4300,144.5600,120.0145,9566800
2020-01-30,144.9000,145.6700,144.2900,144.5800,120.0311,14711800
2020-01-31,145.1700,145.9900,145.0900,145.9000,121.1270,14538100
2020-02-03,144.9500,145.7600,144.1200,145.5400,121.0289,15309000
2020-02-04,143.9900,144.1400,143.0600,143.5800,119.3990,11388300
2020-02-05,142.3000,142.7000,141.9000,142.0100,118.0934,10782600
2020-02-06,142.1800,142.8800,142.0000,142.6500,118.6257,6683100
2020-02-07,144.2200,144.7400,143.8700,144.4300,120.1059,11374800
2020-02-10,145.1000,145.2500,144.6800,144.8300,120.4385,6699300
2020-02-11,144.5900,144.7200,143.9400,144.1000,119.8314,7784100
2020-02-12,143.3700,143.5500,142.9900,143.3700,119.2244,5595500
2020-02-13,143.4400,144.2000,143.2700,143.9200,119.6817,7883400
2020-02-14,144.7600,145.0800,144.4500,144.5500,120.2056,7137400
2020-02-18,145.3400,146.0500,144.9200,145.5400,121.0289,6909200
2020-02-19,145.1200,145.6200,144.9800,145.5300,121.0205,5707700
2020-02-20,146.0800,146.9400,146.0000,146.6700,121.9686,9332900
2020-02-21,147.8000,148.8800,147.6500,148.0400,123.1079,13860300
2020-02-24,150.8300,150.9600,150.0000,150.2500,124.9457,15929300
2020-02-25,150.2100,151.7600,150.1400,151.0500,125.6108,20802900
2020-02-26,149.9500,151.7200,149.5800,150.2500,124.9457,22589500
2020-02-27,152.7000,153.0800,150.8300,151.8800,126.3011,30687900
2020-02-28,154.4500,155.9800,154.1600,155.3100,129.1534,44935200
2020-03-02,155.3000,156.5000,153.7600,153.9400,128.2032,28152400
2020-03-03,153.8100,159.7000,152.3600,156.3300,130.1937,38608000
2020-03-04,156.4100,157.3500,154.1900,154.6700,128.8112,23463700
2020-03-05,157.1300,158.8200,156.8100,158.5200,132.0175,17786200
2020-03-06,167.3000,169.3300,164.1100,166.7700,138.8883,76288300
2020-03-09,179.1000,179.7000,170.3400,171.2900,142.6525,41552800
2020-03-10,169.6400,172.9300,162.0300,162.5100,135.3405,37728300
2020-03-11,165.4300,167.0300,155.6300,156.5300,130.3602,29519300
2020-03-12,163.5100,166.3600,155.6600,157.5000,131.1681,24361800
2020-03-13,155.0000,158.2000,152.1900,153.9400,128.2032,19812900
2020-03-16,160.3800,166.1500,157.8100,163.9100,136.5064,30496700
2020-03-17,163.5000,165.6300,152.7100,152.9800,127.4037,18570900
2020-03-18,152.8400,154.1400,139.0100,144.3500,120.2166,47061000
2020-03-19,146.9500,153.4500,145.2500,148.2800,123.4895,21175300
2020-03-20,153.3000,159.4300,152.1100,159.4300,132.7754,20863100
2020-03-23,157.5000,166.6900,156.5700,166.0000,138.2470,19971800
2020-03-24,161.2500,165.4500,160.4100,162.9100,135.6736,11948600
2020-03-25,163.5900,166.6800,161.6200,162.5400,135.3654,10750600
2020-03-26,164.0000,165.6800,162.2700,163.3400,136.0316,10576200
2020-03-27,165.5200,168.2500,164.5900,167.7000,139.6628,12550000
2020-03-30,168.3000,170.1100,165.9400,166.3200,138.5135,13473200
2020-03-31,165.7000,166.9200,164.5600,164.9700,137.3892,11464800
2020-04-01,168.4800,168.9600,166.4000,167.0400,139.3141,11334700
2020-04-02,168.8300,169.2200,167.2600,168.1000,140.1981,5771200
2020-04-03,168.5500,170.3300,168.1400,168.5000,140.5317,6570800
2020-04-06,167.0000,168.2700,166.5300,168.0600,140.1648,9434800
2020-04-07,164.9600,166.4200,163.7100,166.3000,138.6969,13811400
2020-04-08,165.1100,166.1900,164.1300,165.0900,137.6877,10147100
2020-04-09,164.2800,165.7900,163.7800,165.3900,137.9379,14259100
2020-04-13,164.7500,165.7100,163.8800,163.8800,136.6786,8750300
2020-04-14,163.8400,164.7400,163.4800,163.8400,136.6452,9019100
2020-04-15,166.8000,168.6000,166.7400,168.1800,140.2648,10027800
2020-04-16,169.2600,170.3200,169.0200,170.0900,141.8578,8265400
2020-04-17,169.8200,170.8400,167.2700,167.8100,139.9563,8612100
2020-04-20,168.4400,169.2900,167.9600,169.1600,141.0822,6462600
2020-04-21,171.9300,172.1500,170.7800,171.2900,142.8586,7850700
2020-04-22,169.9700,170.3900,168.7100,169.5400,141.3992,6230200
2020-04-23,169.8700,170.9300,169.6100,170.4400,142.1498,5968600
2020-04-24,169.6100,170.8400,169.5700,170.8400,142.4833,6211800
2020-04-27,169.6600,169.7500,167.4400,167.6600,139.8312,9039500
2020-04-28,168.5500,169.8500,168.4500,169.5900,141.4409,9905400
2020-04-29,169.5300,170.2600,167.9600,168.7100,140.7069,8619600
2020-04-30,168.7400,169.2300,166.7100,166.7400,139.0638,11606100
2020-05-01,167.5000,168.1100,166.4400,167.9500,140.2547,10209400
2020-05-04,167.5600,167.6800,166.4800,167.1600,139.5950,8300900
2020-05-05,165.5700,166.2700,165.2700,166.0900,138.7015,7831800
2020-05-06,163.2300,163.6400,162.0500,163.4100,136.4633,14721500
2020-05-07,163.5600,166.3700,163.3400,166.1400,138.7432,9164800
2020-05-08,164.4900,165.4000,163.6800,163.9800,136.9394,8129800
2020-05-11,163.6600,164.2200,162.1000,162.7000,135.8705,8713500
2020-05-12,163.1600,164.9300,163.1300,164.3700,137.2650,10057300
2020-05-13,165.0900,166.2900,164.8300,165.5200,138.2254,13305600
2020-05-14,167.3200,168.1500,167.0500,167.1400,139.5783,10080000
2020-05-15,168.3000,168.4900,166.3300,166.7100,139.2192,7225600
2020-05-18,164.9300,165.0600,162.4200,163.0500,136.1628,10073100
2020-05-19,162.5200,163.7000,162.4800,163.6600,136.6722,8639100
2020-05-20,163.1700,164.7000,162.8800,164.1500,137.0814,10927300
2020-05-21,164.8600,165.3600,164.2900,164.5600,137.4237,8920000
2020-05-22,164.7200,165.6800,164.6100,165.5500,138.2505,4956700
2020-05-26,163.7100,163.7900,162.9800,163.3300,136.3966,8098900
2020-05-27,162.7900,163.9100,162.5900,163.0300,136.1461,8047400
2020-05-28,161.9600,162.5700,161.6600,162.4300,135.6450,10272600
2020-05-29,162.7100,164.0900,162.3500,163.5900,136.6137,14632700
2020-06-01,162.1000,162.4400,161.6700,162.2800,135.6939,13341400
2020-06-02,161.6700,162.0900,161.2500,161.6900,135.2006,11517100
2020-06-03,160.1800,160.3300,158.9400,159.5400,133.4028,12255700
2020-06-04,158.9200,159.0100,157.1900,157.2300,131.4712,14038600
2020-06-05,154.6100,156.1600,153.1600,156.1100,130.5347,17778500
2020-06-08,155.0700,156.8500,155.0500,156.7100,131.0364,10346700
2020-06-09,159.0500,159.6400,158.3000,158.4900,132.5248,9095300
2020-06-10,159.2400,160.9000,159.0500,160.8400,134.4898,13135500
2020-06-11,163.2500,164.2300,162.6300,163.8800,137.0318,17086400
2020-06-12,162.4100,163.6600,162.0500,162.3000,135.7106,9716100
2020-06-15,163.8900,164.2200,162.1400,162.3900,135.7859,7759800
2020-06-16,159.4100,161.2300,158.7000,159.9000,133.7038,13698900
2020-06-17,160.2700,160.7700,159.3400,160.5600,134.2557,7113900
2020-06-18,162.0400,162.4800,161.6100,162.2600,135.6772,7691400
2020-06-19,161.0000,162.5000,160.9100,162.3900,135.7859,8565500
2020-06-22,163.1900,163.4200,162.0700,162.4100,135.8026,9319700
2020-06-23,161.4800,162.0600,161.1200,161.3000,134.8745,9088600
2020-06-24,161.5300,163.0900,161.5200,163.0300,136.3210,11436500
2020-06-25,164.2100,164.3500,163.4000,163.5000,136.7140,10968000
2020-06-26,164.2500,165.3200,164.1800,165.2500,138.1773,12119300
2020-06-29,164.8500,165.2700,164.3800,164.7300,137.7424,7274400
2020-06-30,165.2300,165.2900,163.4800,163.9300,137.0736,14841700
2020-07-01,162.8100,163.5600,162.1500,163.4200,136.8074,13181000
2020-07-02,162.7000,163.7400,162.2400,163.5900,136.9497,7599800
2020-07-06,162.3300,163.0200,161.7500,162.9200,136.3888,7972700
2020-07-07,163.4200,165.3400,163.2000,165.2100,138.3059,12791900
2020-07-08,164.3200,164.9200,163.8300,164.5500,137.7533,7253900
2020-07-09,164.6600,167.4500,164.6000,167.1700,139.9467,13373100
2020-07-10,167.9500,168.2100,166.1600,166.3300,139.2434,8478000
2020-07-13,165.5000,166.9600,165.2300,166.8800,139.7039,8054000
2020-07-14,167.9300,168.1400,166.9800,167.1200,139.9048,11344600
2020-07-15,165.9200,166.9500,165.8300,166.3400,139.2519,7840300
2020-07-16,167.4000,167.7700,167.0400,167.1300,139.9132,9107400
2020-07-17,167.2700,167.4000,166.4700,166.7800,139.6202,8549900
2020-07-20,167.5100,167.6200,166.8000,167.1900,139.9635,6907200
2020-07-21,167.3000,167.7200,167.0800,167.2900,140.0471,8454400
2020-07-22,168.2600,168.4600,167.6900,167.7900,140.4657,6592100
2020-07-23,168.9200,169.8800,168.4800,169.7500,142.1066,10471800
2020-07-24,169.0100,169.9200,168.8700,169.7400,142.0982,7520700
2020-07-27,170.2500,170.3000,168.9900,169.1100,141.5708,6146400
2020-07-28,169.5400,170.3400,169.4300,170.2800,142.5503,8520700
2020-07-29,170.0500,170.3900,168.9800,169.9900,142.3074,6733700
2020-07-30,171.0500,171.2600,170.7500,171.1100,143.2451,9376100
2020-07-31,170.1500,171.4600,169.9400,171.0000,143.1530,8886000
2020-08-03,169.2400,169.9900,168.9700,169.9500,142.4322,9066200
2020-08-04,170.8300,171.5800,170.7200,171.5700,143.7900,9878900
2020-08-05,170.0600,170.5600,169.6900,170.0700,142.5328,6954100
2020-08-06,171.3800,172.2500,170.6200,171.0200,143.3290,9481800
2020-08-07,171.2800,171.5000,169.5800,169.8800,142.3735,8176900
2020-08-10,170.2200,170.2500,169.0700,169.1200,141.7366,6408500
2020-08-11,167.1700,167.4900,165.8800,167.1100,140.0521,19234200
2020-08-12,165.7000,166.0700,164.9900,165.5900,138.7782,11744800
2020-08-13,165.3100,165.5800,163.1700,163.8200,137.2948,12744700
2020-08-14,163.8100,164.1500,163.1600,163.1800,136.7584,6398100
2020-08-17,163.9700,164.4600,163.4300,163.5900,137.1020,6901500
2020-08-18,164.3600,164.8700,164.0900,164.7600,138.0826,8140600
2020-08-19,165.3700,165.6100,163.3000,163.7300,137.2193,12497700
2020-08-20,165.3900,165.6500,164.9300,165.2100,138.4597,10319900
2020-08-21,165.7700,166.3300,165.0100,166.2000,139.2895,6836000
2020-08-24,166.3200,166.9700,165.8600,165.9300,139.0631,6490600
2020-08-25,164.3500,165.0900,163.8300,164.6600,137.9987,10518300
2020-08-26,164.0500,164.3300,163.2800,164.0300,137.4708,8276600
2020-08-27,164.7600,164.8200,161.1600,161.2400,135.1325,19860100
2020-08-28,161.7700,162.0500,160.6400,161.1200,135.0320,8415400
2020-08-31,161.6000,163.2500,161.5600,162.1900,135.9287,11388100
2020-09-01,161.7600,164.0700,161.1800,163.8600,137.4835,10587000
2020-09-02,163.5100,165.5600,163.4900,165.4200,138.7923,15167700
2020-09-03,165.7500,167.2400,165.4400,165.8900,139.1867,16416600
2020-09-04,164.4100,164.7000,162.4500,162.7400,136.5437,13780300
2020-09-08,164.3700,165.2600,163.7400,163.7400,137.3827,13790400
2020-09-09,163.9400,164.2500,162.7600,163.3000,137.0136,9558900
2020-09-10,162.4600,164.3500,161.9500,164.1300,137.7099,8847700
2020-09-11,164.3100,164.5700,164.0800,164.4800,138.0036,5458200
2020-09-14,164.7900,165.0800,164.2300,164.4700,137.9953,4274900
2020-09-15,164.1700,164.4700,163.7900,164.0700,137.6597,6928500
2020-09-16,164.7800,164.8900,162.9800,163.5800,137.2485,8815200
2020-09-17,164.9000,164.9600,163.8000,164.0800,137.6681,7813900
2020-09-18,164.1700,164.2400,163.3400,163.5700,137.2401,7246300
2020-09-21,164.8900,165.4000,164.1400,164.4000,137.9365,11086900
2020-09-22,164.4400,164.8800,163.8700,164.2700,137.8275,10524100
2020-09-23,164.3000,164.5300,163.4800,164.4900,138.0120,6224800
2020-09-24,164.9600,165.1200,164.6200,165.1200,138.5406,8278100
2020-09-25,165.1100,165.4200,164.7100,165.1200,138.5406,5140300
2020-09-28,164.8700,164.9000,164.3700,164.6500,138.1463,4470100
2020-09-29,164.8000,165.2400,164.5600,164.8400,138.3057,10297600
2020-09-30,164.0000,164.0000,162.5500,163.2600,136.9800,12971000
2020-10-01,162.5100,163.7400,162.1000,163.3600,137.2059,11523900
2020-10-02,163.6100,163.6700,162.1800,162.7500,136.6936,8828800
2020-10-05,160.9500,160.9500,159.5200,159.5700,134.0227,14726000
2020-10-06,159.3300,161.4100,158.6800,160.4300,134.7450,22419400
2020-10-07,159.5600,160.4200,158.8600,159.2600,133.7624,9429200
2020-10-08,159.9700,160.2500,159.6600,160.1200,134.4847,8431500
2020-10-09,159.5200,160.2700,158.8100,160.0900,134.4595,8441500
2020-10-12,160.4300,160.6800,160.1100,160.6000,134.8878,3962000
2020-10-13,161.2100,161.8300,161.1800,161.7500,135.8537,7914300
2020-10-14,162.3300,162.7500,161.9700,162.1200,136.1645,6954800
2020-10-15,163.0400,163.1900,161.6400,161.8400,135.9293,9458800
2020-10-16,161.6600,162.3200,161.1000,161.3900,135.5514,8416300
2020-10-19,160.5000,160.9800,160.0500,160.7800,135.0390,9286600
2020-10-20,159.8600,160.0100,158.9500,159.2500,133.7540,11189000
2020-10-21,158.7900,159.3700,158.3700,158.7000,133.2920,10453700
2020-10-22,158.2900,158.6300,156.9700,157.0500,131.9061,12664900
2020-10-23,156.8100,158.2100,156.7500,158.0100,132.7125,8783800
2020-10-26,159.2100,160.0200,159.0100,159.4800,133.9471,7227300
2020-10-27,160.2300,160.7000,159.9000,160.5500,134.8458,6062300
2020-10-28,161.3800,161.4600,160.2000,160.7000,134.9718,11765800
2020-10-29,160.7300,160.8300,158.4700,159.1400,133.6616,11932400
2020-10-30,159.0300,159.3500,157.5700,157.5700,132.3429,13095400
2020-11-02,158.7000,159.1900,158.3300,158.5800,133.3342,10810500
2020-11-03,157.8500,157.9800,157.0400,157.6600,132.5607,16228700
2020-11-04,161.6400,162.1700,160.5400,161.0800,135.4362,21570800
2020-11-05,161.6400,161.7400,160.5800,161.3600,135.6716,18537500
2020-11-06,159.6200,159.9200,158.9400,159.4100,134.0321,12408400
2020-11-09,155.9700,156.1500,154.6300,156.0600,131.2154,23245000
2020-11-10,154.9600,155.8100,154.7800,155.1600,130.4587,12561000
2020-11-11,155.0200,155.9400,154.9700,155.7200,130.9296,5888200
2020-11-12,156.9400,158.4000,156.7100,158.3700,133.1577,15999700
2020-11-13,158.3600,158.5000,157.9100,158.1600,132.9811,7344600
2020-11-16,157.7300,158.2800,157.6100,157.7800,132.6616,6310400
2020-11-17,158.7700,159.1600,158.5900,158.8100,133.5276,7444600
2020-11-18,159.4400,159.5700,158.3500,159.2700,133.9144,10333300
2020-11-19,159.9700,160.7200,159.8400,160.0900,134.6039,10637200
2020-11-20,160.5300,161.5400,160.3900,161.5100,135.7978,7246800
2020-11-23,160.8200,160.9900,160.2800,160.7700,135.1756,11300000
2020-11-24,159.9900,160.0200,159.0100,159.1700,133.8303,10891700
2020-11-25,159.2500,159.9100,158.6200,158.6800,133.4184,9145800
2020-11-27,159.6100,160.2700,159.5800,160.2200,134.7131,4708200
2020-11-30,160.0300,160.5300,159.7600,160.0200,134.5450,13071600
2020-12-01,158.5500,158.7400,156.6800,157.5000,132.5612,13662800
2020-12-02,156.8800,156.9300,155.4800,156.2500,131.5091,12114300
2020-12-03,156.9400,157.8200,156.5800,157.5100,132.5696,9626500
2020-12-04,155.6900,155.7900,154.7700,155.2000,130.6254,12734500
2020-12-07,156.3500,156.8800,156.1800,156.6000,131.8037,9316100
2020-12-08,157.5700,158.0700,157.2000,157.3400,132.4266,7397200
2020-12-09,156.5500,157.3200,156.0100,156.8200,131.9889,7750100
2020-12-10,157.2400,158.2900,156.8300,158.2100,133.1588,10025100
2020-12-11,158.6500,159.3900,158.3200,158.7700,133.6301,8135900
2020-12-14,157.4900,158.6900,157.1100,158.3300,133.2598,7535900
2020-12-15,157.7800,158.3900,157.3100,157.8000,132.8137,6847500
2020-12-16,156.5800,157.8900,156.3900,157.3800,132.4602,9954200
2020-12-17,158.1300,158.4600,156.4300,156.8000,132.1097,9422700
2020-12-18,157.1200,157.3800,156.1800,156.3300,131.7137,6505000
2020-12-21,157.2000,157.3400,156.4500,156.9500,132.2361,8988200
2020-12-22,157.5600,157.8300,157.0800,157.7600,132.9186,7370800
2020-12-23,156.6200,156.6900,155.4600,156.6700,132.0002,9266600
2020-12-24,156.9000,157.4300,156.8500,157.2900,132.5225,3117100
2020-12-28,156.3800,157.4500,156.1000,157.3600,132.5815,7791100
2020-12-29,156.3900,157.2900,156.3600,157.1600,132.4131,9030900
2020-12-30,156.8200,157.5300,156.6800,157.5000,132.6995,9097300
2020-12-31,157.4600,158.0800,157.4500,157.7300,132.8932,7742100
2021-01-04,156.6700,158.1800,156.5400,157.5400,132.7331,13152900
2021-01-05,156.9500,156.9500,155.6600,156.3700,131.7474,10458100
2021-01-06,153.8200,153.8500,152.2900,153.1600,129.0429,22827300
2021-01-07,151.7900,152.1700,151.2600,151.8100,127.9055,14651900
2021-01-08,151.4800,151.9600,150.6600,151.3200,127.4926,13622500
2021-01-11,151.0000,151.2100,150.4900,151.0700,127.2820,8370700
2021-01-12,150.7900,151.1600,149.9300,150.9500,127.1809,12186300
2021-01-13,151.6600,153.0700,151.5700,152.6500,128.6132,12533300
2021-01-14,152.5800,152.6400,150.7900,151.2200,127.4083,14835500
2021-01-15,152.1900,152.3600,151.4700,151.8200,127.9139,11624700
2021-01-19,151.6200,152.3600,151.5100,152.3100,128.3268,9575600
2021-01-20,151.9900,152.4800,151.7900,152.4600,128.4531,5368900
2021-01-21,151.4400,151.7500,151.1000,151.3900,127.5516,8162700
2021-01-22,151.8500,152.0100,151.4200,151.8800,127.9644,9507200
2021-01-25,152.7600,153.6900,152.6400,153.6700,129.4726,8712600
2021-01-26,153.1000,153.6000,152.9200,153.3800,129.2282,7690300
2021-01-27,154.0700,154.5000,153.5300,153.7700,129.5569,7895200
2021-01-28,153.4000,153.4600,152.1600,152.9200,128.8407,10667800
2021-01-29,151.4200,152.4900,151.3000,152.0000,128.0656,14965900
2021-02-01,151.6600,152.3600,151.4900,152.0000,128.2140,8165500
2021-02-02,150.7400,151.0900,150.5200,151.0200,127.3873,9177500
2021-02-03,150.4300,150.5900,149.5800,149.6800,126.2570,9633100
2021-02-04,149.1600,149.4900,148.8000,149.2800,125.9196,8262600
2021-02-05,149.1000,149.5700,148.0200,148.0300,124.8653,10258900
2021-02-08,148.3000,149.2600,148.0400,148.6800,125.4136,11574800
2021-02-09,149.2200,149.6700,148.6600,148.7900,125.5063,5218300
2021-02-10,149.2800,149.7800,149.1400,149.7800,126.3414,8079800
2021-02-11,149.6800,149.7900,148.7500,148.9600,125.6497,11962700
2021-02-12,147.7000,148.0800,147.0300,147.1100,124.0892,14088400
2021-02-16,145.2200,145.6600,144.6600,144.8700,122.1997,17789100
2021-02-17,145.9500,146.3800,144.9800,145.7900,122.9758,11199100
2021-02-18,144.6100,145.6000,144.3200,145.2000,122.4781,10755300
2021-02-19,144.0600,144.3200,142.8500,143.2700,120.8501,12741700
2021-02-22,143.0300,143.7400,141.7200,142.1800,119.9307,13203900
2021-02-23,141.5200,142.5000,141.1400,141.7700,119.5849,12658500
2021-02-24,139.3500,141.1800,139.1600,140.8400,118.8004,17363100
2021-02-25,139.5200,139.9200,136.6100,138.5400,116.8604,52621700
2021-02-26,140.7700,143.3000,139.6800,143.1200,120.7236,45423300
2021-03-01,140.6600,141.4100,140.0900,141.0600,119.1292,22048000
2021-03-02,140.4000,141.1300,140.2900,141.0700,119.1376,12482200
2021-03-03,139.3800,140.1500,138.7600,139.5400,117.8455,19763700
2021-03-04,139.6300,139.9400,137.9600,138.6400,117.0854,22366600
2021-03-05,138.1700,139.3400,137.9900,138.9100,117.3134,20598000
2021-03-08,138.8300,138.9000,137.8300,137.8300,116.4013,15236600
2021-03-09,139.2700,139.8200,138.9700,139.7400,118.0144,14463400
2021-03-10,139.8000,140.1500,139.2800,140.0200,118.2509,12387600
2021-03-11,139.1700,139.3800,138.4600,139.0100,117.3978,14150700
2021-03-12,136.4000,136.4600,135.6500,136.0600,114.9065,20402700
2021-03-15,136.4900,137.0900,136.4100,136.8600,115.5821,11366500
2021-03-16,137.0200,137.1200,135.7500,136.3100,115.1176,15567900
2021-03-17,135.1500,135.5300,134.1500,135.2900,114.2562,27107500
2021-03-18,133.3100,134.4700,133.1900,133.9200,113.0992,21615100
2021-03-19,134.0800,134.8300,133.8000,134.7500,113.8001,18685000
2021-03-22,135.6900,136.4100,135.3700,136.2600,115.0754,17047500
2021-03-23,136.5900,137.5400,136.1500,137.4900,116.1141,16768400
2021-03-24,137.0600,138.2800,136.9500,138.2300,116.7391,13863000
2021-03-25,138.3900,138.6600,137.0900,137.1400,115.8186,20782000
2021-03-26,136.4200,137.2400,136.2200,136.6600,115.4132,8433300
2021-03-29,136.8300,136.8500,134.9700,135.5000,114.4335,13968100
2021-03-30,135.3000,136.5100,135.0100,136.2100,115.0332,15020800
2021-03-31,136.3400,136.5900,134.9800,135.4500,114.3913,19271300
2021-04-01,136.5500,137.6200,136.3000,137.5100,116.2899,14885900
2021-04-05,136.5500,136.9700,135.9400,136.9100,115.7825,8243000
2021-04-06,137.1600,137.9800,137.0100,137.8400,116.5690,9282400
2021-04-07,137.4500,138.1000,136.8800,136.8800,115.7571,11052700
2021-04-08,137.3900,138.0700,137.3600,138.0100,116.7127,7847900
2021-04-09,137.5000,138.1900,137.0900,137.5100,116.2899,8717800
2021-04-12,137.4600,137.5300,137.1000,137.4500,116.2392,7659000
2021-04-13,137.3000,138.5100,137.2000,138.4800,117.1102,13232800
2021-04-14,138.0300,138.2400,137.5700,138.0400,116.7380,7293200
2021-04-15,139.4900,140.9800,139.4600,140.3500,118.6916,23896700
2021-04-16,139.1000,139.7300,138.9300,139.2600,117.7699,15238400
2021-04-19,138.7400,139.3100,138.5500,138.8600,117.4315,13886800
2021-04-20,138.4500,139.7600,138.4300,139.5000,117.9728,11476500
2021-04-21,139.5400,139.9100,139.0700,139.7800,118.2096,11902200
2021-04-22,140.0000,140.3900,139.2000,140.3900,118.7254,14156400
2021-04-23,140.3800,140.4700,139.4900,140.0600,118.4464,12302200
2021-04-26,140.1500,140.5100,139.8500,139.8600,118.2773,9103500
2021-04-27,139.5900,139.8200,138.5300,138.6400,117.2455,14137300
2021-04-28,138.6500,138.8900,137.9600,138.7300,117.3216,15263700
2021-04-29,137.4500,138.3600,137.1300,138.3200,116.9749,17178200
2021-04-30,138.5100,138.7300,137.9800,138.6400,117.2455,15692000
2021-05-03,138.7000,139.6500,138.2800,138.5200,117.3158,16447700
2021-05-04,139.4900,140.1600,139.1600,139.4600,118.1119,18639700
2021-05-05,139.0300,139.8500,138.9200,139.6900,118.3068,11127900
2021-05-06,139.2500,140.1900,139.2000,139.9200,118.5015,21907600
2021-05-07,140.1000,140.6000,138.9100,139.2300,117.9171,18346900
2021-05-10,138.9500,139.2500,137.6900,137.8200,116.7230,15146200
2021-05-11,137.2300,137.4800,136.7700,137.0400,116.0623,15158600
2021-05-12,136.6700,136.8000,135.3600,135.6000,114.8428,20859400
2021-05-13,135.9300,136.3700,135.6300,135.8100,115.0207,13073900
2021-05-14,136.5300,137.0800,136.2200,137.0800,116.0962,17566700
2021-05-17,136.8300,137.1700,136.5700,136.7900,115.8506,6113800
2021-05-18,136.4000,136.5700,136.0700,136.4400,115.5542,11423100
2021-05-19,136.5400,137.3000,135.6200,136.1100,115.2747,14296000
2021-05-20,136.7600,137.4900,136.6700,137.2300,116.2233,13310500
2021-05-21,137.6600,137.7000,137.0600,137.6700,116.5959,10171600
2021-05-24,137.9900,138.5800,137.8900,138.1800,117.0278,6868700
2021-05-25,138.6300,139.5000,138.6200,139.4600,118.1119,12346900
2021-05-26,139.5900,139.9100,138.8800,139.2200,117.9086,9793700
2021-05-27,138.5000,138.6900,137.9900,138.6600,117.4344,10695200
2021-05-28,138.5800,139.3000,138.3400,138.4400,117.2481,10258000
2021-06-01,137.8200,138.2600,137.2500,138.2100,117.2218,11778500
2021-06-02,138.5500,138.7900,138.3200,138.5300,117.4932,7347900
2021-06-03,138.5100,138.5100,137.8500,138.0100,117.0522,10994000
2021-06-04,138.5200,139.9000,138.5200,139.9000,118.6551,15773700
2021-06-07,139.5900,139.7100,139.3200,139.4700,118.2904,7799800
2021-06-08,140.6600,140.6600,140.2100,140.4500,119.1216,11230900
2021-06-09,141.7600,142.1500,141.2500,141.6900,120.1732,12768300
2021-06-10,140.8300,142.5600,140.6800,142.5400,120.8942,19698300
2021-06-11,142.3100,142.4000,141.8400,142.3100,120.6992,8646700
2021-06-14,142.1000,142.1000,141.0100,141.2200,119.7746,9401300
2021-06-15,140.8000,141.0900,140.4800,141.0500,119.6305,18207300
2021-06-16,141.4000,141.6700,140.2100,140.9300,119.5287,19676300
2021-06-17,141.8600,144.9300,141.6400,143.0400,121.3183,35225800
2021-06-18,144.2800,146.0400,144.1200,145.7300,123.5998,26616900
2021-06-21,144.3900,144.4900,143.0200,143.2900,121.5303,16485000
2021-06-22,142.1700,143.6800,142.1200,143.6400,121.8272,14530200
2021-06-23,143.1100,143.5000,142.7100,143.2700,121.5134,12040900
2021-06-24,143.4200,143.9000,143.3300,143.5000,121.7084,8788400
2021-06-25,143.2600,143.4000,141.3700,142.0100,120.4447,15562200
2021-06-28,142.7200,143.8000,142.7000,143.4700,121.6830,11460700
2021-06-29,143.1000,143.7200,143.0400,143.7100,121.8866,11217900
2021-06-30,144.2500,144.9300,144.0700,144.3500,122.4294,15708900
2021-07-01,143.9800,144.3100,143.5300,144.1700,122.4361,10810000
2021-07-02,144.2300,145.0400,144.1100,145.0400,123.1749,9650200
2021-07-06,145.7200,146.9900,145.7200,146.7400,124.6187,20037200
2021-07-07,147.5700,148.5600,147.2200,148.0400,125.7228,20964400
2021-07-08,148.8800,149.4400,148.1700,148.6200,126.2153,17487800
2021-07-09,146.8700,146.9900,146.4900,146.5300,124.4404,14483600
2021-07-12,147.0900,147.2300,146.1700,146.3400,124.2790,10610400
2021-07-13,146.8200,147.4600,144.6400,145.2200,123.3278,23340200
2021-07-14,146.0100,146.9200,145.8100,146.8700,124.7291,16038600
2021-07-15,147.9500,148.6000,147.0300,148.4900,126.1049,18462400
2021-07-16,147.3400,148.3400,147.3200,148.2100,125.8671,12787900
2021-07-19,150.9500,151.9500,150.6200,151.4600,128.6271,40203900
2021-07-20,152.5300,152.7100,149.7600,150.0000,127.3873,25674800
2021-07-21,148.1800,148.5000,146.6700,148.1000,125.7737,19988900
2021-07-22,148.1100,149.8100,148.0600,149.5000,126.9626,18136900
2021-07-23,147.9400,148.6600,147.8900,148.5000,126.1134,12639300
2021-07-26,149.0000,149.0600,147.8800,148.0600,125.7397,10737700
2021-07-27,149.3300,149.6900,148.9900,149.6400,127.0816,13036500
2021-07-28,148.6700,149.6700,148.2700,149.6500,127.0900,14346700
2021-07-29,148.7800,149.2200,148.5300,148.8200,126.3851,11532000
2021-07-30,149.1300,149.7200,149.0600,149.5200,126.9796,14342100
2021-08-02,149.4500,151.2300,149.1800,150.6700,128.1122,21232700
2021-08-03,150.7500,151.2300,150.3900,150.7500,128.1802,13361900
2021-08-04,151.5000,151.8200,149.7200,151.0600,128.4438,18267900
2021-08-05,150.7600,150.9200,150.0000,150.2900,127.7891,15345400
2021-08-06,148.3200,148.7600,147.6900,147.7800,125.6549,21144300
2021-08-09,148.1500,148.5600,147.2300,147.2500,125.2042,12942400
2021-08-10,147.4900,147.5700,146.5600,146.5700,124.6261,13716900
2021-08-11,146.4100,147.2300,145.7100,146.4800,124.5495,17227600
2021-08-12,146.0900,146.4400,145.4300,146.2400,124.3455,14709400
2021-08-13,146.8300,148.5600,146.8100,148.5500,126.3096,18653800
2021-08-16,149.1900,150.0200,148.8100,148.9100,126.6158,19170900
2021-08-17,148.8800,149.4700,148.6700,148.8500,126.5647,14126900
2021-08-18,148.7100,149.4700,148.4500,149.3500,126.9898,13144000
2021-08-19,150.3100,150.4600,149.8100,150.4500,127.9251,15474300
2021-08-20,150.5900,150.8100,150.1100,150.5500,128.0101,12388400
2021-08-23,150.2000,150.5000,149.9200,150.4500,127.9251,10615000
2021-08-24,149.7600,150.0700,149.2800,149.2800,126.9303,13835900
2021-08-25,149.2100,149.3700,147.5800,148.0400,125.8760,16743800
2021-08-26,147.9700,148.5700,147.5100,148.4500,126.2246,16657400
2021-08-27,148.5700,149.4900,148.3300,149.4600,127.0834,15384700
2021-08-30,148.9900,149.9000,148.9300,149.8500,127.4150,10596300
2021-08-31,149.6700,150.0900,148.5000,148.8300,126.5476,15262400
2021-09-01,149.2700,149.3900,148.4900,148.8900,126.7597,10807100
2021-09-02,149.2400,149.5500,148.7500,149.5400,127.3131,9765900
2021-09-03,148.2700,148.5100,147.9400,148.1800,126.1552,12928000
2021-09-07,147.2600,147.5200,146.6600,146.9300,125.0910,15547800
2021-09-08,147.6600,148.1900,147.3900,147.9300,125.9423,14533700
2021-09-09,148.1700,149.8900,147.8500,149.7200,127.4663,20324600
2021-09-10,148.9000,149.1700,148.1600,148.4000,126.3425,14894600
2021-09-13,149.0400,149.4900,148.9500,149.3000,127.1087,15036100
2021-09-14,149.7300,151.5700,149.5800,151.1100,128.6497,19918400
2021-09-15,151.2100,151.2500,149.9300,150.5800,128.1984,11940300
2021-09-16,149.6700,150.4500,149.5000,149.8900,127.6111,13328900
2021-09-17,149.1800,149.3600,148.7000,149.1700,126.9980,13782900
2021-09-20,150.5700,151.3700,150.2300,151.0200,128.5731,14660400
2021-09-21,150.7100,150.9600,150.2000,150.8900,128.4624,10035800
2021-09-22,150.7900,151.7900,150.4400,151.7900,129.2286,22277800
2021-09-23,150.4200,150.4500,148.3400,148.3600,126.3084,23853300
2021-09-24,147.8400,147.8500,146.7400,146.9100,125.0740,20203900
2021-09-27,146.0600,146.8700,145.8800,146.3700,124.6143,13464300
2021-09-28,144.3300,145.0700,143.6400,144.0900,122.6731,26613500
2021-09-29,144.8000,145.4300,143.6900,144.3400,122.8860,23569400
2021-09-30,144.1000,144.5100,143.6500,144.3200,122.8690,22567600
2021-10-01,144.8500,145.4000,144.2000,145.3500,123.9029,26151800
2021-10-04,144.6700,145.4600,144.1000,144.9800,123.5876,28027600
2021-10-05,144.6000,144.7000,143.4600,143.5800,122.3941,22659200
2021-10-06,144.2300,144.7200,144.0300,144.3900,123.0846,18696500
2021-10-07,143.1900,143.3400,142.5900,142.8800,121.7974,14856000
2021-10-08,142.2600,142.3500,141.5300,141.8800,120.9450,17257800
2021-10-11,141.6000,141.9000,141.4500,141.5200,120.6381,7213400
2021-10-12,142.6300,144.0100,142.4800,143.9400,122.7010,17968700
2021-10-13,144.6100,145.5300,144.5800,145.3400,123.8944,23584600
2021-10-14,145.3700,145.9600,144.9500,145.8800,124.3548,12946400
2021-10-15,145.0000,145.1400,144.4700,145.0300,123.6302,11811500
2021-10-18,145.0000,146.0000,144.5200,145.7100,124.2098,12115900
2021-10-19,144.6600,144.7300,143.6500,143.7000,122.4964,12156300
2021-10-20,143.2500,143.6800,142.5100,142.7300,121.6695,12782500
2021-10-21,143.0000,143.1500,142.2300,142.5600,121.5247,13660000
2021-10-22,143.4500,144.4000,143.2100,144.1300,122.8630,13740000
2021-10-25,143.6700,144.3000,143.6300,143.9100,122.6754,8137900
2021-10-26,144.6200,145.1000,143.7400,145.1000,123.6898,13671000
2021-10-27,146.4000,148.1800,145.9300,147.7400,125.9403,22092300
2021-10-28,147.7900,148.3300,146.8400,147.2400,125.5141,17497600
2021-10-29,146.4700,148.0000,146.3200,147.6900,125.8977,19087300
2021-11-01,145.8000,146.7600,145.7000,146.4400,124.9912,18035500
2021-11-02,146.5000,147.5700,146.5000,147.0900,125.5460,9836700
2021-11-03,147.8200,147.9800,145.5300,145.5700,124.2487,20639400
2021-11-04,145.8700,147.3600,145.8500,147.1000,125.5546,15922400
2021-11-05,148.5200,149.5800,148.1300,149.3000,127.4323,21513000
2021-11-08,148.9600,149.2800,148.5100,149.0200,127.1933,12083800
2021-11-09,150.8000,151.7700,150.6400,150.9600,128.8492,23430200
2021-11-10,150.8300,150.9300,147.0300,148.2000,126.4934,28170600
2021-11-11,148.5100,148.6600,147.8900,147.9800,126.3056,5552500
2021-11-12,148.0000,148.5100,146.7600,147.3300,125.7508,12712000
2021-11-15,146.8900,146.9600,145.2200,145.4800,124.1718,15232700
2021-11-16,145.6900,146.3800,144.8500,145.1100,123.8560,12998700
2021-11-17,144.5700,146.2900,144.4600,146.2600,124.8375,14239900
2021-11-18,145.9900,146.9000,145.9500,146.8100,125.3070,11054600
2021-11-19,147.5800,148.6000,147.5800,148.3600,126.6299,14022100
2021-11-22,147.4000,147.6400,146.1300,146.6200,125.1449,15266000
2021-11-23,145.9300,146.1100,144.5000,144.5000,123.3353,15318500
2021-11-24,144.9400,146.8200,144.7900,146.8200,125.3155,13769700
2021-11-26,148.8300,150.6800,148.6700,150.5300,128.4822,20064800
2021-11-29,148.3100,149.6400,148.1700,149.3200,127.4494,23234200
2021-11-30,150.8300,152.0700,150.2500,151.5900,129.3869,31481100
2021-12-01,150.4900,152.4100,149.7900,152.3400,130.1850,30826500
2021-12-02,152.9300,152.9900,150.7600,152.5300,130.3474,17754200
2021-12-03,151.6800,155.1200,151.3500,154.3500,131.9028,34427100
2021-12-06,154.0500,154.3500,151.9300,152.2300,130.0910,30924200
2021-12-07,151.7200,152.5300,150.8600,151.0000,129.0400,22115900
2021-12-08,150.4700,150.4800,148.3600,148.3900,126.8095,33633900
2021-12-09,149.3400,149.8400,148.4800,149.2200,127.5189,17544900
2021-12-10,149.9200,150.2400,148.8100,148.8600,127.2112,14298700
2021-12-13,150.3900,151.3100,150.3100,151.0600,129.0912,17860500
2021-12-14,150.3700,150.9300,149.3100,150.7000,128.7836,14015500
2021-12-15,149.6100,150.7900,149.1300,149.2500,127.5444,25383900
2021-12-16,148.7500,149.8800,148.7300,149.1400,127.5941,18677900
2021-12-17,150.3400,150.9800,150.1600,150.8300,129.0399,18093500
2021-12-20,150.7500,151.0200,149.6000,149.7000,128.0732,17147300
2021-12-21,148.1400,149.2000,147.6200,149.1300,127.5855,16598200
2021-12-22,149.7300,149.8600,149.0200,149.8200,128.1758,12253900
2021-12-23,149.5900,149.6000,148.0300,148.5200,127.0637,11642500
2021-12-27,148.4600,149.0100,148.3200,148.8800,127.3716,7821800
2021-12-28,149.6000,149.7800,148.0100,148.2900,126.8669,9174600
2021-12-29,146.9100,147.3100,146.4100,146.6700,125.4809,11771200
2021-12-30,147.2500,147.9700,146.4500,147.9000,126.5332,10355000
2021-12-31,147.8100,149.0300,147.4300,148.1900,126.7813,13402300
2022-01-03,146.4100,146.9400,144.2800,144.3000,123.4533,33860400
2022-01-04,143.6100,144.1300,142.7400,143.7000,122.9400,21996400
2022-01-05,144.1400,144.1600,142.7100,142.9200,122.2726,20911700
2022-01-06,142.5900,143.4400,142.2900,143.2900,122.5892,18996400
2022-01-07,143.1300,143.2400,141.5600,142.2600,121.7080,18756800
2022-01-10,141.6500,142.8100,141.3600,142.6100,122.0074,13775800
2022-01-11,142.8800,143.6300,142.7000,143.5600,122.8202,24388700
2022-01-12,143.9000,144.0100,143.0000,143.0100,122.3496,14440600
2022-01-13,143.3900,144.4200,143.0300,144.2800,123.4362,15166000
2022-01-14,143.4200,143.4600,141.7900,142.1000,121.5712,22997500
2022-01-18,140.9600,141.3100,140.0200,140.1000,119.8601,21171700
2022-01-19,140.5300,141.7100,140.3100,141.0700,120.6899,17930500
2022-01-20,141.3700,141.9900,141.0900,141.9400,121.4342,13959000
2022-01-21,143.4000,144.1000,142.6700,143.6300,122.8801,28916600
2022-01-24,144.3000,144.3700,142.4300,142.4500,121.8706,25001600
2022-01-25,143.1100,143.7100,141.8000,142.2200,121.6737,15599000
2022-01-26,142.2600,142.5700,140.4900,140.5000,120.2023,23655500
2022-01-27,142.4100,143.3700,142.3300,143.0800,122.4095,21501800
2022-01-28,142.0900,143.4600,141.8500,143.1300,122.4523,12826500
2022-01-31,142.1800,142.9500,141.9600,142.3900,121.8192,13998400
2022-02-01,142.2800,142.3600,141.0600,141.7200,121.4149,20806100
2022-02-02,141.9500,143.5700,141.9300,142.2000,121.8261,18404600
2022-02-03,140.4400,141.4800,140.1800,141.0900,120.8751,17234100
2022-02-04,139.8500,140.1400,138.7800,139.0100,119.0931,23609800
2022-02-07,138.9100,139.3100,138.5500,139.1000,119.1703,12962400
2022-02-08,138.2100,138.5800,137.8200,138.1700,118.3735,16269200
2022-02-09,138.7200,139.3700,138.1900,138.4300,118.5962,14349100
2022-02-10,137.6600,137.8300,135.8400,136.2300,116.7114,30896200
2022-02-11,136.8700,138.5100,135.3600,138.2500,118.4420,43210300
2022-02-14,137.1300,137.7400,135.9700,136.5300,116.9684,23157400
2022-02-15,135.6000,135.8400,134.9400,134.9800,115.6406,18198500
2022-02-16,135.9500,136.0700,134.5100,135.7800,116.3259,16473700
2022-02-17,136.4500,137.5700,135.9000,136.7900,117.1912,24508200
2022-02-18,137.5200,138.3700,137.1600,138.2300,118.4249,17522600
2022-02-22,137.6900,138.6700,137.4700,138.5900,118.7333,19534000
2022-02-23,137.6800,137.8500,136.5700,136.6800,117.0969,17757800
2022-02-24,139.1000,139.3700,136.2500,136.7700,117.1741,28150400
2022-02-25,136.8600,137.3100,136.1800,136.8700,117.2597,15025400
2022-02-28,138.4300,140.0400,138.3200,139.8700,119.8299,25817700
2022-03-01,140.3600,142.3300,140.0000,141.3000,121.2154,35664400
2022-03-02,139.8400,140.4200,136.4100,136.4700,117.0719,30397400
2022-03-03,137.4900,138.7000,137.0200,137.8600,118.2644,20649100
2022-03-04,140.3600,140.8200,139.3100,140.2400,120.3060,25853100
2022-03-07,139.1200,140.6400,138.7700,139.1700,119.3881,23710900
2022-03-08,137.5100,138.2500,137.2500,137.7700,118.1871,28331300
2022-03-09,137.0700,137.3400,136.1300,136.4200,117.0290,18819200
2022-03-10,134.8300,135.1700,133.7200,134.4600,115.3476,26868900
2022-03-11,134.3300,135.4500,134.2100,134.9100,115.7336,15583800
2022-03-14,132.7000,132.8900,131.7200,131.7600,113.0314,24385000
2022-03-15,132.8600,133.1500,131.1900,131.5300,112.8341,17518800
2022-03-16,131.8300,133.1300,130.3200,132.8200,113.9408,25857700
2022-03-17,132.8200,133.3400,131.0700,131.8300,113.0914,19330600
2022-03-18,132.5700,133.5400,132.5700,133.4400,114.4726,55891700
2022-03-21,131.2800,131.6700,129.7500,130.3500,111.8219,26122000
2022-03-22,128.9600,129.3400,128.3400,128.6800,110.3892,21830900
2022-03-23,129.3700,131.6000,128.8600,131.5000,112.8083,21266100
2022-03-24,129.6500,131.1800,129.6000,130.4700,111.9247,17141600
2022-03-25,129.5000,129.5200,127.6500,128.6600,110.3720,25684500
2022-03-28,129.3900,130.5600,129.0400,129.7600,111.3157,17657800
2022-03-29,130.5600,131.5500,129.7400,130.7400,112.1564,19319700
2022-03-30,130.0700,132.0100,129.9900,131.7600,113.0314,16310200
2022-03-31,131.9800,132.6700,131.6600,132.0800,113.3059,19901000
2022-04-01,130.0100,132.9600,129.7100,132.3800,113.7372,23489700
2022-04-04,131.9300,131.9800,130.7100,131.4600,112.9468,13609900
2022-04-05,130.7600,130.7800,128.2900,128.4900,110.3950,25196900
2022-04-06,126.4300,128.3000,126.4000,127.4500,109.5015,22952000
2022-04-07,126.1100,126.6700,125.4100,126.4900,108.6767,23458800
2022-04-08,125.4500,125.8300,124.2600,125.1200,107.4996,26859200
2022-04-11,123.9200,124.1900,122.5600,123.1400,105.7985,30020700
2022-04-12,124.0500,124.1600,122.6700,122.9700,105.6524,23124200
2022-04-13,123.0500,124.3000,122.8900,123.2200,105.8672,17189500
2022-04-14,122.8600,122.9300,120.3800,120.7500,103.7450,34274500
2022-04-18,120.8700,121.0800,119.6900,120.1500,103.2295,18784300
2022-04-19,119.1500,119.7200,118.6700,119.2500,102.4563,26012300
2022-04-20,120.2200,121.9700,119.9200,121.6500,104.5183,31423200
2022-04-21,120.8300,120.9100,119.1700,120.7500,103.7450,23323200
2022-04-22,120.0700,121.4400,119.8100,119.9900,103.0921,19773400
2022-04-25,121.3800,122.1900,121.1300,121.1900,104.1231,25418900
2022-04-26,122.4400,123.0300,121.7600,122.4100,105.1713,26931300
2022-04-27,122.1900,122.3200,120.7700,120.8400,103.8223,14560500
2022-04-28,120.3900,121.0700,120.0100,121.0200,103.9770,16892500
2022-04-29,119.3100,120.9700,119.1100,119.4500,102.6281,26153400
2022-05-02,117.8600,118.2700,116.9300,117.1800,100.8492,29233900
2022-05-03,119.0400,119.3100,117.8900,117.9700,101.5291,21256700
2022-05-04,117.9700,118.9700,117.3500,118.6200,102.0885,25575700
2022-05-05,116.3500,116.4700,114.0200,115.3700,99.2914,48384500
2022-05-06,114.1400,115.0400,113.3100,113.6700,97.8284,32790500
2022-05-09,112.8600,114.7100,112.6200,114.6700,98.6890,26773000
2022-05-10,115.8900,116.9600,115.4800,115.7100,99.5840,33640800
2022-05-11,114.7400,117.9400,114.4400,117.9400,101.5033,34173600
2022-05-12,118.0200,118.8900,117.6600,117.7200,101.3139,26405700
2022-05-13,116.9800,117.1500,115.9000,115.9800,99.8165,20782700
2022-05-16,116.2100,116.9400,115.8500,115.8600,99.7132,11050600
2022-05-17,114.7100,115.3500,114.3600,114.4600,98.5082,15040800
2022-05-18,114.7200,117.0000,114.6100,116.9000,100.6082,21337300
2022-05-19,118.6400,118.7200,116.8500,117.1800,100.8492,21937500
2022-05-20,117.0900,119.0200,117.0600,118.5100,101.9938,22780900
2022-05-23,117.7100,118.2500,116.5400,116.5600,100.3156,15925200
2022-05-24,117.9000,119.6400,117.8600,118.8600,102.2950,23388200
2022-05-25,119.6100,119.6200,118.5900,119.3300,102.6995,14410800
2022-05-26,119.0200,119.0900,117.8000,118.7900,102.2348,14912900
2022-05-27,119.3600,119.7400,118.7400,119.0800,102.4844,11190400
2022-05-31,117.1800,117.2300,115.9300,116.5600,100.3156,28393700
2022-06-01,117.0300,117.3400,115.6900,116.2200,100.2009,15544800
2022-06-02,116.6300,116.7100,115.4600,116.2800,100.2527,9832000
2022-06-03,115.0900,116.0600,114.8700,116.0300,100.0371,15330400
2022-06-06,115.1500,115.5100,113.8100,113.8900,98.1921,20815400
2022-06-07,114.6100,115.7800,114.5800,115.1200,99.2526,14278700
2022-06-08,114.6800,115.1300,114.0800,114.1000,98.3731,11476100
2022-06-09,113.8400,114.7100,113.6800,114.4800,98.7007,15527300
2022-06-10,114.3600,114.6100,112.9700,113.7700,98.0886,21917100
2022-06-13,111.4900,111.6700,109.2400,110.2000,95.0107,36968300
2022-06-14,110.5300,110.9800,108.5900,108.8100,93.8123,21865900
2022-06-15,110.0900,110.9900,109.0300,110.8400,95.5625,25202800
2022-06-16,108.4500,111.7200,108.1200,111.7200,96.3212,26067300
2022-06-17,112.0100,112.8300,110.9600,112.0800,96.6316,21614300
2022-06-21,110.0900,111.0200,109.8100,110.1800,94.9934,17663800
2022-06-22,112.6900,113.3100,112.3800,113.2100,97.6058,23703800
2022-06-23,113.9000,115.1700,113.4900,114.1400,98.4076,20669200
2022-06-24,113.4600,114.1700,112.5000,112.5600,97.0454,18161300
2022-06-27,111.2200,112.2200,111.1600,111.6000,96.2177,12053000
2022-06-28,111.2900,112.1800,110.8700,112.1200,96.6661,13706600
2022-06-29,112.3800,113.9000,112.1700,113.8700,98.1748,12925400
2022-06-30,114.8600,115.7700,114.7500,114.8700,99.0370,25802100
2022-07-01,115.9000,117.5900,115.2200,115.8200,100.0538,21858800
2022-07-05,116.8900,117.7500,116.1700,116.7300,100.8399,16689700
2022-07-06,117.3900,117.5400,114.7700,114.7700,99.1467,20205400
2022-07-07,115.1000,115.1700,113.5100,113.7600,98.2742,13088000
2022-07-08,113.5000,113.5000,112.0500,112.5000,97.1857,15320000
2022-07-11,113.7900,114.7900,113.7000,114.4400,98.8616,13639900
2022-07-12,115.5100,116.2300,114.9700,115.1200,99.4491,18547300
2022-07-13,113.7700,116.6500,113.4500,116.4400,100.5894,20594800
2022-07-14,115.0800,116.1600,114.4700,115.4900,99.7687,15665000
2022-07-15,115.8400,116.8200,115.6000,116.1400,100.3302,16022600
2022-07-18,115.2500,115.3200,114.1800,114.9300,99.2849,15838300
2022-07-19,114.9100,115.1500,113.6600,114.3100,98.7493,9276800
2022-07-20,115.4800,115.5500,114.0500,114.6100,99.0085,9117300
2022-07-21,115.1900,116.7200,115.0100,116.5900,100.7190,14754900
2022-07-22,118.2900,119.2700,117.9700,118.5500,102.4122,17715300
2022-07-25,116.7100,117.5400,116.4700,117.3900,101.4101,24868100
2022-07-26,118.8600,119.2400,117.4000,117.4800,101.4878,13536000
2022-07-27,118.0100,118.4900,116.7100,116.8200,100.9177,15725600
2022-07-28,118.0500,118.9200,117.3200,117.7500,101.7210,16637900
2022-07-29,117.7000,119.3100,117.3300,117.4300,101.4446,16655900
2022-08-01,118.2500,120.1000,118.0800,120.0400,103.8878,17974600
2022-08-02,120.1500,120.6900,117.2900,117.5000,101.6895,17896300
2022-08-03,117.1700,119.4900,116.3300,119.3500,103.2906,16731200
2022-08-04,118.9800,119.5500,118.5400,119.3100,103.2560,11003000
2022-08-05,117.0700,117.1100,115.8900,116.4700,100.7981,19492300
2022-08-08,117.6400,118.5300,117.5600,118.3500,102.4252,17476300
2022-08-09,117.7300,118.3600,117.4600,117.8900,102.0270,8223200
2022-08-10,117.7300,118.9100,116.7300,117.1200,101.3607,14665300
2022-08-11,116.8700,117.0600,114.0900,114.3900,98.9980,20663800
2022-08-12,115.1000,115.5700,114.4300,115.5500,100.0019,12178400
2022-08-15,116.3300,116.7500,115.4500,115.4500,99.9154,9031800
2022-08-16,115.2500,116.0200,114.2400,115.9300,100.3308,11066000
2022-08-17,115.0600,115.1000,114.3100,114.7200,99.2836,14131300
2022-08-18,114.9700,115.6400,114.5900,114.8900,99.4307,10738200
2022-08-19,113.2300,113.3400,112.7400,113.0400,97.8297,16330900
2022-08-22,112.8600,112.9600,112.1300,112.6600,97.5008,10457200
2022-08-23,112.1900,113.4800,111.7400,112.0400,96.9642,17813200
2022-08-24,111.4900,111.8700,110.8600,111.2200,96.2545,13971600
2022-08-25,111.3200,113.0900,110.9900,112.7700,97.5960,21429700
2022-08-26,112.3000,113.9900,112.0100,113.6200,98.3316,18764400
2022-08-29,112.9400,113.0100,112.1300,112.6800,97.5181,14278300
2022-08-30,112.6200,113.5100,112.2100,112.9600,97.7605,14346600
2022-08-31,112.6900,113.3400,111.5800,111.8800,96.8258,13623500
2022-09-01,109.8700,110.2500,108.9400,109.6000,95.0531,22490400
2022-09-02,109.6800,110.5600,109.4700,110.2200,95.5908,13024400
2022-09-06,108.9000,108.9700,107.4200,107.4900,93.2231,24648500
2022-09-07,108.3200,109.4800,108.2100,109.1900,94.6975,17050100
2022-09-08,108.8400,109.5200,108.0500,108.0700,93.7261,14671400
2022-09-09,108.3300,108.8000,107.6300,108.3100,93.9343,12529800
2022-09-12,108.6300,108.8900,106.9200,107.4200,93.1624,14806900
2022-09-13,106.5600,107.7400,106.2400,107.6700,93.3792,22158900
2022-09-14,107.3400,108.2100,107.1200,108.0400,93.7001,13077800
2022-09-15,107.8500,108.1900,107.5800,107.9700,93.6394,10260200
2022-09-16,107.0300,108.0500,106.7700,107.0700,92.8588,18903800
2022-09-19,106.9600,107.8200,106.8000,107.3200,93.0756,11084400
2022-09-20,105.6900,106.8400,105.4000,106.2500,92.1477,20133800
2022-09-21,106.7000,108.0400,105.9700,108.0300,93.6914,23132900
2022-09-22,105.7900,105.9600,104.7300,105.2700,91.2978,29030600
2022-09-23,105.3400,106.4300,104.5600,105.7000,91.6707,23042200
2022-09-26,105.3600,105.4100,103.2200,103.6800,89.9188,25104600
2022-09-27,102.7100,102.9800,100.9000,100.9500,87.5511,34609500
2022-09-28,103.1300,104.4500,102.4800,104.3300,90.4825,39283100
2022-09-29,102.9000,104.2300,102.8000,103.7900,90.0142,19127100
2022-09-30,104.2700,104.8600,102.2300,102.4500,88.8520,26485700
2022-10-03,103.8500,104.6800,103.1500,103.8300,90.2639,27192200
2022-10-04,104.1500,104.6500,103.3000,103.5400,90.0118,13788700
2022-10-05,102.7300,102.8400,101.5800,102.5500,89.1511,20522100
2022-10-06,102.5900,102.8400,101.5300,101.9800,88.6556,13965700
2022-10-07,100.8100,101.6200,100.4700,100.9900,87.7949,14814800
2022-10-10,100.5000,100.5100,98.8000,99.4200,86.4301,15652600
2022-10-11,99.7400,100.9000,98.9900,99.8600,86.8126,33246700
2022-10-12,99.2800,100.5400,99.1900,100.3500,87.2385,21447600
2022-10-13,98.3600,100.3800,98.3400,99.3900,86.4040,30292500
2022-10-14,100.1900,100.1900,98.2500,98.5700,85.6911,18728200
2022-10-17,99.2900,99.6600,97.9400,98.0900,85.2738,18969900
2022-10-18,97.9500,98.4600,96.8700,98.3200,85.4738,16931500
2022-10-19,97.1900,97.4200,96.3200,96.5300,83.9176,25431600
2022-10-20,95.9300,96.3300,94.7400,94.8800,82.4832,25434900
2022-10-21,93.0200,93.9300,92.2600,93.1700,80.9967,46280300
2022-10-24,92.8200,93.5500,91.8500,92.4000,80.3273,31332600
2022-10-25,94.5800,95.2300,94.4400,95.0900,82.6658,31213100
2022-10-26,95.7700,96.6900,95.7700,96.4600,83.8568,24843900
2022-10-27,96.9800,97.9000,96.2200,97.4700,84.7348,20270000
2022-10-28,96.8600,97.6300,96.4100,96.8000,84.1524,22244100
2022-10-31,96.3600,96.6200,95.0300,96.1100,83.5525,23956700
2022-11-01,97.3800,97.4200,96.2100,96.7700,84.3334,17585100
2022-11-02,96.9100,97.6300,95.9600,96.3500,83.9674,25010500
2022-11-03,95.1700,96.3800,95.0900,95.8300,83.5142,29097500
2022-11-04,95.1000,95.6600,94.2200,94.2200,82.1111,23561400
2022-11-07,94.8000,94.8600,93.2400,93.2800,81.2919,14522800
2022-11-08,93.8000,94.9600,93.7700,94.3000,82.1808,20360600
2022-11-09,93.8200,95.0200,93.6900,94.6100,82.4510,15637500
2022-11-10,96.7300,98.4300,96.6400,98.2500,85.6232,45380900
2022-11-11,97.5700,98.3700,97.5400,97.8900,85.3094,15943100
2022-11-14,97.9100,97.9900,97.0900,97.6500,85.1003,13741100
2022-11-15,98.2500,99.3000,98.1100,99.2300,86.4772,26608200
2022-11-16,100.0200,101.4500,99.7400,101.4000,88.3683,28507700
2022-11-17,100.2000,100.5700,99.7800,100.3300,87.4359,24528900
2022-11-18,100.6000,100.8900,99.5500,99.6400,86.8345,14941300
2022-11-21,100.6900,100.8200,99.8000,100.0600,87.2006,15534000
2022-11-22,100.6500,101.6200,100.5300,101.4800,88.4381,18103100
2022-11-23,102.1400,103.2500,102.0800,103.2500,89.9806,23234600
2022-11-25,102.6100,102.9300,102.4300,102.9000,89.6756,9486100
2022-11-28,103.6100,103.8100,102.6900,103.1900,89.9283,14563200
2022-11-29,102.1500,102.9600,101.9100,101.9800,88.8738,16576400
2022-11-30,101.6200,102.7300,101.3700,102.7300,89.5274,21581700
2022-12-01,103.1500,105.8100,103.1000,105.7600,92.3874,53156800
2022-12-02,105.3000,107.1000,104.6100,107.0900,93.5493,24479500
2022-12-05,105.8400,105.9900,104.9000,105.5900,92.2389,20159700
2022-12-06,106.5000,107.3900,106.1900,106.9500,93.4270,21754500
2022-12-07,108.3700,109.6800,108.2000,109.4700,95.6283,30546700
2022-12-08,108.7000,109.4500,108.4700,109.1700,95.3663,13377300
2022-12-09,107.9400,108.1700,106.2700,106.3300,92.8854,25872200
2022-12-12,107.8600,108.1100,106.2600,106.6700,93.1824,16897100
2022-12-13,109.0400,109.0800,107.4600,107.7000,94.0821,23854700
2022-12-14,107.6600,108.3200,106.8900,108.1600,94.4840,19517500
2022-12-15,108.3900,109.1200,108.1600,108.3200,94.8526,20246200
2022-12-16,106.6000,107.8300,106.3100,107.1100,93.7931,20838300
2022-12-19,105.8300,105.8400,104.9800,105.3100,92.2168,26126800
2022-12-20,103.3800,103.8100,103.1000,103.4400,90.5794,28869000
2022-12-21,104.2900,104.4000,102.9600,103.7000,90.8070,15894100
2022-12-22,103.6700,104.1200,103.3800,103.6800,90.7895,11322500
2022-12-23,102.5800,102.8100,102.0200,102.1600,89.4585,15408900
2022-12-27,100.4900,101.0700,100.0100,100.1400,87.6896,26475700
2022-12-28,100.6500,100.7800,99.3500,99.5500,87.1730,17302900
2022-12-29,99.8600,100.9900,99.7900,100.6800,88.1625,16593000
2022-12-30,99.8700,100.5500,99.3700,99.5600,87.1818,20810200
2023-01-03,102.2000,102.3400,100.8400,101.4600,88.8456,25313200
2023-01-04,103.2200,103.4800,102.2100,102.8500,90.0627,21678200
2023-01-05,101.8700,103.2900,101.7800,103.2800,90.4393,14771100
2023-01-06,102.7000,105.3000,102.6400,105.1800,92.1031,27473700
2023-01-09,104.4100,105.9300,104.2700,105.7400,92.5934,21472200
2023-01-10,104.5300,104.8200,103.5000,103.9900,91.0610,20545200
2023-01-11,104.9700,105.7200,104.7000,105.6800,92.5408,18794000
2023-01-12,105.8200,107.8100,104.5600,107.7600,94.3623,32029600
2023-01-13,107.1000,107.8000,106.3800,106.7500,93.4778,17750800
2023-01-17,105.6700,106.6600,105.6500,106.0600,92.8736,13911700
2023-01-18,108.4600,108.7700,107.1200,108.6300,95.1241,35497200
2023-01-19,108.1000,108.3700,107.4400,107.9500,94.5287,17194700
2023-01-20,106.9600,107.2400,106.1100,106.2000,92.9962,22754100
2023-01-23,105.5700,106.2000,105.4900,105.7000,92.5584,12961500
2023-01-24,106.1200,107.4500,105.3900,107.2200,93.8894,16417200
2023-01-25,107.3700,107.9100,106.6400,107.4800,94.1171,11906500
2023-01-26,107.1400,107.6500,106.4900,106.9800,93.6792,15549400
2023-01-27,106.1900,106.9600,106.1100,106.7100,93.4428,11845500
2023-01-30,106.4600,107.1600,106.1900,106.3200,93.1013,11459700
2023-01-31,106.9800,107.2800,105.8700,107.1700,93.8456,13705300
2023-02-01,107.5500,108.5900,106.4200,108.1800,94.9738,25305800
2023-02-02,108.9200,109.3500,108.0900,108.3200,95.0966,19548400
2023-02-03,106.7700,107.1100,106.0800,106.7000,93.6744,20619500
2023-02-06,105.7500,106.3100,105.6800,105.9100,92.9809,15182400
2023-02-07,105.3300,106.2300,105.0000,105.0600,92.2346,18290300
2023-02-08,105.0400,105.5800,104.3900,105.5600,92.6736,13530700
2023-02-09,106.4700,106.6200,104.3900,104.5600,91.7957,20469900
2023-02-10,104.4000,104.4400,103.1200,103.3900,90.7685,16598300
2023-02-13,103.7100,104.4200,103.5800,104.2600,91.5323,13134300
2023-02-14,104.2000,104.8300,103.1400,104.0200,91.3216,15440300
2023-02-15,103.5500,103.9500,102.5000,103.0500,90.4700,15246900
2023-02-16,102.0700,102.2200,101.3300,101.5900,89.1882,19267300
2023-02-17,101.1000,102.3800,100.9700,102.3800,89.8818,19560900
2023-02-21,101.0100,101.2000,100.2800,100.3900,88.1347,22728000
2023-02-22,100.9900,101.6900,100.9500,101.3100,88.9424,15165400
2023-02-23,101.5400,102.5900,101.4700,102.3000,89.8116,15829100
2023-02-24,101.4400,101.8000,100.5600,100.9700,88.6439,21403600
2023-02-27,101.2900,101.7000,100.9100,101.2500,88.8897,14209200
2023-02-28,100.5700,101.7200,100.2800,101.7100,89.2936,14955700
2023-03-01,100.8200,101.0300,99.9600,100.3700,88.3343,19000000
2023-03-02,99.0600,99.6500,98.8800,99.4800,87.5510,23763600
2023-03-03,100.9300,101.9000,100.5700,101.8900,89.6720,30877300
2023-03-06,102.2200,102.3400,100.9900,101.1000,88.9768,16631900
2023-03-07,101.4600,102.3700,100.8800,101.7200,89.5224,23096500
2023-03-08,102.4000,102.9700,101.4200,101.8200,89.6104,20252400
2023-03-09,101.5500,102.5200,101.3300,102.0700,89.8304,21550400
2023-03-10,104.0300,105.6900,104.0000,105.5900,92.9283,43921500
2023-03-13,108.2000,109.1000,105.0400,105.8300,93.1395,51502500
2023-03-14,105.1400,105.6100,103.7500,104.0900,91.6082,38417800
2023-03-15,106.7800,107.7100,105.3500,106.1000,93.3772,45164100
2023-03-16,107.3800,108.0300,105.0400,105.2700,92.6467,43089300
2023-03-17,106.6500,107.7300,106.4600,106.8500,94.0373,38129000
2023-03-20,106.8800,106.9600,105.7200,105.9100,93.2100,24242800
2023-03-21,105.0800,105.4200,104.5400,105.0000,92.4091,18934900
2023-03-22,104.6600,106.4500,104.4400,106.4000,93.6412,26388500
2023-03-23,105.3600,106.5500,104.8200,106.4000,93.6412,25475100
2023-03-24,107.0900,107.4300,106.2600,106.8500,94.0373,23652700
2023-03-27,105.0500,105.7600,104.3300,104.3400,91.8283,22224500
2023-03-28,104.2400,104.6800,104.0200,104.5300,91.9955,17794300
2023-03-29,103.7000,104.4500,103.6000,104.3200,91.8106,16804400
2023-03-30,104.4600,105.0500,104.2700,104.8000,92.2331,14315800
2023-03-31,105.3500,106.5600,105.0800,106.3700,93.6148,25396700
2023-04-03,105.8800,107.1000,105.7000,106.6000,94.0551,18234800
2023-04-04,105.7800,107.8000,105.7500,107.1300,94.5227,18052400
2023-04-05,107.7700,108.3700,107.4100,108.2500,95.5109,23047700
2023-04-06,108.4200,108.8700,108.3900,108.5300,95.7580,16447300
2023-04-10,107.6400,107.7600,106.5600,106.7800,94.2139,19134400
2023-04-11,107.0500,107.0900,106.5100,107.0000,94.4080,13971200
2023-04-12,107.0500,107.1700,105.8800,106.8900,94.3110,20563000
2023-04-13,107.0500,107.3900,105.8800,106.0500,93.5698,22079400
2023-04-14,105.3900,105.5500,104.7700,105.0800,92.7140,19801900
2023-04-17,104.4200,104.5900,103.7100,103.8300,91.6111,19528800
2023-04-18,103.8100,104.5900,103.8000,104.2000,91.9375,15922600
2023-04-19,103.9100,104.2400,103.4800,104.1000,91.8493,16093900
2023-04-20,104.8300,105.2800,104.7500,104.9900,92.6346,16450100
2023-04-21,105.3000,105.4600,104.2700,104.4000,92.1140,15244700
2023-04-24,104.9600,105.4900,104.8400,105.4100,93.0051,17034300
2023-04-25,106.3300,107.1300,106.2800,106.9600,94.3727,21899900
2023-04-26,106.7900,107.2400,105.6700,105.8200,93.3669,19610400
2023-04-27,105.2000,105.2700,104.6100,104.7700,92.4405,20247600
2023-04-28,106.2100,106.7600,105.8600,106.4600,93.9315,26954100
2023-05-01,105.2700,105.4200,102.8400,103.1300,91.2231,32487300
2023-05-02,104.0000,105.7000,103.8900,105.7000,93.4964,30057800
2023-05-03,106.0000,106.6000,105.2800,106.2900,94.0182,23656200
2023-05-04,105.2200,106.4500,105.1500,105.2400,93.0895,25110500
2023-05-05,104.3500,104.9000,104.1100,104.8900,92.7799,15096500
2023-05-08,103.5200,103.8700,103.3200,103.4200,91.4796,20587000
2023-05-09,103.5000,103.6400,103.0000,103.0500,91.1523,19182500
2023-05-10,103.6700,104.2400,103.6400,104.0500,92.0369,22886800
2023-05-11,105.3000,105.5200,104.7200,105.1500,93.0099,19147200
2023-05-12,105.0500,105.2500,104.2500,104.2700,92.2315,14198500
2023-05-15,103.3900,103.4700,103.1200,103.1900,91.2762,20085300
2023-05-16,102.4000,102.9000,102.1100,102.8800,91.0019,29251700
2023-05-17,103.0800,103.1600,102.3500,102.5800,90.7366,21340900
2023-05-18,102.2000,102.2600,101.7500,101.8200,90.0643,25536600
2023-05-19,101.2600,101.8600,100.9300,101.1000,89.4274,29038000
2023-05-22,101.2500,101.7100,100.6700,100.7400,89.1090,20131100
2023-05-23,100.4300,101.2500,100.2800,101.0300,89.3655,21749500
2023-05-24,101.2800,101.3600,100.5300,100.5300,88.9233,18473400
2023-05-25,100.7000,100.8000,100.0300,100.2800,88.7021,22492800
2023-05-26,100.1200,101.1700,100.0000,101.0900,89.4186,17030300
2023-05-30,101.4000,102.2400,101.2500,102.1000,90.3120,23125200
2023-05-31,101.9900,103.1800,101.8700,102.9900,91.0993,23787000
2023-06-01,103.2800,103.6300,102.6300,103.1200,91.4567,21040400
2023-06-02,103.0000,103.0700,101.9400,101.9900,90.4545,19136500
2023-06-05,101.3500,102.4400,101.2100,101.8000,90.2860,14433200
2023-06-06,101.8400,102.4700,101.3900,102.4000,90.8181,14332100
2023-06-07,102.1700,102.4300,100.7800,100.8800,89.4700,25251100
2023-06-08,100.8700,102.1400,100.8000,102.0600,90.5166,23845100
2023-06-09,101.6000,102.2700,101.3400,101.9200,90.3924,22147400
2023-06-12,102.2400,102.3000,101.1200,102.2200,90.6585,19010300
2023-06-13,102.1100,102.3300,100.9700,101.2100,89.7627,25910800
2023-06-14,101.6300,102.2900,101.4600,102.0200,90.4811,29094200
2023-06-15,103.0300,103.6300,102.6000,103.0000,91.3502,25732000
2023-06-16,102.4400,102.8300,102.0300,102.6000,90.9955,16759100
2023-06-20,103.1100,103.6600,103.1100,103.3100,91.6252,17162900
2023-06-21,102.8100,103.6500,102.3400,103.5600,91.8469,19720100
2023-06-22,102.8000,103.2500,102.2000,102.3100,90.7383,23630700
2023-06-23,103.8300,103.9500,102.9800,103.3300,91.6430,22901900
2023-06-26,103.6200,103.8000,103.1600,103.4400,91.7405,12894900
2023-06-27,103.5900,103.9500,102.7600,103.1700,91.5010,18105700
2023-06-28,103.4100,103.8400,102.8300,103.6100,91.8913,23826800
2023-06-29,102.1700,102.3400,101.4500,101.7400,90.2328,41091600
2023-06-30,102.0600,103.0600,101.8700,102.9400,91.2970,32024900
2023-07-03,102.8400,103.2600,102.0600,102.0800,90.7795,16011800
2023-07-05,101.8900,102.0000,100.7400,101.1100,89.9168,28170300
2023-07-06,100.2000,100.3800,99.4700,99.6800,88.6451,41375700
2023-07-07,99.1800,99.6000,98.9900,99.0800,88.1116,28996500
2023-07-10,98.8600,99.5300,98.8500,99.2100,88.2272,24665200
2023-07-11,99.5700,99.9700,99.2900,99.7200,88.6807,20485500
2023-07-12,100.1000,101.1200,99.7700,100.8300,89.6679,31928000
2023-07-13,101.3100,101.9700,101.0300,101.8900,90.6105,32441500
2023-07-14,101.7200,101.9400,101.2400,101.2900,90.0769,18569000
2023-07-17,101.2300,101.4900,100.9200,101.3400,90.1214,18822000
2023-07-18,101.8000,102.0700,101.5700,101.8000,90.5304,15407400
2023-07-19,102.0000,102.9800,101.7300,102.9500,91.5531,27192500
2023-07-20,102.2200,102.3100,101.2800,101.7000,90.4415,56951200
2023-07-21,102.1600,102.3500,101.6300,101.7300,90.4682,20657500
2023-07-24,101.9900,102.1500,101.3000,101.3600,90.1392,17546700
2023-07-25,100.8300,101.5000,100.8000,101.1700,89.9702,17160600
2023-07-26,101.6800,101.6900,100.9300,101.2700,90.0591,19310700
2023-07-27,100.7100,100.9300,98.9100,99.3000,88.3072,44794400
2023-07-28,99.4000,99.8600,99.1500,99.8100,88.7607,27434000
2023-07-31,99.6500,100.3300,99.6200,100.0500,88.9742,28663800
2023-08-01,98.8400,98.9200,97.9000,98.1400,87.5162,34943400
2023-08-02,97.0400,97.2400,96.4100,97.0900,86.5798,38121300
2023-08-03,95.1900,95.3200,94.5400,94.8500,84.5823,59394800
2023-08-04,95.1500,96.6800,95.1300,96.5300,86.0805,42071800
2023-08-07,96.1100,96.2000,95.5000,95.5800,85.2333,35862900
2023-08-08,96.8600,97.3700,96.4400,96.6900,86.2231,24010500
2023-08-09,96.8800,97.2900,96.8400,97.1900,86.6690,20151100
2023-08-10,97.0400,97.3600,95.5900,95.5900,85.2422,37253200
2023-08-11,95.3000,95.8700,95.2000,95.3700,85.0460,26753500
2023-08-14,95.2100,95.9300,94.9000,95.1600,84.8588,19072000
2023-08-15,94.8000,95.2000,94.5600,94.5800,84.3416,24125000
2023-08-16,94.2800,94.7900,93.7200,93.8400,83.6816,23076700
2023-08-17,93.5000,93.6100,93.0200,93.4400,83.3250,32244900
2023-08-18,93.4300,94.1900,93.3000,93.7700,83.6192,24181700
2023-08-21,92.6600,92.7600,92.2300,92.5200,82.5045,29254100
2023-08-22,92.6400,93.2800,92.4600,93.2300,83.1377,21308700
2023-08-23,94.3000,95.5500,94.2300,95.5400,85.1976,38294700
2023-08-24,95.1300,95.5500,94.8900,94.9100,84.6358,22300800
2023-08-25,94.6600,95.5100,94.5100,95.2200,84.9123,23865200
2023-08-28,95.6500,95.6600,94.8900,95.3200,85.0014,16037300
2023-08-29,94.9700,96.5100,94.9400,96.3100,85.8843,28478100
2023-08-30,96.1600,96.4000,95.8800,96.2100,85.7951,17550100
2023-08-31,96.5400,97.0500,96.4300,96.6400,86.1786,26959700
2023-09-01,95.8000,95.8200,94.6200,94.8500,84.8360,32469700
2023-09-05,94.2800,94.2900,93.4900,93.5200,83.6464,29435900
2023-09-06,94.0900,94.1100,93.4600,93.7500,83.8521,23636300
2023-09-07,94.0000,94.0700,93.6800,94.0100,84.0847,18091500
2023-09-08,94.3800,94.9000,94.1700,94.3700,84.4067,17052100
2023-09-11,93.7000,93.9800,93.5500,93.6900,83.7985,17061500
2023-09-12,93.8900,94.2400,93.5800,94.2300,84.2815,20034300
2023-09-13,93.9200,94.5300,93.8200,94.2100,84.2636,23332300
2023-09-14,93.9400,94.2100,93.4000,93.5300,83.6554,27800600
2023-09-15,93.4600,93.4800,92.9600,92.9600,83.1456,25642900
2023-09-18,92.8500,93.5300,92.8200,93.4900,83.6196,17963400
2023-09-19,93.0800,93.4300,92.8000,92.8000,83.0025,24941800
2023-09-20,93.2900,93.6000,93.0400,93.0900,83.2618,29451200
2023-09-21,91.2900,91.3700,90.6900,90.7000,81.1242,59958700
2023-09-22,90.8100,91.6100,90.6700,91.4300,81.7771,29524500
2023-09-25,89.6600,90.0400,89.1500,89.1800,79.7646,45587900
2023-09-26,89.4300,89.6200,88.7100,88.8700,79.4874,38104100
2023-09-27,89.5400,89.6200,88.0900,88.4100,79.0760,47111200
2023-09-28,87.6200,88.7300,87.1000,88.6800,79.3174,60238000
2023-09-29,89.2700,89.4900,88.1300,88.6900,79.3264,49010100
2023-10-02,87.8200,87.9300,86.7100,86.9300,77.9984,44704300
2023-10-03,86.3100,86.6500,84.8900,85.0600,76.3205,71362600
2023-10-04,85.7700,86.3100,85.3700,86.2600,77.3973,56281600
2023-10-05,86.1100,86.1900,85.6400,85.8300,77.0115,35758800
2023-10-06,84.2000,85.6900,84.0600,84.7900,76.0783,62787900
2023-10-09,85.5000,86.8000,84.9500,86.7800,77.8639,29424900
2023-10-10,85.8500,87.1700,85.5200,86.6600,77.7562,54743900
2023-10-11,87.8500,88.4700,87.6000,88.4700,79.3802,58517700
2023-10-12,88.0500,88.1900,85.9300,86.0700,77.2268,66986700
2023-10-13,87.6000,87.8300,87.1700,87.6100,78.6086,44183800
2023-10-16,86.1900,86.3700,85.9000,86.2000,77.3435,38309800
2023-10-17,84.8900,85.6300,84.5000,85.2500,76.4911,52949100
2023-10-18,84.3800,84.7200,83.8500,84.5000,75.8181,63724600
2023-10-19,83.8800,84.5700,82.7400,82.7700,74.2659,87696900
2023-10-20,82.9900,83.5400,82.7700,83.2400,74.6876,52188800
2023-10-23,82.8100,84.8600,82.4200,84.2400,75.5848,70890400
2023-10-24,84.4400,85.3500,84.0900,85.3500,76.5808,46267700
2023-10-25,84.0200,84.1300,83.1300,83.4500,74.8760,60737200
2023-10-26,83.4800,84.8200,83.4000,84.7300,76.0245,49704100
2023-10-27,84.1900,84.9700,83.7400,84.3700,75.7015,32362300
2023-10-30,83.8100,84.5000,83.2400,83.9900,75.3605,45026900
2023-10-31,84.3700,84.7700,83.5500,83.5800,74.9926,37269200
2023-11-01,84.0400,85.1200,84.0200,85.1000,76.6186,72308500
2023-11-02,86.6800,87.3100,86.2200,87.0400,78.3653,69739400
2023-11-03,88.8100,89.0500,87.5800,87.6300,78.8965,77692300
2023-11-06,87.0700,87.2000,86.6000,86.7800,78.1312,41341900
2023-11-07,87.6100,88.5000,87.5900,88.0600,79.2836,37834200
2023-11-08,88.4800,89.6200,88.4500,89.5600,80.6342,53893400
2023-11-09,88.9400,89.0300,86.7400,87.5000,78.7794,88975100
2023-11-10,88.2300,88.4300,87.7700,87.9900,79.2206,36516400
2023-11-13,87.2200,87.9400,86.9000,87.7900,79.0406,25661500
2023-11-14,90.0000,90.1500,89.2900,89.7800,80.8322,65666800
2023-11-15,89.0100,89.1400,88.3100,88.5200,79.6978,56205300
2023-11-16,89.3000,89.9600,89.2500,89.6200,80.6882,49473900
2023-11-17,90.1600,90.4300,89.6400,90.0400,81.0663,44091400
2023-11-20,89.6200,90.6600,89.6100,90.5900,81.5615,40477800
2023-11-21,90.5000,90.8000,89.8900,90.5500,81.5255,27721000
2023-11-22,91.1200,91.3200,90.3800,90.8700,81.8136,31197500
2023-11-24,90.1000,90.2600,89.7900,89.8000,80.8502,20199600
2023-11-27,90.3000,91.3400,90.2100,91.3000,82.2007,39804400
2023-11-28,90.9100,91.5300,90.7900,91.4800,82.3628,44989300
2023-11-29,92.1100,92.7000,91.7800,92.6300,83.3982,61647800
2023-11-30,91.9700,92.2900,91.1600,91.5600,82.4348,60520900
2023-12-01,91.3100,93.0600,91.1300,92.9900,83.9874,64172200
2023-12-04,92.4900,92.8300,92.0900,92.6200,83.6532,33766300
2023-12-05,93.6300,94.6200,93.5700,94.6100,85.4506,73588600
2023-12-06,95.0800,96.0500,94.8700,95.8700,86.5886,61606100
2023-12-07,95.1800,96.0800,95.0600,95.3200,86.0918,47970200
2023-12-08,94.4200,94.7200,93.9100,94.5400,85.3873,44809200
2023-12-11,94.0100,94.4400,93.5300,94.3400,85.2067,33909700
2023-12-12,94.1500,94.7000,93.9000,94.6200,85.4596,36996900
2023-12-13,95.1700,96.9800,95.0200,96.8400,87.4647,70828500
2023-12-14,97.6600,99.0400,97.4200,99.0400,89.7399,87798600
2023-12-15,98.6900,99.3500,98.5800,99.1500,89.8395,59941300
2023-12-18,98.5000,98.5000,98.0200,98.3600,89.1237,34746000
2023-12-19,98.8600,99.2600,98.6600,98.8900,89.6040,30018400
2023-12-20,99.1100,99.6900,98.5800,99.5600,90.2111,51229400
2023-12-21,99.7400,99.8400,98.7500,98.9300,89.6402,65231200
2023-12-22,99.3800,99.3800,98.2400,98.4800,89.2325,29244200
2023-12-26,98.5400,98.8700,98.4800,98.7600,89.4862,24019700
2023-12-27,99.7800,100.5300,99.5000,100.5100,91.0718,45082800
2023-12-28,100.0900,100.5700,99.5600,99.7800,90.4104,36213000
2023-12-29,99.1300,99.8200,98.8000,98.8800,89.5949,41616200
2024-01-02,98.2300,98.6500,98.0000,98.3100,89.0784,47797400
2024-01-03,97.3800,98.8500,97.1500,98.7200,89.4499,58159500
2024-01-04,97.4200,97.6400,97.0700,97.2200,88.0908,52604500
2024-01-05,96.5000,97.6800,96.2100,96.2900,87.2481,45894800
2024-01-08,96.2300,97.3800,96.0900,97.2400,88.1089,39485800
2024-01-09,96.6400,97.1700,96.5900,96.6200,87.5471,34374000
2024-01-10,96.9200,97.0500,96.1200,96.1700,87.1394,48227800
2024-01-11,96.1700,96.8300,95.7100,96.7100,87.6287,78858900
2024-01-12,96.7800,97.2700,96.2700,96.5200,87.4565,38883900
2024-01-16,95.6200,95.7900,94.5100,94.8200,85.9162,61716700
2024-01-17,94.6000,95.0000,94.1600,94.6700,85.7802,55506800
2024-01-18,94.4600,94.5800,93.5100,93.7900,84.9829,77339100
2024-01-19,93.7100,94.1700,93.2600,94.0900,85.2547,47030900
2024-01-22,94.8200,95.0800,94.3900,94.6500,85.7621,35756400
2024-01-23,93.8900,93.9900,93.4300,93.9000,85.0825,35786700
2024-01-24,94.5100,94.5400,93.1000,93.3500,84.5842,54574900
2024-01-25,94.0000,94.2200,93.5700,93.9600,85.1369,57019400
2024-01-26,93.9300,94.0700,93.4900,93.7800,84.9738,29276900
2024-01-29,94.3100,95.1700,94.1200,94.8600,85.9524,38243600
2024-01-30,95.4800,95.8400,94.7400,95.7200,86.7317,40151400
2024-01-31,96.2200,96.9100,96.0000,96.6600,87.5834,80646700
2024-02-01,97.4200,98.6700,97.1900,98.2400,89.3014,84291200
2024-02-02,96.2700,96.6200,95.6900,96.0700,87.3288,63823300
2024-02-05,94.6300,94.8500,94.0200,94.1300,85.5653,53827400
2024-02-06,94.2400,95.1500,94.2100,95.0500,86.4017,33411500
2024-02-07,94.5700,95.2300,94.5200,94.5900,85.9835,40120200
2024-02-08,94.0200,94.3000,93.6600,94.0400,85.4835,50087700
2024-02-09,93.7600,94.0100,93.6600,93.8500,85.3108,27951300
2024-02-12,93.9000,94.1400,93.5000,93.9600,85.4108,27890300
2024-02-13,92.8600,93.0600,92.3300,92.3500,83.9473,49768500
2024-02-14,92.3000,93.0500,92.2300,92.8200,84.3745,44191600
2024-02-15,93.5600,93.7200,93.0000,93.3000,84.8109,49598500
2024-02-16,92.4800,92.8500,92.3400,92.7600,84.3200,33116800
2024-02-20,92.7900,93.1900,92.7200,92.8400,84.3927,24469300
2024-02-21,92.8300,92.9000,92.0100,92.1800,83.7928,36343100
2024-02-22,92.3300,92.7600,92.2700,92.6300,84.2018,45190700
2024-02-23,92.7500,94.0000,92.7500,93.8700,85.3290,38406700
2024-02-26,94.0000,94.0300,93.1900,93.5900,85.0745,27855000
2024-02-27,93.2400,93.4700,92.8500,92.9300,84.4746,30242000
2024-02-28,93.0800,93.6000,92.9000,93.5200,85.0108,34574200
2024-02-29,93.8200,94.3000,93.7800,94.1800,85.6108,51038600
2024-03-01,93.4400,94.5100,93.0100,94.4700,86.1443,45832800
2024-03-04,93.7000,94.1600,93.6800,94.0900,85.7977,23864200
2024-03-05,95.2300,95.6800,94.9700,95.4300,87.0197,37721900
2024-03-06,95.4900,96.1700,95.4100,95.9900,87.5303,40571600
2024-03-07,96.3600,96.4000,95.4800,95.9000,87.4482,39075000
2024-03-08,95.8000,96.0500,95.4800,95.7300,87.2932,25023200
2024-03-11,95.9600,96.0100,95.3700,95.6800,87.2476,17787900
2024-03-12,95.0400,95.2100,94.6900,94.8800,86.5181,29566000
2024-03-13,94.5000,94.7400,94.2100,94.4200,86.0987,38270100
2024-03-14,93.7300,93.7500,92.8600,92.9700,84.7765,58365600
2024-03-15,93.0600,93.1900,92.7900,92.9400,84.7491,34997700
2024-03-18,92.7300,92.9900,92.5000,92.6600,84.4938,29519500
2024-03-19,92.8500,93.2700,92.6900,92.9200,84.7309,26953100
2024-03-20,93.1000,93.7900,92.2900,92.8900,84.7035,43460100
2024-03-21,93.2700,93.4300,92.7300,93.0900,84.8859,34276600
2024-03-22,94.1900,94.2100,93.7800,93.9800,85.6975,30262300
2024-03-25,93.7100,93.7500,93.3000,93.5100,85.2689,24011800
2024-03-26,93.5100,93.8700,93.2800,93.7700,85.5059,34423000
2024-03-27,93.9900,94.7000,93.9400,94.7000,86.3540,50157800
2024-03-28,94.4900,95.0200,94.3200,94.6200,86.2810,34540400
2024-04-01,93.2900,93.3000,92.4600,92.5500,84.6727,48945400
2024-04-02,91.5700,92.2000,91.3400,92.0400,84.2061,43086300
2024-04-03,91.2600,92.0500,91.0500,92.0200,84.1878,45494400
2024-04-04,92.6300,92.7600,92.0400,92.6800,84.7916,47957400
2024-04-05,91.6900,92.1800,91.3800,91.3900,83.6114,42495900
2024-04-08,91.2300,91.5900,91.1300,91.3800,83.6023,37879800
2024-04-09,91.8700,92.3600,91.8400,92.2300,84.3799,32522000
2024-04-10,91.2000,91.3000,90.0500,90.2200,82.5410,74368900
2024-04-11,90.3800,90.4400,89.5100,89.8100,82.1659,65751200
2024-04-12,90.6400,90.9500,90.2800,90.2900,82.6050,47900100
2024-04-15,89.2200,89.2600,88.5200,88.8900,81.3242,55993100
2024-04-16,88.0500,88.5800,87.7900,88.3000,80.7844,45103200
2024-04-17,88.8700,89.3800,88.4600,89.2800,81.6810,57947000
2024-04-18,89.2400,89.2700,88.5900,88.8300,81.2693,43839500
2024-04-19,89.3900,89.3900,88.9100,89.1500,81.5621,44826800
2024-04-22,88.6800,89.1200,88.6500,89.0000,81.4248,24969000
2024-04-23,88.7300,89.5400,88.5500,89.0300,81.4523,27222700
2024-04-24,88.5600,88.6300,87.5000,88.4000,80.8759,48986800
2024-04-25,87.4600,87.9000,87.3400,87.7800,80.3086,49282600
2024-04-26,88.2500,88.6100,88.0500,88.2400,80.7295,31589800
2024-04-29,88.6600,89.0200,88.4800,88.9800,81.4065,39228600
2024-04-30,88.4200,88.7300,88.1000,88.2200,80.7112,41054700
2024-05-01,88.6000,89.2100,88.2400,88.5600,81.3061,59679500
2024-05-02,88.2100,89.0100,88.0300,88.9400,81.6550,58925400
2024-05-03,89.9300,90.1200,89.2700,89.8400,82.4813,50066100
2024-05-06,89.8700,90.2500,89.6700,90.1900,82.8026,23868200
2024-05-07,90.9000,91.2400,90.6100,90.7400,83.3076,30525800
2024-05-08,90.3100,90.4600,90.1600,90.1900,82.8026,31171700
2024-05-09,89.8700,90.7700,89.8200,90.6300,83.2066,39606700
2024-05-10,90.2800,90.3800,89.9600,90.1200,82.7383,21913800
2024-05-13,90.5500,90.6100,90.3100,90.3500,82.9495,23157500
2024-05-14,90.6500,90.9200,90.4200,90.8600,83.4178,25746400
2024-05-15,91.8700,92.2600,91.6300,92.1000,84.5562,65142900
2024-05-16,92.3900,92.4200,91.9400,92.0100,84.4736,37902400
2024-05-17,91.6400,91.8000,91.3400,91.3900,83.9043,24755000
2024-05-20,91.0800,91.3200,91.0100,91.1200,83.6565,17922800
2024-05-21,91.7300,91.7700,91.4300,91.5900,84.0880,15334400
2024-05-22,91.2700,91.7800,91.2600,91.7000,84.1889,38073700
2024-05-23,91.8000,91.8000,90.8200,91.1100,83.6473,51294700
2024-05-24,90.9700,91.4700,90.9000,91.3800,83.8951,19164400
2024-05-28,91.3300,91.3600,90.0300,90.0700,82.6925,45973700
2024-05-29,89.3400,89.4000,88.6800,88.9800,81.6917,45508400
2024-05-30,89.6000,89.9700,89.4400,89.8400,82.4813,29548600
2024-05-31,90.4800,90.6600,90.2500,90.4500,83.0413,41308800
2024-06-03,90.6400,91.6700,90.6100,91.6000,84.3845,42272100
2024-06-04,92.2000,92.8000,91.9900,92.6700,85.3702,42581500
2024-06-05,93.0000,93.3500,92.3900,93.3500,85.9966,43153900
2024-06-06,92.9200,93.4300,92.8600,93.2100,85.8677,22891900
2024-06-07,91.8300,91.8300,91.4000,91.5000,84.2924,35240500
2024-06-10,91.0000,91.0600,90.6500,90.8900,83.7304,20586500
2024-06-11,91.0300,91.8700,90.9200,91.8300,84.5963,30329200
2024-06-12,93.0200,93.5700,92.4900,92.5200,85.2320,42554600
2024-06-13,93.2200,93.9900,92.9500,93.8800,86.4849,33093800
2024-06-14,94.4200,94.8400,94.2400,94.6700,87.2127,28776700
2024-06-17,93.5200,93.8100,93.2800,93.7300,86.3467,31040200
2024-06-18,93.8900,94.6000,93.7300,94.5900,87.1389,26881000
2024-06-20,93.4100,94.0000,93.3400,93.9600,86.5586,30246300
2024-06-21,94.2400,94.4800,93.5900,93.9600,86.5586,22596400
2024-06-24,94.0500,94.3400,93.7400,94.3400,86.9086,56939100
2024-06-25,94.0700,94.5500,94.0400,94.5000,87.0561,22890200
2024-06-26,93.2800,93.4700,93.1100,93.1500,85.8124,38489100
2024-06-27,93.5200,93.7100,93.4200,93.5200,86.1532,23140800
2024-06-28,93.7300,93.7700,91.7800,91.7800,84.5503,55119600
2024-07-01,90.4200,91.0800,89.8200,89.9100,83.0911,49735400
2024-07-02,90.6800,90.8100,90.0800,90.6100,83.7380,34204700
2024-07-03,91.1700,91.8900,91.0900,91.8000,84.8377,35563300
2024-07-05,92.2700,92.7300,91.9000,92.5600,85.5401,34895500
2024-07-08,92.5400,92.8500,92.2200,92.7600,85.7249,16095700
2024-07-09,92.4700,92.6800,91.8700,92.3500,85.3460,30289800
2024-07-10,92.4500,92.6800,92.2600,92.6400,85.6140,23572500
2024-07-11,93.6800,94.1400,93.4700,93.5400,86.4457,49761800
2024-07-12,93.5300,93.9400,93.3400,93.9400,86.8154,27796500
2024-07-15,93.0000,93.3000,92.7800,92.8600,85.8173,37918900
2024-07-16,93.5300,94.2100,93.3900,94.1700,87.0280,36383700
2024-07-17,93.9200,94.4000,93.6900,94.1900,87.0465,29036800
2024-07-18,93.6800,94.1400,93.3800,93.4700,86.3811,34553100
2024-07-19,93.0400,93.1600,92.8200,92.9200,85.8728,32164700
2024-07-22,93.4000,93.5200,92.3000,92.6500,85.6233,36160400
2024-07-23,92.8100,93.0300,92.4900,92.5200,85.5031,23498000
2024-07-24,92.5900,92.8500,91.4700,91.5200,84.5790,50757100
2024-07-25,92.0300,92.8600,91.9600,92.2700,85.2721,44999100
2024-07-26,92.9500,93.1500,92.7100,92.9900,85.9375,34423800
2024-07-29,93.6700,93.6900,93.2200,93.4900,86.3996,25801300
2024-07-30,93.7500,94.0500,93.3000,93.8500,86.7322,28169800
2024-07-31,94.5300,94.8400,94.2400,94.8100,87.6194,47445300
2024-08-01,95.1400,95.9100,95.1200,95.3100,88.3751,77254200
2024-08-02,97.0000,98.3700,96.8900,98.2800,91.1290,91912900
2024-08-05,99.6900,99.9400,97.9000,98.8000,91.6112,90686300
2024-08-06,98.1500,98.4100,96.5900,96.5900,89.5620,61316900
2024-08-07,95.9500,96.4500,95.5000,95.9100,88.9315,51337100
2024-08-08,95.1200,95.4000,94.8400,95.3200,88.3844,37815800
2024-08-09,96.5100,96.5400,96.0900,96.2600,89.2560,32141800
2024-08-12,96.0300,96.8200,95.8800,96.6100,89.5805,24261400
2024-08-13,97.3000,97.3600,96.9800,97.2800,90.2018,30366900
2024-08-14,97.5500,98.1600,97.5100,97.8900,90.7674,31334100
2024-08-15,96.4100,97.1000,96.2100,97.1000,90.0349,38723700
2024-08-16,97.4400,97.5400,97.0100,97.4400,90.3501,28541000
2024-08-19,97.4200,98.1600,97.4100,97.8900,90.7674,25322100
2024-08-20,98.3200,98.8600,98.1200,98.6700,91.4906,25239300
2024-08-21,98.6700,99.2000,98.2100,98.7300,91.5463,29230000
2024-08-22,98.2300,98.3000,97.4300,97.7500,90.6376,33453800
2024-08-23,98.1900,98.6700,97.9600,98.3900,91.2310,32005100
2024-08-26,98.6900,98.7000,98.0800,98.1400,90.9992,23198700
2024-08-27,97.4900,98.0800,97.4100,97.9700,90.8416,21507700
2024-08-28,98.0100,98.2000,97.7300,97.8500,90.7303,18501400
2024-08-29,97.3700,97.6400,97.1300,97.5300,90.4336,24988200
2024-08-30,97.6800,97.9900,96.4700,96.4900,89.4693,42896200
2024-09-03,97.5600,98.0600,97.4200,97.7500,90.9326,48947900
2024-09-04,97.8800,99.0300,97.8100,99.0100,92.1047,40885200
2024-09-05,99.3400,99.6800,98.7800,99.5700,92.6256,47450900
2024-09-06,99.5500,100.7800,99.1900,99.5600,92.6163,57406400
2024-09-09,99.4000,100.1000,99.1600,99.9900,93.0163,26961400
2024-09-10,99.8700,100.9100,99.8200,100.6900,93.6675,31703400
2024-09-11,100.4900,101.2400,100.3500,100.6100,93.5931,39497100
2024-09-12,100.3600,100.5500,99.6900,100.1400,93.1559,41618700
2024-09-13,100.4600,100.6100,100.0200,100.4100,93.4070,25722100
2024-09-16,100.6300,101.3700,100.4100,101.3300,94.2629,30866300
2024-09-17,101.4700,101.6400,100.7400,100.8400,93.8070,31699400
2024-09-18,100.2400,100.7300,99.5400,99.5900,92.6442,48897000
2024-09-19,98.9200,99.3100,98.7700,99.2600,92.3372,39979800
2024-09-20,98.9900,99.2500,98.7200,98.8800,91.9837,37067600
2024-09-23,98.5000,99.0900,98.0200,98.6700,91.7884,35703900
2024-09-24,98.0000,98.8900,97.8500,98.6500,91.7698,31005400
2024-09-25,98.2600,98.3200,97.7900,97.8300,91.0070,36738200
2024-09-26,98.0700,98.2500,97.4200,98.0600,91.2209,33332300
2024-09-27,98.5400,98.7600,98.2100,98.5700,91.6954,28317600
2024-09-30,98.6400,98.7100,97.8800,98.1000,91.2582,34175500
2024-10-01,98.8000,99.3300,98.3900,98.4900,91.9170,45254200
2024-10-02,97.3600,97.7300,97.0600,97.6600,91.1424,35810800
2024-10-03,97.3400,97.5100,96.7400,96.7400,90.2838,39677800
2024-10-04,95.4400,95.9600,95.4000,95.5500,89.1733,56954100
2024-10-07,94.9800,95.2700,94.7600,94.8300,88.5013,42606600
2024-10-08,94.3900,95.0300,94.3400,94.9900,88.6506,33709600
2024-10-09,94.6700,94.9100,94.2300,94.4500,88.1467,35807700
2024-10-10,93.8800,94.0900,93.4100,94.0800,87.8013,53667400
2024-10-11,93.4800,94.0700,93.4200,93.7000,87.4467,27406400
2024-10-14,93.0400,93.7800,92.9800,93.7700,87.5120,28795300
2024-10-15,94.4600,95.0000,94.3700,94.9100,88.5760,46429100
2024-10-16,95.3900,95.6200,95.1400,95.3100,88.9493,32281500
2024-10-17,94.2900,94.4400,93.6700,93.8000,87.5401,43427200
2024-10-18,94.0500,94.2800,93.8600,93.8700,87.6054,25258600
2024-10-21,93.0200,93.0900,92.2300,92.2300,86.0748,49504700
2024-10-22,92.6500,92.7600,92.0900,92.3200,86.1588,32096900
2024-10-23,91.8400,92.3700,91.6600,92.0700,85.9255,33354200
2024-10-24,92.2300,93.0000,91.9600,92.6600,86.4761,32507400
2024-10-25,92.9900,93.0400,92.0200,92.1400,85.9908,28667100
2024-10-28,92.2700,92.2900,91.4200,91.8900,85.7575,33156500
2024-10-29,91.1700,92.0600,90.9800,92.0300,85.8882,46545200
2024-10-30,92.8400,93.2900,92.1600,92.3000,86.1401,41951100
2024-10-31,92.2000,92.9400,91.8700,92.4500,86.2801,52173800
2024-11-01,92.2600,92.5200,90.8000,90.8400,85.0637,80402000
2024-11-04,92.2800,92.5700,91.6300,92.2500,86.3841,49747600
2024-11-05,92.0300,92.9000,91.6000,92.7400,86.8429,46986000
2024-11-06,89.6400,90.7200,89.5500,90.2000,84.4644,98895700
2024-11-07,90.7500,91.6200,90.6500,91.3300,85.5226,56221400
2024-11-08,92.0000,92.6000,91.8400,92.4900,86.6088,56756200
2024-11-11,92.2500,92.3000,91.6200,92.0400,86.1874,22369200
2024-11-12,91.3700,91.8500,90.5100,90.6600,84.8952,57908400
2024-11-13,91.5200,91.5400,89.7200,89.8000,84.0899,49009100
2024-11-14,90.5600,91.0300,90.2700,90.3200,84.5768,53328300
2024-11-15,89.9200,90.6500,89.5100,90.0800,84.3521,73722400
2024-11-18,89.6600,90.5900,89.4200,90.2400,84.5019,36010600
2024-11-19,90.8200,91.0700,90.6200,90.7000,84.9326,29585100
2024-11-20,90.1500,90.8300,90.1100,90.4100,84.6611,27755400
2024-11-21,90.4500,90.8500,90.0000,90.3400,84.5955,28365700
2024-11-22,90.5100,90.7000,90.1500,90.3900,84.6423,21547500
2024-11-25,92.2000,92.7800,91.9900,92.7300,86.8336,56858000
2024-11-26,92.1600,92.4400,91.8100,92.3700,86.4964,31122200
2024-11-27,93.0400,93.3800,92.6700,93.0100,87.0958,39442200
2024-11-29,93.7800,93.9900,93.4400,93.9700,87.9947,31905700
2024-12-02,93.2700,94.1500,93.0000,93.8700,88.2061,39406000
2024-12-03,93.9300,94.0300,92.9900,93.0600,87.4450,32768900
2024-12-04,92.6100,94.1900,92.5400,94.0600,88.3847,35851100
2024-12-05,93.7200,94.3900,93.6600,94.2500,88.5632,23695800
2024-12-06,94.7200,94.8500,94.0200,94.3900,88.6947,31761500
2024-12-09,93.9900,94.0400,93.4700,93.5200,87.8772,30509600
2024-12-10,93.0200,93.3000,92.9100,93.0800,87.4638,28706500
2024-12-11,93.0700,93.2900,92.1100,92.2000,86.6369,38748400
2024-12-12,91.6400,91.7500,91.0000,91.0800,85.5845,45368400
2024-12-13,90.8000,90.8500,90.0800,90.1500,84.7106,39486000
2024-12-16,90.5500,90.6200,90.0500,90.4200,84.9643,23482300
2024-12-17,90.5200,90.9900,90.4600,90.6400,85.1710,23839900
2024-12-18,89.9700,90.3700,89.1400,89.1600,84.1060,61328400
2024-12-19,88.0700,88.3900,87.5100,87.8100,82.8325,99083300
2024-12-20,88.5300,88.9100,88.2900,88.3100,83.3042,45542400
2024-12-23,88.1600,88.2300,87.4400,87.5000,82.5401,32764600
2024-12-24,87.0400,87.8900,86.9800,87.8700,82.8891,22377600
2024-12-26,87.2100,87.9600,87.2000,87.8200,82.8420,19981800
2024-12-27,87.4800,87.7800,87.0600,87.1000,82.1628,27262300
2024-12-30,87.8300,88.0400,87.6700,87.8000,82.8231,48519600
2024-12-31,88.1300,88.2800,87.2600,87.3300,82.3797,31917300
2025-01-02,87.8000,88.1200,87.2100,87.5700,82.6061,27841300
2025-01-03,87.7200,87.8800,87.1800,87.2900,82.3420,21962200
2025-01-06,87.0500,87.2300,86.6700,86.9000,81.9741,30231500
2025-01-07,86.6000,86.7700,85.7900,85.9200,81.0497,41757200
2025-01-08,85.4700,86.2000,85.3400,86.0300,81.1535,44590800
2025-01-10,85.2800,85.8500,85.1600,85.4600,80.6157,47115800
2025-01-13,85.5300,85.6600,85.0400,85.4300,80.5874,33258900
2025-01-14,85.2300,85.3600,84.8900,85.2900,80.4554,33412900
2025-01-15,86.7000,86.9800,86.4000,86.7600,81.8421,54120700
2025-01-16,86.6400,87.4000,86.2800,87.0400,82.1062,34651100
2025-01-17,87.4300,87.4800,87.0400,87.1900,82.2477,29875600
2025-01-21,87.8900,88.1700,87.6300,87.9700,82.9835,30548600
2025-01-22,87.8700,87.9800,87.3200,87.5100,82.5496,25278400
2025-01-23,86.6400,86.9900,86.5300,86.8300,81.9081,31949000
2025-01-24,86.7200,87.2800,86.6000,87.2200,82.2760,21110400
2025-01-27,88.1600,88.4300,87.8500,88.2500,83.2476,42864200
2025-01-28,87.8400,88.2000,87.6600,88.1900,83.1910,25519100
2025-01-29,88.4300,88.6200,87.6300,88.0100,83.0212,25342800
2025-01-30,88.4100,88.7100,88.1700,88.3400,83.3325,25094900
2025-01-31,88.3800,88.6600,87.4300,87.7600,82.7854,48790100
2025-02-03,88.5800,89.1000,87.8000,88.1600,83.4594,70657200
2025-02-04,87.5500,88.4500,87.4800,88.4300,83.7150,33414000
2025-02-05,89.4500,90.1800,89.3900,89.8900,85.0972,48331200
2025-02-06,89.8600,90.1500,89.5500,89.8500,85.0593,22509900
2025-02-07,89.2400,89.4500,88.9400,89.2700,84.5102,31171200
2025-02-10,89.2600,89.5300,88.8500,89.0000,84.2546,22736100
2025-02-11,88.5300,88.6800,88.3800,88.4300,83.7150,21513000
2025-02-12,87.2900,87.6000,86.8600,87.2300,82.5790,48536200
2025-02-13,88.0900,88.8900,88.0700,88.6800,83.9517,42718100
2025-02-14,89.3800,89.6800,89.1200,89.1500,84.3966,27460700
2025-02-18,88.5400,88.8400,88.0400,88.1000,83.4026,29429200
2025-02-19,87.9500,88.4500,87.8900,88.2100,83.5068,20584300
2025-02-20,88.4500,88.7600,88.4500,88.5400,83.8191,27913400
2025-02-21,88.8700,89.9300,88.8200,89.6100,84.8321,46912300
2025-02-24,89.3300,90.0600,89.2600,89.8700,85.0782,26218000
2025-02-25,90.9700,91.5000,90.8000,91.4200,86.5456,50125100
2025-02-26,91.4200,92.0600,91.2000,91.9600,87.0568,32220200
2025-02-27,91.3100,91.7900,91.1400,91.3100,86.4414,53373600
2025-02-28,91.8500,92.4800,91.4700,92.4300,87.5017,49388600
2025-03-03,91.4100,92.7100,91.3700,92.5700,87.9101,42904200
2025-03-04,92.4400,92.7900,91.2700,91.4300,86.8275,56722000
2025-03-05,91.5600,91.8000,90.6100,90.7000,86.1342,50215900
2025-03-06,90.4800,90.8000,89.7300,90.4000,85.8493,42827500
2025-03-07,91.1400,91.1600,89.9900,90.1100,85.5739,36903600
2025-03-10,91.0800,91.6300,90.9100,91.0500,86.4666,41440800
2025-03-11,90.9700,91.4900,90.1400,90.4000,85.8493,40555700
2025-03-12,90.0000,90.3800,89.7800,89.8600,85.3365,32734600
2025-03-13,89.5800,90.7100,89.3800,90.6500,86.0867,38675400
2025-03-14,90.0100,90.4100,89.8600,90.1700,85.6309,24658000
2025-03-17,90.8000,91.1800,90.3800,90.6200,86.0583,26700300
2025-03-18,90.1400,91.0200,90.1200,90.7100,86.1437,23654700
2025-03-19,90.6800,91.2200,90.3800,91.1800,86.5901,31378700
2025-03-20,92.2000,92.2400,91.1600,91.2400,86.6470,35645800
2025-03-21,91.3300,91.4400,90.6200,90.7000,86.1342,29192100
2025-03-24,90.2000,90.2600,89.7000,89.7700,85.2511,27985600
2025-03-25,89.5700,90.0800,89.5100,89.7600,85.2416,22333800
2025-03-26,89.3900,89.6000,89.0900,89.1700,84.6813,25095600
2025-03-27,88.8500,89.0300,88.6300,88.9100,84.4343,23674500
2025-03-28,89.8800,90.3400,89.8100,90.1400,85.6024,39869400
2025-03-31,91.2300,91.3400,90.3600,91.0300,86.4476,38824300
2025-04-01,91.2500,91.9100,91.2100,91.4900,87.1967,39800100
2025-04-02,92.3700,92.3700,90.6600,91.4300,87.1395,43488400
2025-04-03,92.5200,92.7300,91.8400,91.8500,87.5398,57467400
2025-04-04,93.6500,94.0900,92.8200,92.8500,88.4929,92794200
2025-04-07,91.8800,92.1900,89.8000,90.0500,85.8243,124987600
2025-04-08,89.2800,90.2000,88.2200,88.3500,84.2041,73861900
2025-04-09,87.2700,88.9100,85.8900,88.8700,84.6997,131353500
2025-04-10,87.7400,88.1800,86.3500,86.4200,82.3646,78592000
2025-04-11,85.8700,87.3000,85.0000,86.8900,82.8126,94814100
2025-04-14,87.4000,87.7100,86.8200,87.5100,83.4035,37596400
2025-04-15,87.1500,88.1900,87.0400,87.8200,83.6990,22553900
2025-04-16,87.8000,88.5000,87.4700,88.3100,84.1660,35607300
2025-04-17,88.0400,88.2000,87.2300,87.5300,83.4226,31758400
2025-04-21,86.6000,87.0700,85.9800,86.0000,81.9644,39343200
2025-04-22,86.8200,87.0200,86.4000,86.4800,82.4218,32552100
2025-04-23,88.8800,89.0600,87.1700,87.3200,83.2224,44082200
2025-04-24,88.0300,88.3500,87.7600,88.2400,84.0992,24190800
2025-04-25,88.9000,89.1100,88.6000,88.8900,84.7188,22513900
2025-04-28,88.6600,89.5300,88.6100,89.4500,85.2525,20130500
2025-04-29,89.3200,90.2100,89.3000,90.2000,85.9673,22129500
2025-04-30,89.7800,90.0500,89.3300,89.4700,85.2715,42630600
2025-05-01,89.2600,89.2800,88.3000,88.6900,84.8392,29932800
2025-05-02,87.7100,88.0700,87.5400,87.7300,83.9208,32090400
2025-05-05,87.3500,87.4100,86.8300,87.2400,83.4521,22862800
2025-05-06,86.8000,87.5300,86.6400,87.5300,83.7295,21095200
2025-05-07,87.9200,88.2100,87.8200,87.9000,84.0835,23161600
2025-05-08,88.0200,88.0600,86.8900,86.9200,83.1460,25483700
2025-05-09,87.0000,87.3100,86.9200,87.0500,83.2703,17007900
2025-05-12,86.3800,86.7800,86.1900,86.2400,82.4955,32115000
2025-05-13,86.1300,86.2900,85.5000,85.8900,82.1607,53912200
2025-05-14,85.7500,85.8700,85.2000,85.3200,81.6155,42119800
2025-05-15,85.6300,86.3200,85.4800,86.0700,82.3329,59448000
2025-05-16,86.8700,86.8900,86.2000,86.3000,82.5529,31778200
2025-05-19,84.9100,86.1200,84.8300,86.0500,82.3138,49361900
2025-05-20,85.4300,85.6000,85.0600,85.4300,81.7207,35493100
2025-05-21,84.6800,85.0600,83.7600,83.9700,80.3241,77053100
2025-05-22,83.5200,84.4300,83.3000,84.4100,80.7450,61747900
2025-05-23,84.7700,84.8200,84.3100,84.5500,80.8789,47139200
2025-05-27,85.3500,86.0300,85.1500,85.7300,82.0077,56773400
2025-05-28,85.4100,85.5400,84.9700,85.3600,81.6537,34806800
2025-05-29,85.7700,86.2600,85.6400,86.1500,82.4094,38933200
2025-05-30,86.0900,86.4700,85.8800,86.2800,82.5338,49042100
2025-06-02,85.2900,85.4700,84.7900,85.1600,81.7657,46213100
2025-06-03,85.4400,85.7400,84.8900,85.0100,81.6217,33731300
2025-06-04,85.7900,86.6500,85.6500,86.3900,82.9467,57441500
2025-06-05,86.6800,86.9300,86.2200,86.4500,83.0043,37664700
2025-06-06,85.7900,85.9300,85.2800,85.3500,81.9481,38130100
2025-06-09,85.0400,85.6400,85.0400,85.4400,82.0345,26560800
2025-06-10,86.1000,86.1800,85.5200,85.8800,82.4570,24857000
2025-06-11,85.8100,86.4000,85.7100,86.1400,82.7066,36334800
2025-06-12,86.8900,87.2000,86.6000,87.1700,83.6956,43017800
2025-06-13,86.7300,86.8800,85.7800,86.3300,82.8890,49374000
2025-06-16,86.0800,86.4300,85.4600,85.4600,82.0537,36496600
2025-06-17,86.0000,86.6600,85.7500,86.5000,83.0523,34521600
2025-06-18,86.8800,87.0900,86.3500,86.6500,83.1963,38589000
2025-06-20,86.1400,86.7900,85.9500,86.4900,83.0427,26001900
2025-06-23,86.9300,87.4400,86.7700,86.7700,83.3115,36851800
2025-06-24,86.4700,87.5900,86.4300,87.4000,83.9164,32959100
2025-06-25,87.1100,87.5100,86.8000,87.5100,84.0220,26345300
2025-06-26,87.5900,87.9500,87.2000,87.9500,84.4445,30467500
2025-06-27,87.5700,88.1600,87.2400,87.3900,83.9068,74993500
2025-06-30,87.8600,88.4400,87.6100,88.2500,84.7325,53695200
2025-07-01,88.1300,88.3100,87.6600,88.1400,84.9426,38960600
2025-07-02,87.1900,87.5900,87.1000,87.5800,84.4029,39382200
2025-07-03,87.1700,87.2900,86.8500,86.9700,83.8151,26729100
2025-07-07,86.5400,86.5600,85.9200,86.1400,83.0152,38314700
2025-07-08,85.5700,86.0400,85.4400,86.0300,82.9091,31407000
2025-07-09,86.1900,86.9300,86.1800,86.9300,83.7765,29821900
2025-07-10,86.8300,87.0600,86.4900,86.9900,83.8343,24525500
2025-07-11,86.2300,86.2700,85.6400,85.7900,82.6779,40764800
2025-07-14,85.5400,85.8800,85.3200,85.6100,82.5044,24609500
2025-07-15,85.8900,85.9100,84.9000,85.0100,81.9262,40455000
2025-07-16,85.2800,85.6600,84.1900,85.1300,82.0418,65987700
2025-07-17,85.2200,85.4900,84.9900,85.1100,82.0225,31875500
2025-07-18,85.4300,85.4600,85.1000,85.2400,82.1478,27534900
2025-07-21,86.2200,86.5100,85.9600,86.0000,82.8802,40019500
2025-07-22,86.1700,86.7700,86.1100,86.5200,83.3814,35190300
2025-07-23,86.0500,86.2000,85.7900,86.0400,82.9188,31008500
2025-07-24,85.5500,86.2400,85.5100,85.8900,82.7742,25164800
2025-07-25,85.8000,86.4400,85.7200,86.4300,83.2946,27196200
2025-07-28,85.9900,86.2000,85.8300,85.8700,82.7550,26812500
2025-07-29,86.2300,87.3400,86.2000,87.3200,84.1524,47828300
2025-07-30,86.7700,86.9600,86.5600,86.8700,83.7187,40670900
2025-07-31,87.1300,87.4100,86.8400,86.9200,83.7669,49814100
2025-08-01,87.5600,87.9300,87.5200,87.8200,84.9577,63434500
2025-08-04,87.9600,88.1500,87.6500,88.0600,85.1899,36425200
2025-08-05,87.8500,88.4500,87.7800,88.3300,85.4511,28586100
2025-08-06,87.8400,88.0500,86.9200,87.8200,84.9577,42589300
2025-08-07,87.9200,88.2500,87.5900,87.6700,84.8126,29213100
2025-08-08,87.3600,87.3900,87.1500,87.2900,84.4450,21596300
2025-08-11,87.5400,87.6700,87.2800,87.3900,84.5418,20100900
2025-08-12,86.9000,86.9700,86.5500,86.9500,84.1161,41052300
2025-08-13,87.4400,87.8100,87.4300,87.6700,84.8126,30817500
2025-08-14,87.5100,87.5100,86.8900,87.0200,84.1838,33397400
2025-08-15,86.6600,86.7800,86.2500,86.4000,83.5840,36343600
2025-08-18,86.5000,86.5400,85.9900,86.1500,83.3422,26777500
2025-08-19,86.4500,86.7500,86.4500,86.6500,83.8259,28780600
2025-08-20,86.5900,86.9700,86.5600,86.8400,84.0097,25912500
2025-08-21,86.5600,86.6800,86.1100,86.4100,83.5937,28643900
2025-08-22,86.8300,87.3000,86.7200,87.0500,84.2128,49871900
2025-08-25,86.7300,87.0500,86.6500,86.8000,83.9710,27011900
2025-08-26,86.5100,86.7900,86.2200,86.7500,83.9226,30259300
2025-08-27,86.1100,86.6600,86.0000,86.6500,83.8259,38142800
2025-08-28,86.7800,87.2600,86.6600,87.2200,84.3773,32205900
2025-08-29,86.7600,86.8600,86.4400,86.6000,83.7775,41686400
2025-09-02,85.6300,85.8400,85.4800,85.6300,83.1541,48760600
2025-09-03,85.9300,86.8100,85.8900,86.5700,84.0669,52499500
2025-09-04,87.0200,87.2400,86.5800,87.2300,84.7078,40501600
2025-09-05,88.2200,88.6100,88.1400,88.5600,85.9994,69668000
2025-09-08,89.1700,89.7600,89.1200,89.7400,87.1452,54538700
2025-09-09,89.4000,89.5500,88.9900,89.2300,86.6500,37126400
2025-09-10,89.4000,90.0700,89.1900,89.7400,87.1452,40713600
2025-09-11,89.9100,90.4800,89.9000,90.3400,87.7279,46694400
2025-09-12,89.8300,89.9800,89.4900,89.9500,87.3491,32968600
2025-09-15,90.1500,90.4600,90.0700,90.1600,87.5531,24820100
2025-09-16,90.0900,90.5000,90.0400,90.3500,87.7376,26794200
2025-09-17,90.7100,91.0400,89.8700,90.1200,87.5142,49121800
2025-09-18,89.2600,89.4700,88.9000,89.1900,86.6111,55717900
2025-09-19,89.0700,89.2300,88.7900,89.0200,86.4460,32509200
2025-09-22,88.8200,88.9100,88.5400,88.7000,86.1353,24758200
2025-09-23,88.9700,89.3600,88.7500,89.3200,86.7374,26689000
2025-09-24,89.0800,89.1600,88.7000,88.9800,86.4072,28098000
2025-09-25,88.8500,89.0300,88.4600,88.9800,86.4072,29882500
2025-09-26,88.9900,89.4700,88.6900,88.9000,86.3295,30955100
2025-09-29,89.2900,89.7400,89.2600,89.6300,87.0384,32286200
2025-09-30,89.6600,90.0400,89.2100,89.3700,86.7859,38584000
2025-10-01,89.4500,89.6400,89.0900,89.2900,87.0101,39408900
2025-10-02,89.3100,89.6900,89.1900,89.5500,87.2634,23208300
2025-10-03,89.6300,89.7200,89.2700,89.3800,87.0977,25884500
2025-10-06,88.7100,89.1600,88.6500,88.6700,86.4059,28371000
2025-10-07,88.9700,89.3800,88.8100,89.1800,86.9029,29103300
2025-10-08,89.6000,89.6200,89.1300,89.2500,86.9711,22506200
2025-10-09,89.1700,89.2900,89.0100,89.1800,86.9029,21578700
2025-10-10,89.9800,90.7200,89.9000,90.6200,88.3061,59389400
2025-10-13,90.2800,90.5800,89.8600,90.5700,88.2574,28035500
2025-10-14,90.6500,90.9200,90.4300,90.8600,88.5400,29800000
2025-10-15,90.9600,91.3000,90.4700,90.6600,88.3451,31333900
2025-10-16,90.5200,91.5000,90.4500,91.3400,89.0077,39631200
2025-10-17,91.2500,91.2900,90.9000,91.2000,88.8713,40240400
2025-10-20,91.4600,91.5600,91.2800,91.5500,89.2124,28429300
2025-10-21,91.9900,92.1900,91.9100,92.0000,89.6509,24514300
2025-10-22,91.9900,92.1800,91.8200,92.0600,89.7093,30496200
2025-10-23,91.6100,91.7900,91.2900,91.4300,89.0954,28275100
2025-10-24,91.5900,91.6000,91.1600,91.4700,89.1344,28266000
2025-10-27,91.3200,91.7900,91.0900,91.7800,89.4365,30033600
2025-10-28,91.8500,92.1800,91.8100,92.0200,89.6703,23564500
2025-10-29,91.8800,91.8900,91.0200,91.0900,88.7641,39551600
2025-10-30,90.3900,90.9700,90.3500,90.5600,88.2476,42649200
2025-10-31,90.5600,90.6600,90.2000,90.2900,87.9845,38247300
2025-11-03,89.6200,89.8200,89.4200,89.7400,87.7645,40752300
2025-11-04,89.7800,90.0600,89.7400,89.9400,87.9601,26383800
2025-11-05,89.5100,89.5500,88.8800,88.9600,87.0016,44643400
2025-11-06,89.5600,89.8500,89.5300,89.7600,87.7840,33027400
2025-11-07,89.3600,89.8700,89.3600,89.5700,87.5982,28530100
2025-11-10,89.4900,89.6700,89.3900,89.5500,87.5787,24093500
2025-11-11,89.9500,90.0700,89.7800,89.9600,87.9796,18942300
2025-11-12,89.9500,90.3200,89.8800,90.1200,88.1361,23594900
2025-11-13,89.8000,89.9400,89.3800,89.3800,87.4124,33825900
2025-11-14,89.7900,89.8400,88.8700,88.8700,86.9136,38550500
2025-11-17,89.0800,89.3000,88.9800,89.0900,87.1288,25605800
2025-11-18,89.3500,89.4500,88.8000,89.0600,87.0995,31967400
2025-11-19,89.2300,89.3100,88.8500,88.8800,86.9234,25782400
2025-11-20,88.9900,89.4200,88.9900,89.2300,87.2657,32945000
2025-11-21,89.6500,89.6700,89.2000,89.5000,87.5298,41938600
2025-11-24,89.9500,90.0700,89.7800,90.0100,88.0285,30865700
2025-11-25,90.3100,90.5900,90.1300,90.2400,88.2535,36503300
2025-11-26,90.1500,90.6400,89.8300,90.6400,88.6447,34099000
2025-11-28,90.4600,90.5300,89.9500,90.2100,88.2241,40704300
2025-12-01,88.8500,88.9900,88.7100,88.7700,87.1258,47086600
2025-12-02,88.5800,88.9600,88.4600,88.8100,87.1651,27605700
2025-12-03,88.9200,89.1600,88.7400,89.0600,87.4105,23278600
2025-12-04,88.9100,88.9300,88.4800,88.5800,86.9394,25541500
2025-12-05,88.5500,88.5500,88.0500,88.1700,86.5370,32808100
2025-12-08,88.1900,88.2000,87.5600,87.8800,86.2523,32255200
2025-12-09,88.3400,88.3500,87.8400,87.9700,86.3407,25771800
2025-12-10,88.0000,88.5200,87.8600,88.3100,86.6744,46833500
2025-12-11,88.6900,88.8300,88.1600,88.1900,86.5566,26778700
2025-12-12,87.3800,87.5000,87.1900,87.3400,85.7223,47030100
2025-12-15,87.7200,87.8800,87.3900,87.4000,85.7812,28611800
2025-12-16,87.1900,87.9200,87.1700,87.8800,86.2523,41018700
2025-12-17,87.6300,87.9900,87.5800,87.8000,86.1738,24668300
2025-12-18,88.1300,88.3800,88.0700,88.2200,86.5860,39048900
2025-12-19,87.6100,87.7600,87.4100,87.5500,86.2629,37858100
2025-12-22,87.4200,87.4600,87.2500,87.3600,86.0757,25547100
2025-12-23,87.0700,87.5800,87.0300,87.5000,86.2136,33624100
2025-12-24,87.7600,88.0800,87.6500,88.0300,86.7358,25942000
2025-12-26,88.1000,88.1700,87.6000,87.7400,86.4501,26522700
2025-12-29,87.9500,88.0700,87.7900,88.0700,86.7752,29399800
2025-12-30,87.7400,88.0400,87.6700,87.8600,86.5683,25106800
2025-12-31,87.6800,87.9100,87.1300,87.1600,85.8786,36500000
